CountryName,CountryCode,IndicatorName,IndicatorCode,Year,Value,Region,IncomeGroup
Angola,AGO,"Fixed broadband subscriptions (per 100 people)",IT.NET.BBND.P2,2006,0.0372615341,"Sub-Saharan Africa","Lower middle income"
Angola,AGO,"Fixed broadband subscriptions (per 100 people)",IT.NET.BBND.P2,2007,0.0563080379,"Sub-Saharan Africa","Lower middle income"
Angola,AGO,"Fixed broadband subscriptions (per 100 people)",IT.NET.BBND.P2,2008,0.0738785619,"Sub-Saharan Africa","Lower middle income"
Angola,AGO,"Fixed broadband subscriptions (per 100 people)",IT.NET.BBND.P2,2009,0.0669201513,"Sub-Saharan Africa","Lower middle income"
Angola,AGO,"Fixed broadband subscriptions (per 100 people)",IT.NET.BBND.P2,2010,0.0643919841,"Sub-Saharan Africa","Lower middle income"
Angola,AGO,"Fixed broadband subscriptions (per 100 people)",IT.NET.BBND.P2,2011,0.0653099765,"Sub-Saharan Africa","Lower middle income"
Angola,AGO,"Fixed broadband subscriptions (per 100 people)",IT.NET.BBND.P2,2012,0.0814699091,"Sub-Saharan Africa","Lower middle income"
Angola,AGO,"Fixed broadband subscriptions (per 100 people)",IT.NET.BBND.P2,2013,0.0851575464,"Sub-Saharan Africa","Lower middle income"
Angola,AGO,"Fixed broadband subscriptions (per 100 people)",IT.NET.BBND.P2,2014,0.3230762723,"Sub-Saharan Africa","Lower middle income"
Angola,AGO,"Fixed broadband subscriptions (per 100 people)",IT.NET.BBND.P2,2015,0.5453942102,"Sub-Saharan Africa","Lower middle income"
Angola,AGO,"Fixed broadband subscriptions (per 100 people)",IT.NET.BBND.P2,2016,0.2903190103,"Sub-Saharan Africa","Lower middle income"
Angola,AGO,"Fixed broadband subscriptions (per 100 people)",IT.NET.BBND.P2,2017,0.3205540469,"Sub-Saharan Africa","Lower middle income"
Angola,AGO,"Fixed broadband subscriptions (per 100 people)",IT.NET.BBND.P2,2018,0.3500669630,"Sub-Saharan Africa","Lower middle income"
Angola,AGO,"Fixed broadband subscriptions (per 100 people)",IT.NET.BBND.P2,2019,0.3677704268,"Sub-Saharan Africa","Lower middle income"
Angola,AGO,"Fixed broadband subscriptions (per 100 people)",IT.NET.BBND.P2,2020,0.3632642387,"Sub-Saharan Africa","Lower middle income"
Angola,AGO,"Fixed broadband subscriptions (per 100 people)",IT.NET.BBND.P2,2021,0.3909252952,"Sub-Saharan Africa","Lower middle income"
Angola,AGO,"Fixed broadband subscriptions (per 100 people)",IT.NET.BBND.P2,2022,0.3866981559,"Sub-Saharan Africa","Lower middle income"
Angola,AGO,"Fixed broadband subscriptions (per 100 people)",IT.NET.BBND.P2,2023,0.3736689830,"Sub-Saharan Africa","Lower middle income"
Angola,AGO,"Fixed broadband subscriptions (per 100 people)",IT.NET.BBND.P2,2024,0.3628452407,"Sub-Saharan Africa","Lower middle income"
Angola,AGO,"Individuals using the Internet (% of population)",IT.NET.USER.ZS,2000,0.1050455625,"Sub-Saharan Africa","Lower middle income"
Angola,AGO,"Individuals using the Internet (% of population)",IT.NET.USER.ZS,2001,0.1360138674,"Sub-Saharan Africa","Lower middle income"
Angola,AGO,"Individuals using the Internet (% of population)",IT.NET.USER.ZS,2002,0.2703767456,"Sub-Saharan Africa","Lower middle income"
Angola,AGO,"Individuals using the Internet (% of population)",IT.NET.USER.ZS,2003,0.3706820652,"Sub-Saharan Africa","Lower middle income"
Angola,AGO,"Individuals using the Internet (% of population)",IT.NET.USER.ZS,2004,0.4648146180,"Sub-Saharan Africa","Lower middle income"
Angola,AGO,"Individuals using the Internet (% of population)",IT.NET.USER.ZS,2005,1.1433999540,"Sub-Saharan Africa","Lower middle income"
Angola,AGO,"Individuals using the Internet (% of population)",IT.NET.USER.ZS,2006,1.5000000000,"Sub-Saharan Africa","Lower middle income"
Angola,AGO,"Individuals using the Internet (% of population)",IT.NET.USER.ZS,2007,1.7000000480,"Sub-Saharan Africa","Lower middle income"
Angola,AGO,"Individuals using the Internet (% of population)",IT.NET.USER.ZS,2008,1.8999999760,"Sub-Saharan Africa","Lower middle income"
Angola,AGO,"Individuals using the Internet (% of population)",IT.NET.USER.ZS,2009,2.2999999520,"Sub-Saharan Africa","Lower middle income"
Angola,AGO,"Individuals using the Internet (% of population)",IT.NET.USER.ZS,2010,2.7999999520,"Sub-Saharan Africa","Lower middle income"
Angola,AGO,"Individuals using the Internet (% of population)",IT.NET.USER.ZS,2011,4.6999998090,"Sub-Saharan Africa","Lower middle income"
Angola,AGO,"Individuals using the Internet (% of population)",IT.NET.USER.ZS,2012,7.6999998090,"Sub-Saharan Africa","Lower middle income"
Angola,AGO,"Individuals using the Internet (% of population)",IT.NET.USER.ZS,2013,13.0000000000,"Sub-Saharan Africa","Lower middle income"
Angola,AGO,"Individuals using the Internet (% of population)",IT.NET.USER.ZS,2014,21.3623407584,"Sub-Saharan Africa","Lower middle income"
Angola,AGO,"Individuals using the Internet (% of population)",IT.NET.USER.ZS,2015,22.0000000000,"Sub-Saharan Africa","Lower middle income"
Angola,AGO,"Individuals using the Internet (% of population)",IT.NET.USER.ZS,2016,23.2000007600,"Sub-Saharan Africa","Lower middle income"
Angola,AGO,"Individuals using the Internet (% of population)",IT.NET.USER.ZS,2017,26.0000000000,"Sub-Saharan Africa","Lower middle income"
Angola,AGO,"Individuals using the Internet (% of population)",IT.NET.USER.ZS,2018,29.0000000000,"Sub-Saharan Africa","Lower middle income"
Angola,AGO,"Individuals using the Internet (% of population)",IT.NET.USER.ZS,2019,32.1293983500,"Sub-Saharan Africa","Lower middle income"
Angola,AGO,"Individuals using the Internet (% of population)",IT.NET.USER.ZS,2020,33.3208999600,"Sub-Saharan Africa","Lower middle income"
Angola,AGO,"Individuals using the Internet (% of population)",IT.NET.USER.ZS,2021,34.5564994800,"Sub-Saharan Africa","Lower middle income"
Angola,AGO,"Individuals using the Internet (% of population)",IT.NET.USER.ZS,2022,35.8380012500,"Sub-Saharan Africa","Lower middle income"
Angola,AGO,"Individuals using the Internet (% of population)",IT.NET.USER.ZS,2023,37.8858985900,"Sub-Saharan Africa","Lower middle income"
Angola,AGO,"Individuals using the Internet (% of population)",IT.NET.USER.ZS,2024,40.7047996500,"Sub-Saharan Africa","Lower middle income"
Angola,AGO,"Mobile cellular subscriptions (per 100 people)",IT.CEL.SETS.P2,2000,0.1593467659,"Sub-Saharan Africa","Lower middle income"
Angola,AGO,"Mobile cellular subscriptions (per 100 people)",IT.CEL.SETS.P2,2001,0.4478358422,"Sub-Saharan Africa","Lower middle income"
Angola,AGO,"Mobile cellular subscriptions (per 100 people)",IT.CEL.SETS.P2,2002,0.8079549397,"Sub-Saharan Africa","Lower middle income"
Angola,AGO,"Mobile cellular subscriptions (per 100 people)",IT.CEL.SETS.P2,2003,1.9505440123,"Sub-Saharan Africa","Lower middle income"
Angola,AGO,"Mobile cellular subscriptions (per 100 people)",IT.CEL.SETS.P2,2004,3.9784041470,"Sub-Saharan Africa","Lower middle income"
Angola,AGO,"Mobile cellular subscriptions (per 100 people)",IT.CEL.SETS.P2,2005,8.3515865116,"Sub-Saharan Africa","Lower middle income"
Angola,AGO,"Mobile cellular subscriptions (per 100 people)",IT.CEL.SETS.P2,2006,15.2614410221,"Sub-Saharan Africa","Lower middle income"
Angola,AGO,"Mobile cellular subscriptions (per 100 people)",IT.CEL.SETS.P2,2007,23.8781501760,"Sub-Saharan Africa","Lower middle income"
Angola,AGO,"Mobile cellular subscriptions (per 100 people)",IT.CEL.SETS.P2,2008,31.3891482115,"Sub-Saharan Africa","Lower middle income"
Angola,AGO,"Mobile cellular subscriptions (per 100 people)",IT.CEL.SETS.P2,2009,36.1789120059,"Sub-Saharan Africa","Lower middle income"
Angola,AGO,"Mobile cellular subscriptions (per 100 people)",IT.CEL.SETS.P2,2010,40.3667552772,"Sub-Saharan Africa","Lower middle income"
Angola,AGO,"Mobile cellular subscriptions (per 100 people)",IT.CEL.SETS.P2,2011,49.8515258181,"Sub-Saharan Africa","Lower middle income"
Angola,AGO,"Mobile cellular subscriptions (per 100 people)",IT.CEL.SETS.P2,2012,50.7801125089,"Sub-Saharan Africa","Lower middle income"
Angola,AGO,"Mobile cellular subscriptions (per 100 people)",IT.CEL.SETS.P2,2013,50.7734882644,"Sub-Saharan Africa","Lower middle income"
Angola,AGO,"Mobile cellular subscriptions (per 100 people)",IT.CEL.SETS.P2,2014,51.7384393645,"Sub-Saharan Africa","Lower middle income"
Angola,AGO,"Mobile cellular subscriptions (per 100 people)",IT.CEL.SETS.P2,2015,49.3097223014,"Sub-Saharan Africa","Lower middle income"
Angola,AGO,"Mobile cellular subscriptions (per 100 people)",IT.CEL.SETS.P2,2016,44.5502272379,"Sub-Saharan Africa","Lower middle income"
Angola,AGO,"Mobile cellular subscriptions (per 100 people)",IT.CEL.SETS.P2,2017,44.0682088633,"Sub-Saharan Africa","Lower middle income"
Angola,AGO,"Mobile cellular subscriptions (per 100 people)",IT.CEL.SETS.P2,2018,42.4588784508,"Sub-Saharan Africa","Lower middle income"
Angola,AGO,"Mobile cellular subscriptions (per 100 people)",IT.CEL.SETS.P2,2019,45.8065312825,"Sub-Saharan Africa","Lower middle income"
Angola,AGO,"Mobile cellular subscriptions (per 100 people)",IT.CEL.SETS.P2,2020,43.7804317056,"Sub-Saharan Africa","Lower middle income"
Angola,AGO,"Mobile cellular subscriptions (per 100 people)",IT.CEL.SETS.P2,2021,44.3868689341,"Sub-Saharan Africa","Lower middle income"
Angola,AGO,"Mobile cellular subscriptions (per 100 people)",IT.CEL.SETS.P2,2022,66.6008073124,"Sub-Saharan Africa","Lower middle income"
Angola,AGO,"Mobile cellular subscriptions (per 100 people)",IT.CEL.SETS.P2,2023,70.0519587724,"Sub-Saharan Africa","Lower middle income"
Angola,AGO,"Mobile cellular subscriptions (per 100 people)",IT.CEL.SETS.P2,2024,69.7039467164,"Sub-Saharan Africa","Lower middle income"
Angola,AGO,"Secure Internet servers (per 1 million people)",IT.NET.SECR.P6,2010,1.2878396811,"Sub-Saharan Africa","Lower middle income"
Angola,AGO,"Secure Internet servers (per 1 million people)",IT.NET.SECR.P6,2011,1.8580950512,"Sub-Saharan Africa","Lower middle income"
Angola,AGO,"Secure Internet servers (per 1 million people)",IT.NET.SECR.P6,2012,3.1774535522,"Sub-Saharan Africa","Lower middle income"
Angola,AGO,"Secure Internet servers (per 1 million people)",IT.NET.SECR.P6,2013,4.5479526187,"Sub-Saharan Africa","Lower middle income"
Angola,AGO,"Secure Internet servers (per 1 million people)",IT.NET.SECR.P6,2014,5.8908494086,"Sub-Saharan Africa","Lower middle income"
Angola,AGO,"Secure Internet servers (per 1 million people)",IT.NET.SECR.P6,2015,8.0617099391,"Sub-Saharan Africa","Lower middle income"
Angola,AGO,"Secure Internet servers (per 1 million people)",IT.NET.SECR.P6,2016,8.2239462812,"Sub-Saharan Africa","Lower middle income"
Angola,AGO,"Secure Internet servers (per 1 million people)",IT.NET.SECR.P6,2017,10.6499657564,"Sub-Saharan Africa","Lower middle income"
Angola,AGO,"Secure Internet servers (per 1 million people)",IT.NET.SECR.P6,2018,11.0233661814,"Sub-Saharan Africa","Lower middle income"
Angola,AGO,"Secure Internet servers (per 1 million people)",IT.NET.SECR.P6,2019,14.4862036979,"Sub-Saharan Africa","Lower middle income"
Angola,AGO,"Secure Internet servers (per 1 million people)",IT.NET.SECR.P6,2020,19.7302740009,"Sub-Saharan Africa","Lower middle income"
Angola,AGO,"Secure Internet servers (per 1 million people)",IT.NET.SECR.P6,2021,26.1782917153,"Sub-Saharan Africa","Lower middle income"
Angola,AGO,"Secure Internet servers (per 1 million people)",IT.NET.SECR.P6,2022,36.5370826554,"Sub-Saharan Africa","Lower middle income"
Angola,AGO,"Secure Internet servers (per 1 million people)",IT.NET.SECR.P6,2023,40.2177899448,"Sub-Saharan Africa","Lower middle income"
Angola,AGO,"Secure Internet servers (per 1 million people)",IT.NET.SECR.P6,2024,48.5141563015,"Sub-Saharan Africa","Lower middle income"
Benin,BEN,"Fixed broadband subscriptions (per 100 people)",IT.NET.BBND.P2,2002,0.0002736004,"Sub-Saharan Africa","Lower middle income"
Benin,BEN,"Fixed broadband subscriptions (per 100 people)",IT.NET.BBND.P2,2003,0.0002653837,"Sub-Saharan Africa","Lower middle income"
Benin,BEN,"Fixed broadband subscriptions (per 100 people)",IT.NET.BBND.P2,2004,0.0009927573,"Sub-Saharan Africa","Lower middle income"
Benin,BEN,"Fixed broadband subscriptions (per 100 people)",IT.NET.BBND.P2,2005,0.0023260936,"Sub-Saharan Africa","Lower middle income"
Benin,BEN,"Fixed broadband subscriptions (per 100 people)",IT.NET.BBND.P2,2006,0.0172317761,"Sub-Saharan Africa","Lower middle income"
Benin,BEN,"Fixed broadband subscriptions (per 100 people)",IT.NET.BBND.P2,2007,0.0079294445,"Sub-Saharan Africa","Lower middle income"
Benin,BEN,"Fixed broadband subscriptions (per 100 people)",IT.NET.BBND.P2,2008,0.0912827766,"Sub-Saharan Africa","Lower middle income"
Benin,BEN,"Fixed broadband subscriptions (per 100 people)",IT.NET.BBND.P2,2009,0.2004432866,"Sub-Saharan Africa","Lower middle income"
Benin,BEN,"Fixed broadband subscriptions (per 100 people)",IT.NET.BBND.P2,2010,0.2759279831,"Sub-Saharan Africa","Lower middle income"
Benin,BEN,"Fixed broadband subscriptions (per 100 people)",IT.NET.BBND.P2,2011,0.3718684560,"Sub-Saharan Africa","Lower middle income"
Benin,BEN,"Fixed broadband subscriptions (per 100 people)",IT.NET.BBND.P2,2012,0.4016385615,"Sub-Saharan Africa","Lower middle income"
Benin,BEN,"Fixed broadband subscriptions (per 100 people)",IT.NET.BBND.P2,2013,0.3966538280,"Sub-Saharan Africa","Lower middle income"
Benin,BEN,"Fixed broadband subscriptions (per 100 people)",IT.NET.BBND.P2,2014,0.4117768226,"Sub-Saharan Africa","Lower middle income"
Benin,BEN,"Fixed broadband subscriptions (per 100 people)",IT.NET.BBND.P2,2015,0.6448821158,"Sub-Saharan Africa","Lower middle income"
Benin,BEN,"Fixed broadband subscriptions (per 100 people)",IT.NET.BBND.P2,2016,0.1906163547,"Sub-Saharan Africa","Lower middle income"
Benin,BEN,"Fixed broadband subscriptions (per 100 people)",IT.NET.BBND.P2,2017,0.2376704558,"Sub-Saharan Africa","Lower middle income"
Benin,BEN,"Fixed broadband subscriptions (per 100 people)",IT.NET.BBND.P2,2018,0.2183093149,"Sub-Saharan Africa","Lower middle income"
Benin,BEN,"Fixed broadband subscriptions (per 100 people)",IT.NET.BBND.P2,2019,0.1998545584,"Sub-Saharan Africa","Lower middle income"
Benin,BEN,"Fixed broadband subscriptions (per 100 people)",IT.NET.BBND.P2,2020,0.2293849452,"Sub-Saharan Africa","Lower middle income"
Benin,BEN,"Fixed broadband subscriptions (per 100 people)",IT.NET.BBND.P2,2021,0.1541665334,"Sub-Saharan Africa","Lower middle income"
Benin,BEN,"Fixed broadband subscriptions (per 100 people)",IT.NET.BBND.P2,2022,0.1530724116,"Sub-Saharan Africa","Lower middle income"
Benin,BEN,"Fixed broadband subscriptions (per 100 people)",IT.NET.BBND.P2,2023,0.1708804613,"Sub-Saharan Africa","Lower middle income"
Benin,BEN,"Fixed broadband subscriptions (per 100 people)",IT.NET.BBND.P2,2024,0.2773820478,"Sub-Saharan Africa","Lower middle income"
Benin,BEN,"Individuals using the Internet (% of population)",IT.NET.USER.ZS,2000,0.2252478515,"Sub-Saharan Africa","Lower middle income"
Benin,BEN,"Individuals using the Internet (% of population)",IT.NET.USER.ZS,2001,0.3634178900,"Sub-Saharan Africa","Lower middle income"
Benin,BEN,"Individuals using the Internet (% of population)",IT.NET.USER.ZS,2002,0.7029455951,"Sub-Saharan Africa","Lower middle income"
Benin,BEN,"Individuals using the Internet (% of population)",IT.NET.USER.ZS,2003,0.9513271149,"Sub-Saharan Africa","Lower middle income"
Benin,BEN,"Individuals using the Internet (% of population)",IT.NET.USER.ZS,2004,1.1825409652,"Sub-Saharan Africa","Lower middle income"
Benin,BEN,"Individuals using the Internet (% of population)",IT.NET.USER.ZS,2005,1.2710000280,"Sub-Saharan Africa","Lower middle income"
Benin,BEN,"Individuals using the Internet (% of population)",IT.NET.USER.ZS,2006,1.5378999710,"Sub-Saharan Africa","Lower middle income"
Benin,BEN,"Individuals using the Internet (% of population)",IT.NET.USER.ZS,2007,1.7900000000,"Sub-Saharan Africa","Lower middle income"
Benin,BEN,"Individuals using the Internet (% of population)",IT.NET.USER.ZS,2008,1.8500000000,"Sub-Saharan Africa","Lower middle income"
Benin,BEN,"Individuals using the Internet (% of population)",IT.NET.USER.ZS,2009,2.2400000000,"Sub-Saharan Africa","Lower middle income"
Benin,BEN,"Individuals using the Internet (% of population)",IT.NET.USER.ZS,2010,3.1300000000,"Sub-Saharan Africa","Lower middle income"
Benin,BEN,"Individuals using the Internet (% of population)",IT.NET.USER.ZS,2011,4.1483230656,"Sub-Saharan Africa","Lower middle income"
Benin,BEN,"Individuals using the Internet (% of population)",IT.NET.USER.ZS,2012,4.5000000000,"Sub-Saharan Africa","Lower middle income"
Benin,BEN,"Individuals using the Internet (% of population)",IT.NET.USER.ZS,2013,4.9000000950,"Sub-Saharan Africa","Lower middle income"
Benin,BEN,"Individuals using the Internet (% of population)",IT.NET.USER.ZS,2014,6.0000000000,"Sub-Saharan Africa","Lower middle income"
Benin,BEN,"Individuals using the Internet (% of population)",IT.NET.USER.ZS,2015,11.2550001100,"Sub-Saharan Africa","Lower middle income"
Benin,BEN,"Individuals using the Internet (% of population)",IT.NET.USER.ZS,2016,14.5000000000,"Sub-Saharan Africa","Lower middle income"
Benin,BEN,"Individuals using the Internet (% of population)",IT.NET.USER.ZS,2017,18.7000000000,"Sub-Saharan Africa","Lower middle income"
Benin,BEN,"Individuals using the Internet (% of population)",IT.NET.USER.ZS,2018,19.0000000000,"Sub-Saharan Africa","Lower middle income"
Benin,BEN,"Individuals using the Internet (% of population)",IT.NET.USER.ZS,2019,20.5009994500,"Sub-Saharan Africa","Lower middle income"
Benin,BEN,"Individuals using the Internet (% of population)",IT.NET.USER.ZS,2020,22.1205997500,"Sub-Saharan Africa","Lower middle income"
Benin,BEN,"Individuals using the Internet (% of population)",IT.NET.USER.ZS,2021,28.2047004700,"Sub-Saharan Africa","Lower middle income"
Benin,BEN,"Individuals using the Internet (% of population)",IT.NET.USER.ZS,2022,30.5373001100,"Sub-Saharan Africa","Lower middle income"
Benin,BEN,"Individuals using the Internet (% of population)",IT.NET.USER.ZS,2023,32.3940010100,"Sub-Saharan Africa","Lower middle income"
Benin,BEN,"Individuals using the Internet (% of population)",IT.NET.USER.ZS,2024,33.9837989800,"Sub-Saharan Africa","Lower middle income"
Benin,BEN,"Mobile cellular subscriptions (per 100 people)",IT.CEL.SETS.P2,2000,0.7681933926,"Sub-Saharan Africa","Lower middle income"
Benin,BEN,"Mobile cellular subscriptions (per 100 people)",IT.CEL.SETS.P2,2001,1.6788447829,"Sub-Saharan Africa","Lower middle income"
Benin,BEN,"Mobile cellular subscriptions (per 100 people)",IT.CEL.SETS.P2,2002,2.8502652491,"Sub-Saharan Africa","Lower middle income"
Benin,BEN,"Mobile cellular subscriptions (per 100 people)",IT.CEL.SETS.P2,2003,2.9846191175,"Sub-Saharan Africa","Lower middle income"
Benin,BEN,"Mobile cellular subscriptions (per 100 people)",IT.CEL.SETS.P2,2004,5.6295711264,"Sub-Saharan Africa","Lower middle income"
Benin,BEN,"Mobile cellular subscriptions (per 100 people)",IT.CEL.SETS.P2,2005,7.0763922383,"Sub-Saharan Africa","Lower middle income"
Benin,BEN,"Mobile cellular subscriptions (per 100 people)",IT.CEL.SETS.P2,2006,12.1442265153,"Sub-Saharan Africa","Lower middle income"
Benin,BEN,"Mobile cellular subscriptions (per 100 people)",IT.CEL.SETS.P2,2007,22.9147096667,"Sub-Saharan Africa","Lower middle income"
Benin,BEN,"Mobile cellular subscriptions (per 100 people)",IT.CEL.SETS.P2,2008,39.2846004959,"Sub-Saharan Africa","Lower middle income"
Benin,BEN,"Mobile cellular subscriptions (per 100 people)",IT.CEL.SETS.P2,2009,52.9301199452,"Sub-Saharan Africa","Lower middle income"
Benin,BEN,"Mobile cellular subscriptions (per 100 people)",IT.CEL.SETS.P2,2010,72.2115392074,"Sub-Saharan Africa","Lower middle income"
Benin,BEN,"Mobile cellular subscriptions (per 100 people)",IT.CEL.SETS.P2,2011,76.9318013958,"Sub-Saharan Africa","Lower middle income"
Benin,BEN,"Mobile cellular subscriptions (per 100 people)",IT.CEL.SETS.P2,2012,80.8628905531,"Sub-Saharan Africa","Lower middle income"
Benin,BEN,"Mobile cellular subscriptions (per 100 people)",IT.CEL.SETS.P2,2013,89.9019164925,"Sub-Saharan Africa","Lower middle income"
Benin,BEN,"Mobile cellular subscriptions (per 100 people)",IT.CEL.SETS.P2,2014,78.5170340827,"Sub-Saharan Africa","Lower middle income"
Benin,BEN,"Mobile cellular subscriptions (per 100 people)",IT.CEL.SETS.P2,2015,82.0193349325,"Sub-Saharan Africa","Lower middle income"
Benin,BEN,"Mobile cellular subscriptions (per 100 people)",IT.CEL.SETS.P2,2016,76.0182091705,"Sub-Saharan Africa","Lower middle income"
Benin,BEN,"Mobile cellular subscriptions (per 100 people)",IT.CEL.SETS.P2,2017,72.8671454130,"Sub-Saharan Africa","Lower middle income"
Benin,BEN,"Mobile cellular subscriptions (per 100 people)",IT.CEL.SETS.P2,2018,76.4080341123,"Sub-Saharan Africa","Lower middle income"
Benin,BEN,"Mobile cellular subscriptions (per 100 people)",IT.CEL.SETS.P2,2019,81.3235345538,"Sub-Saharan Africa","Lower middle income"
Benin,BEN,"Mobile cellular subscriptions (per 100 people)",IT.CEL.SETS.P2,2020,85.2390738023,"Sub-Saharan Africa","Lower middle income"
Benin,BEN,"Mobile cellular subscriptions (per 100 people)",IT.CEL.SETS.P2,2021,94.9182598289,"Sub-Saharan Africa","Lower middle income"
Benin,BEN,"Mobile cellular subscriptions (per 100 people)",IT.CEL.SETS.P2,2022,105.7450193870,"Sub-Saharan Africa","Lower middle income"
Benin,BEN,"Mobile cellular subscriptions (per 100 people)",IT.CEL.SETS.P2,2023,116.0360466852,"Sub-Saharan Africa","Lower middle income"
Benin,BEN,"Mobile cellular subscriptions (per 100 people)",IT.CEL.SETS.P2,2024,125.9408739322,"Sub-Saharan Africa","Lower middle income"
Benin,BEN,"Secure Internet servers (per 1 million people)",IT.NET.SECR.P6,2010,0.1020670205,"Sub-Saharan Africa","Lower middle income"
Benin,BEN,"Secure Internet servers (per 1 million people)",IT.NET.SECR.P6,2011,0.2972173619,"Sub-Saharan Africa","Lower middle income"
Benin,BEN,"Secure Internet servers (per 1 million people)",IT.NET.SECR.P6,2012,0.8655796205,"Sub-Saharan Africa","Lower middle income"
Benin,BEN,"Secure Internet servers (per 1 million people)",IT.NET.SECR.P6,2013,0.9338084800,"Sub-Saharan Africa","Lower middle income"
Benin,BEN,"Secure Internet servers (per 1 million people)",IT.NET.SECR.P6,2014,0.9972797834,"Sub-Saharan Africa","Lower middle income"
Benin,BEN,"Secure Internet servers (per 1 million people)",IT.NET.SECR.P6,2015,2.1125494150,"Sub-Saharan Africa","Lower middle income"
Benin,BEN,"Secure Internet servers (per 1 million people)",IT.NET.SECR.P6,2016,2.3081180272,"Sub-Saharan Africa","Lower middle income"
Benin,BEN,"Secure Internet servers (per 1 million people)",IT.NET.SECR.P6,2017,3.9037258156,"Sub-Saharan Africa","Lower middle income"
Benin,BEN,"Secure Internet servers (per 1 million people)",IT.NET.SECR.P6,2018,6.7833034155,"Sub-Saharan Africa","Lower middle income"
Benin,BEN,"Secure Internet servers (per 1 million people)",IT.NET.SECR.P6,2019,9.1932311104,"Sub-Saharan Africa","Lower middle income"
Benin,BEN,"Secure Internet servers (per 1 million people)",IT.NET.SECR.P6,2020,17.2912836858,"Sub-Saharan Africa","Lower middle income"
Benin,BEN,"Secure Internet servers (per 1 million people)",IT.NET.SECR.P6,2021,21.7692479105,"Sub-Saharan Africa","Lower middle income"
Benin,BEN,"Secure Internet servers (per 1 million people)",IT.NET.SECR.P6,2022,8.2125071251,"Sub-Saharan Africa","Lower middle income"
Benin,BEN,"Secure Internet servers (per 1 million people)",IT.NET.SECR.P6,2023,12.4016425728,"Sub-Saharan Africa","Lower middle income"
Benin,BEN,"Secure Internet servers (per 1 million people)",IT.NET.SECR.P6,2024,20.3972640285,"Sub-Saharan Africa","Lower middle income"
Botswana,BWA,"Fixed broadband subscriptions (per 100 people)",IT.NET.BBND.P2,2005,0.0869623350,"Sub-Saharan Africa","Upper middle income"
Botswana,BWA,"Fixed broadband subscriptions (per 100 people)",IT.NET.BBND.P2,2006,0.0960247872,"Sub-Saharan Africa","Upper middle income"
Botswana,BWA,"Fixed broadband subscriptions (per 100 people)",IT.NET.BBND.P2,2007,0.1852238462,"Sub-Saharan Africa","Upper middle income"
Botswana,BWA,"Fixed broadband subscriptions (per 100 people)",IT.NET.BBND.P2,2008,0.4564172782,"Sub-Saharan Africa","Upper middle income"
Botswana,BWA,"Fixed broadband subscriptions (per 100 people)",IT.NET.BBND.P2,2009,0.5023426751,"Sub-Saharan Africa","Upper middle income"
Botswana,BWA,"Fixed broadband subscriptions (per 100 people)",IT.NET.BBND.P2,2010,0.5891463870,"Sub-Saharan Africa","Upper middle income"
Botswana,BWA,"Fixed broadband subscriptions (per 100 people)",IT.NET.BBND.P2,2011,0.9223379398,"Sub-Saharan Africa","Upper middle income"
Botswana,BWA,"Fixed broadband subscriptions (per 100 people)",IT.NET.BBND.P2,2012,1.0545300545,"Sub-Saharan Africa","Upper middle income"
Botswana,BWA,"Fixed broadband subscriptions (per 100 people)",IT.NET.BBND.P2,2013,1.0085570860,"Sub-Saharan Africa","Upper middle income"
Botswana,BWA,"Fixed broadband subscriptions (per 100 people)",IT.NET.BBND.P2,2014,1.5326577178,"Sub-Saharan Africa","Upper middle income"
Botswana,BWA,"Fixed broadband subscriptions (per 100 people)",IT.NET.BBND.P2,2015,1.6722848235,"Sub-Saharan Africa","Upper middle income"
Botswana,BWA,"Fixed broadband subscriptions (per 100 people)",IT.NET.BBND.P2,2016,2.6426362195,"Sub-Saharan Africa","Upper middle income"
Botswana,BWA,"Fixed broadband subscriptions (per 100 people)",IT.NET.BBND.P2,2017,1.4308610533,"Sub-Saharan Africa","Upper middle income"
Botswana,BWA,"Fixed broadband subscriptions (per 100 people)",IT.NET.BBND.P2,2018,1.7416939631,"Sub-Saharan Africa","Upper middle income"
Botswana,BWA,"Fixed broadband subscriptions (per 100 people)",IT.NET.BBND.P2,2019,2.1030126286,"Sub-Saharan Africa","Upper middle income"
Botswana,BWA,"Fixed broadband subscriptions (per 100 people)",IT.NET.BBND.P2,2020,3.5860440070,"Sub-Saharan Africa","Upper middle income"
Botswana,BWA,"Fixed broadband subscriptions (per 100 people)",IT.NET.BBND.P2,2021,5.5483769953,"Sub-Saharan Africa","Upper middle income"
Botswana,BWA,"Fixed broadband subscriptions (per 100 people)",IT.NET.BBND.P2,2022,4.5319219047,"Sub-Saharan Africa","Upper middle income"
Botswana,BWA,"Fixed broadband subscriptions (per 100 people)",IT.NET.BBND.P2,2023,6.1649579638,"Sub-Saharan Africa","Upper middle income"
Botswana,BWA,"Fixed broadband subscriptions (per 100 people)",IT.NET.BBND.P2,2024,7.4409622000,"Sub-Saharan Africa","Upper middle income"
Botswana,BWA,"Individuals using the Internet (% of population)",IT.NET.USER.ZS,2000,2.9026666218,"Sub-Saharan Africa","Upper middle income"
Botswana,BWA,"Individuals using the Internet (% of population)",IT.NET.USER.ZS,2001,3.4308867870,"Sub-Saharan Africa","Upper middle income"
Botswana,BWA,"Individuals using the Internet (% of population)",IT.NET.USER.ZS,2002,3.3859223506,"Sub-Saharan Africa","Upper middle income"
Botswana,BWA,"Individuals using the Internet (% of population)",IT.NET.USER.ZS,2003,3.3451901741,"Sub-Saharan Africa","Upper middle income"
Botswana,BWA,"Individuals using the Internet (% of population)",IT.NET.USER.ZS,2004,3.3048892532,"Sub-Saharan Africa","Upper middle income"
Botswana,BWA,"Individuals using the Internet (% of population)",IT.NET.USER.ZS,2005,3.2625999450,"Sub-Saharan Africa","Upper middle income"
Botswana,BWA,"Individuals using the Internet (% of population)",IT.NET.USER.ZS,2006,4.2899329752,"Sub-Saharan Africa","Upper middle income"
Botswana,BWA,"Individuals using the Internet (% of population)",IT.NET.USER.ZS,2007,5.2800000000,"Sub-Saharan Africa","Upper middle income"
Botswana,BWA,"Individuals using the Internet (% of population)",IT.NET.USER.ZS,2008,6.2500000000,"Sub-Saharan Africa","Upper middle income"
Botswana,BWA,"Individuals using the Internet (% of population)",IT.NET.USER.ZS,2009,6.1500000950,"Sub-Saharan Africa","Upper middle income"
Botswana,BWA,"Individuals using the Internet (% of population)",IT.NET.USER.ZS,2010,6.0000000000,"Sub-Saharan Africa","Upper middle income"
Botswana,BWA,"Individuals using the Internet (% of population)",IT.NET.USER.ZS,2011,9.0000000000,"Sub-Saharan Africa","Upper middle income"
Botswana,BWA,"Individuals using the Internet (% of population)",IT.NET.USER.ZS,2012,16.0000000000,"Sub-Saharan Africa","Upper middle income"
Botswana,BWA,"Individuals using the Internet (% of population)",IT.NET.USER.ZS,2013,30.0000000000,"Sub-Saharan Africa","Upper middle income"
Botswana,BWA,"Individuals using the Internet (% of population)",IT.NET.USER.ZS,2014,36.7447474442,"Sub-Saharan Africa","Upper middle income"
Botswana,BWA,"Individuals using the Internet (% of population)",IT.NET.USER.ZS,2015,38.8937988300,"Sub-Saharan Africa","Upper middle income"
Botswana,BWA,"Individuals using the Internet (% of population)",IT.NET.USER.ZS,2016,41.1685981800,"Sub-Saharan Africa","Upper middle income"
Botswana,BWA,"Individuals using the Internet (% of population)",IT.NET.USER.ZS,2017,43.5764007600,"Sub-Saharan Africa","Upper middle income"
Botswana,BWA,"Individuals using the Internet (% of population)",IT.NET.USER.ZS,2018,46.1250991800,"Sub-Saharan Africa","Upper middle income"
Botswana,BWA,"Individuals using the Internet (% of population)",IT.NET.USER.ZS,2019,48.8227996800,"Sub-Saharan Africa","Upper middle income"
Botswana,BWA,"Individuals using the Internet (% of population)",IT.NET.USER.ZS,2020,51.6781997700,"Sub-Saharan Africa","Upper middle income"
Botswana,BWA,"Individuals using the Internet (% of population)",IT.NET.USER.ZS,2021,54.7006988500,"Sub-Saharan Africa","Upper middle income"
Botswana,BWA,"Individuals using the Internet (% of population)",IT.NET.USER.ZS,2022,57.9000000000,"Sub-Saharan Africa","Upper middle income"
Botswana,BWA,"Individuals using the Internet (% of population)",IT.NET.USER.ZS,2024,57.4595003600,"Sub-Saharan Africa","Upper middle income"
Botswana,BWA,"Mobile cellular subscriptions (per 100 people)",IT.CEL.SETS.P2,2000,13.2462372912,"Sub-Saharan Africa","Upper middle income"
Botswana,BWA,"Mobile cellular subscriptions (per 100 people)",IT.CEL.SETS.P2,2001,19.4050649028,"Sub-Saharan Africa","Upper middle income"
Botswana,BWA,"Mobile cellular subscriptions (per 100 people)",IT.CEL.SETS.P2,2002,19.0435033297,"Sub-Saharan Africa","Upper middle income"
Botswana,BWA,"Mobile cellular subscriptions (per 100 people)",IT.CEL.SETS.P2,2003,25.0587925232,"Sub-Saharan Africa","Upper middle income"
Botswana,BWA,"Mobile cellular subscriptions (per 100 people)",IT.CEL.SETS.P2,2004,28.9318073913,"Sub-Saharan Africa","Upper middle income"
Botswana,BWA,"Mobile cellular subscriptions (per 100 people)",IT.CEL.SETS.P2,2005,30.6423744631,"Sub-Saharan Africa","Upper middle income"
Botswana,BWA,"Mobile cellular subscriptions (per 100 people)",IT.CEL.SETS.P2,2006,43.9084008885,"Sub-Saharan Africa","Upper middle income"
Botswana,BWA,"Mobile cellular subscriptions (per 100 people)",IT.CEL.SETS.P2,2007,60.2637294560,"Sub-Saharan Africa","Upper middle income"
Botswana,BWA,"Mobile cellular subscriptions (per 100 people)",IT.CEL.SETS.P2,2008,76.1955824961,"Sub-Saharan Africa","Upper middle income"
Botswana,BWA,"Mobile cellular subscriptions (per 100 people)",IT.CEL.SETS.P2,2009,94.1440909682,"Sub-Saharan Africa","Upper middle income"
Botswana,BWA,"Mobile cellular subscriptions (per 100 people)",IT.CEL.SETS.P2,2010,116.2460387062,"Sub-Saharan Africa","Upper middle income"
Botswana,BWA,"Mobile cellular subscriptions (per 100 people)",IT.CEL.SETS.P2,2011,139.8704627605,"Sub-Saharan Africa","Upper middle income"
Botswana,BWA,"Mobile cellular subscriptions (per 100 people)",IT.CEL.SETS.P2,2012,146.1491584294,"Sub-Saharan Africa","Upper middle income"
Botswana,BWA,"Mobile cellular subscriptions (per 100 people)",IT.CEL.SETS.P2,2013,151.6706825208,"Sub-Saharan Africa","Upper middle income"
Botswana,BWA,"Mobile cellular subscriptions (per 100 people)",IT.CEL.SETS.P2,2014,157.0183200709,"Sub-Saharan Africa","Upper middle income"
Botswana,BWA,"Mobile cellular subscriptions (per 100 people)",IT.CEL.SETS.P2,2015,157.7347428122,"Sub-Saharan Africa","Upper middle income"
Botswana,BWA,"Mobile cellular subscriptions (per 100 people)",IT.CEL.SETS.P2,2016,147.1729605115,"Sub-Saharan Africa","Upper middle income"
Botswana,BWA,"Mobile cellular subscriptions (per 100 people)",IT.CEL.SETS.P2,2017,142.9620950199,"Sub-Saharan Africa","Upper middle income"
Botswana,BWA,"Mobile cellular subscriptions (per 100 people)",IT.CEL.SETS.P2,2018,147.0648385636,"Sub-Saharan Africa","Upper middle income"
Botswana,BWA,"Mobile cellular subscriptions (per 100 people)",IT.CEL.SETS.P2,2019,160.6615201946,"Sub-Saharan Africa","Upper middle income"
Botswana,BWA,"Mobile cellular subscriptions (per 100 people)",IT.CEL.SETS.P2,2020,161.8588153146,"Sub-Saharan Africa","Upper middle income"
Botswana,BWA,"Mobile cellular subscriptions (per 100 people)",IT.CEL.SETS.P2,2021,173.2523514007,"Sub-Saharan Africa","Upper middle income"
Botswana,BWA,"Mobile cellular subscriptions (per 100 people)",IT.CEL.SETS.P2,2022,178.2050189107,"Sub-Saharan Africa","Upper middle income"
Botswana,BWA,"Mobile cellular subscriptions (per 100 people)",IT.CEL.SETS.P2,2023,179.0273053780,"Sub-Saharan Africa","Upper middle income"
Botswana,BWA,"Mobile cellular subscriptions (per 100 people)",IT.CEL.SETS.P2,2024,163.9999222574,"Sub-Saharan Africa","Upper middle income"
Botswana,BWA,"Secure Internet servers (per 1 million people)",IT.NET.SECR.P6,2010,4.4267135439,"Sub-Saharan Africa","Upper middle income"
Botswana,BWA,"Secure Internet servers (per 1 million people)",IT.NET.SECR.P6,2011,5.7872184458,"Sub-Saharan Africa","Upper middle income"
Botswana,BWA,"Secure Internet servers (per 1 million people)",IT.NET.SECR.P6,2012,9.4848898591,"Sub-Saharan Africa","Upper middle income"
Botswana,BWA,"Secure Internet servers (per 1 million people)",IT.NET.SECR.P6,2013,10.2770986069,"Sub-Saharan Africa","Upper middle income"
Botswana,BWA,"Secure Internet servers (per 1 million people)",IT.NET.SECR.P6,2014,18.4158331967,"Sub-Saharan Africa","Upper middle income"
Botswana,BWA,"Secure Internet servers (per 1 million people)",IT.NET.SECR.P6,2015,34.0402664581,"Sub-Saharan Africa","Upper middle income"
Botswana,BWA,"Secure Internet servers (per 1 million people)",IT.NET.SECR.P6,2016,49.2219354423,"Sub-Saharan Africa","Upper middle income"
Botswana,BWA,"Secure Internet servers (per 1 million people)",IT.NET.SECR.P6,2017,66.6152861347,"Sub-Saharan Africa","Upper middle income"
Botswana,BWA,"Secure Internet servers (per 1 million people)",IT.NET.SECR.P6,2018,130.9184604163,"Sub-Saharan Africa","Upper middle income"
Botswana,BWA,"Secure Internet servers (per 1 million people)",IT.NET.SECR.P6,2019,208.3973855133,"Sub-Saharan Africa","Upper middle income"
Botswana,BWA,"Secure Internet servers (per 1 million people)",IT.NET.SECR.P6,2020,262.0573871864,"Sub-Saharan Africa","Upper middle income"
Botswana,BWA,"Secure Internet servers (per 1 million people)",IT.NET.SECR.P6,2021,335.2153977549,"Sub-Saharan Africa","Upper middle income"
Botswana,BWA,"Secure Internet servers (per 1 million people)",IT.NET.SECR.P6,2022,369.6884944088,"Sub-Saharan Africa","Upper middle income"
Botswana,BWA,"Secure Internet servers (per 1 million people)",IT.NET.SECR.P6,2023,441.0856351230,"Sub-Saharan Africa","Upper middle income"
Botswana,BWA,"Secure Internet servers (per 1 million people)",IT.NET.SECR.P6,2024,471.2155894617,"Sub-Saharan Africa","Upper middle income"
"Burkina Faso",BFA,"Fixed broadband subscriptions (per 100 people)",IT.NET.BBND.P2,2002,0.0003942939,"Sub-Saharan Africa","Low income"
"Burkina Faso",BFA,"Fixed broadband subscriptions (per 100 people)",IT.NET.BBND.P2,2003,0.0011083481,"Sub-Saharan Africa","Low income"
"Burkina Faso",BFA,"Fixed broadband subscriptions (per 100 people)",IT.NET.BBND.P2,2004,0.0011406957,"Sub-Saharan Africa","Low income"
"Burkina Faso",BFA,"Fixed broadband subscriptions (per 100 people)",IT.NET.BBND.P2,2005,0.0027562203,"Sub-Saharan Africa","Low income"
"Burkina Faso",BFA,"Fixed broadband subscriptions (per 100 people)",IT.NET.BBND.P2,2006,0.0119315080,"Sub-Saharan Africa","Low income"
"Burkina Faso",BFA,"Fixed broadband subscriptions (per 100 people)",IT.NET.BBND.P2,2007,0.0454364235,"Sub-Saharan Africa","Low income"
"Burkina Faso",BFA,"Fixed broadband subscriptions (per 100 people)",IT.NET.BBND.P2,2008,0.0672823268,"Sub-Saharan Africa","Low income"
"Burkina Faso",BFA,"Fixed broadband subscriptions (per 100 people)",IT.NET.BBND.P2,2009,0.0760467843,"Sub-Saharan Africa","Low income"
"Burkina Faso",BFA,"Fixed broadband subscriptions (per 100 people)",IT.NET.BBND.P2,2010,0.0847216746,"Sub-Saharan Africa","Low income"
"Burkina Faso",BFA,"Fixed broadband subscriptions (per 100 people)",IT.NET.BBND.P2,2011,0.0844020985,"Sub-Saharan Africa","Low income"
"Burkina Faso",BFA,"Fixed broadband subscriptions (per 100 people)",IT.NET.BBND.P2,2012,0.0834367606,"Sub-Saharan Africa","Low income"
"Burkina Faso",BFA,"Fixed broadband subscriptions (per 100 people)",IT.NET.BBND.P2,2013,0.0732506381,"Sub-Saharan Africa","Low income"
"Burkina Faso",BFA,"Fixed broadband subscriptions (per 100 people)",IT.NET.BBND.P2,2014,0.0296662639,"Sub-Saharan Africa","Low income"
"Burkina Faso",BFA,"Fixed broadband subscriptions (per 100 people)",IT.NET.BBND.P2,2015,0.0498149726,"Sub-Saharan Africa","Low income"
"Burkina Faso",BFA,"Fixed broadband subscriptions (per 100 people)",IT.NET.BBND.P2,2016,0.0640501279,"Sub-Saharan Africa","Low income"
"Burkina Faso",BFA,"Fixed broadband subscriptions (per 100 people)",IT.NET.BBND.P2,2017,0.0621330407,"Sub-Saharan Africa","Low income"
"Burkina Faso",BFA,"Fixed broadband subscriptions (per 100 people)",IT.NET.BBND.P2,2018,0.0676084024,"Sub-Saharan Africa","Low income"
"Burkina Faso",BFA,"Fixed broadband subscriptions (per 100 people)",IT.NET.BBND.P2,2019,0.0573181353,"Sub-Saharan Africa","Low income"
"Burkina Faso",BFA,"Fixed broadband subscriptions (per 100 people)",IT.NET.BBND.P2,2020,0.0650831126,"Sub-Saharan Africa","Low income"
"Burkina Faso",BFA,"Fixed broadband subscriptions (per 100 people)",IT.NET.BBND.P2,2021,0.0740660151,"Sub-Saharan Africa","Low income"
"Burkina Faso",BFA,"Fixed broadband subscriptions (per 100 people)",IT.NET.BBND.P2,2022,0.2143983230,"Sub-Saharan Africa","Low income"
"Burkina Faso",BFA,"Fixed broadband subscriptions (per 100 people)",IT.NET.BBND.P2,2023,0.4594633423,"Sub-Saharan Africa","Low income"
"Burkina Faso",BFA,"Fixed broadband subscriptions (per 100 people)",IT.NET.BBND.P2,2024,0.8513604165,"Sub-Saharan Africa","Low income"
"Burkina Faso",BFA,"Individuals using the Internet (% of population)",IT.NET.USER.ZS,2000,0.0770801689,"Sub-Saharan Africa","Low income"
"Burkina Faso",BFA,"Individuals using the Internet (% of population)",IT.NET.USER.ZS,2001,0.1577324647,"Sub-Saharan Africa","Low income"
"Burkina Faso",BFA,"Individuals using the Internet (% of population)",IT.NET.USER.ZS,2002,0.2009925979,"Sub-Saharan Africa","Low income"
"Burkina Faso",BFA,"Individuals using the Internet (% of population)",IT.NET.USER.ZS,2003,0.3734403032,"Sub-Saharan Africa","Low income"
"Burkina Faso",BFA,"Individuals using the Internet (% of population)",IT.NET.USER.ZS,2004,0.4002952855,"Sub-Saharan Africa","Low income"
"Burkina Faso",BFA,"Individuals using the Internet (% of population)",IT.NET.USER.ZS,2005,0.4699000120,"Sub-Saharan Africa","Low income"
"Burkina Faso",BFA,"Individuals using the Internet (% of population)",IT.NET.USER.ZS,2006,0.6327000260,"Sub-Saharan Africa","Low income"
"Burkina Faso",BFA,"Individuals using the Internet (% of population)",IT.NET.USER.ZS,2007,0.7500000000,"Sub-Saharan Africa","Low income"
"Burkina Faso",BFA,"Individuals using the Internet (% of population)",IT.NET.USER.ZS,2008,0.9200000170,"Sub-Saharan Africa","Low income"
"Burkina Faso",BFA,"Individuals using the Internet (% of population)",IT.NET.USER.ZS,2009,1.1299999950,"Sub-Saharan Africa","Low income"
"Burkina Faso",BFA,"Individuals using the Internet (% of population)",IT.NET.USER.ZS,2010,2.4000000950,"Sub-Saharan Africa","Low income"
"Burkina Faso",BFA,"Individuals using the Internet (% of population)",IT.NET.USER.ZS,2011,3.0000000000,"Sub-Saharan Africa","Low income"
"Burkina Faso",BFA,"Individuals using the Internet (% of population)",IT.NET.USER.ZS,2012,3.7249999050,"Sub-Saharan Africa","Low income"
"Burkina Faso",BFA,"Individuals using the Internet (% of population)",IT.NET.USER.ZS,2013,5.0000000000,"Sub-Saharan Africa","Low income"
"Burkina Faso",BFA,"Individuals using the Internet (% of population)",IT.NET.USER.ZS,2014,6.0000000000,"Sub-Saharan Africa","Low income"
"Burkina Faso",BFA,"Individuals using the Internet (% of population)",IT.NET.USER.ZS,2015,6.5457000730,"Sub-Saharan Africa","Low income"
"Burkina Faso",BFA,"Individuals using the Internet (% of population)",IT.NET.USER.ZS,2016,7.1409997940,"Sub-Saharan Africa","Low income"
"Burkina Faso",BFA,"Individuals using the Internet (% of population)",IT.NET.USER.ZS,2017,7.7904000280,"Sub-Saharan Africa","Low income"
"Burkina Faso",BFA,"Individuals using the Internet (% of population)",IT.NET.USER.ZS,2018,8.4989004140,"Sub-Saharan Africa","Low income"
"Burkina Faso",BFA,"Individuals using the Internet (% of population)",IT.NET.USER.ZS,2019,9.2718060095,"Sub-Saharan Africa","Low income"
"Burkina Faso",BFA,"Individuals using the Internet (% of population)",IT.NET.USER.ZS,2020,12.9731998400,"Sub-Saharan Africa","Low income"
"Burkina Faso",BFA,"Individuals using the Internet (% of population)",IT.NET.USER.ZS,2021,18.1522007000,"Sub-Saharan Africa","Low income"
"Burkina Faso",BFA,"Individuals using the Internet (% of population)",IT.NET.USER.ZS,2022,25.3987999000,"Sub-Saharan Africa","Low income"
"Burkina Faso",BFA,"Individuals using the Internet (% of population)",IT.NET.USER.ZS,2023,25.3612003300,"Sub-Saharan Africa","Low income"
"Burkina Faso",BFA,"Individuals using the Internet (% of population)",IT.NET.USER.ZS,2024,28.2527008100,"Sub-Saharan Africa","Low income"
"Burkina Faso",BFA,"Mobile cellular subscriptions (per 100 people)",IT.CEL.SETS.P2,2000,0.2116884208,"Sub-Saharan Africa","Low income"
"Burkina Faso",BFA,"Mobile cellular subscriptions (per 100 people)",IT.CEL.SETS.P2,2001,0.6196502139,"Sub-Saharan Africa","Low income"
"Burkina Faso",BFA,"Mobile cellular subscriptions (per 100 people)",IT.CEL.SETS.P2,2002,0.8754349160,"Sub-Saharan Africa","Low income"
"Burkina Faso",BFA,"Mobile cellular subscriptions (per 100 people)",IT.CEL.SETS.P2,2003,1.8199382199,"Sub-Saharan Africa","Low income"
"Burkina Faso",BFA,"Mobile cellular subscriptions (per 100 people)",IT.CEL.SETS.P2,2004,2.9327656915,"Sub-Saharan Africa","Low income"
"Burkina Faso",BFA,"Mobile cellular subscriptions (per 100 people)",IT.CEL.SETS.P2,2005,4.5474332950,"Sub-Saharan Africa","Low income"
"Burkina Faso",BFA,"Mobile cellular subscriptions (per 100 people)",IT.CEL.SETS.P2,2006,7.0726709540,"Sub-Saharan Africa","Low income"
"Burkina Faso",BFA,"Mobile cellular subscriptions (per 100 people)",IT.CEL.SETS.P2,2007,12.5404933902,"Sub-Saharan Africa","Low income"
"Burkina Faso",BFA,"Mobile cellular subscriptions (per 100 people)",IT.CEL.SETS.P2,2008,19.8199735707,"Sub-Saharan Africa","Low income"
"Burkina Faso",BFA,"Mobile cellular subscriptions (per 100 people)",IT.CEL.SETS.P2,2009,24.3386946942,"Sub-Saharan Africa","Low income"
"Burkina Faso",BFA,"Mobile cellular subscriptions (per 100 people)",IT.CEL.SETS.P2,2010,35.2848311173,"Sub-Saharan Africa","Low income"
"Burkina Faso",BFA,"Mobile cellular subscriptions (per 100 people)",IT.CEL.SETS.P2,2011,46.1057641178,"Sub-Saharan Africa","Low income"
"Burkina Faso",BFA,"Mobile cellular subscriptions (per 100 people)",IT.CEL.SETS.P2,2012,58.0942130772,"Sub-Saharan Africa","Low income"
"Burkina Faso",BFA,"Mobile cellular subscriptions (per 100 people)",IT.CEL.SETS.P2,2013,63.5243073500,"Sub-Saharan Africa","Low income"
"Burkina Faso",BFA,"Mobile cellular subscriptions (per 100 people)",IT.CEL.SETS.P2,2014,68.5395525408,"Sub-Saharan Africa","Low income"
"Burkina Faso",BFA,"Mobile cellular subscriptions (per 100 people)",IT.CEL.SETS.P2,2015,76.9373292603,"Sub-Saharan Africa","Low income"
"Burkina Faso",BFA,"Mobile cellular subscriptions (per 100 people)",IT.CEL.SETS.P2,2016,79.6697942824,"Sub-Saharan Africa","Low income"
"Burkina Faso",BFA,"Mobile cellular subscriptions (per 100 people)",IT.CEL.SETS.P2,2017,90.2081424191,"Sub-Saharan Africa","Low income"
"Burkina Faso",BFA,"Mobile cellular subscriptions (per 100 people)",IT.CEL.SETS.P2,2018,94.6219614872,"Sub-Saharan Africa","Low income"
"Burkina Faso",BFA,"Mobile cellular subscriptions (per 100 people)",IT.CEL.SETS.P2,2019,97.1498646691,"Sub-Saharan Africa","Low income"
"Burkina Faso",BFA,"Mobile cellular subscriptions (per 100 people)",IT.CEL.SETS.P2,2020,102.9728442470,"Sub-Saharan Africa","Low income"
"Burkina Faso",BFA,"Mobile cellular subscriptions (per 100 people)",IT.CEL.SETS.P2,2021,112.1984194492,"Sub-Saharan Africa","Low income"
"Burkina Faso",BFA,"Mobile cellular subscriptions (per 100 people)",IT.CEL.SETS.P2,2022,113.9961467922,"Sub-Saharan Africa","Low income"
"Burkina Faso",BFA,"Mobile cellular subscriptions (per 100 people)",IT.CEL.SETS.P2,2023,116.1631382152,"Sub-Saharan Africa","Low income"
"Burkina Faso",BFA,"Mobile cellular subscriptions (per 100 people)",IT.CEL.SETS.P2,2024,116.5895933212,"Sub-Saharan Africa","Low income"
"Burkina Faso",BFA,"Secure Internet servers (per 1 million people)",IT.NET.SECR.P6,2010,0.2472723083,"Sub-Saharan Africa","Low income"
"Burkina Faso",BFA,"Secure Internet servers (per 1 million people)",IT.NET.SECR.P6,2011,0.2400685444,"Sub-Saharan Africa","Low income"
"Burkina Faso",BFA,"Secure Internet servers (per 1 million people)",IT.NET.SECR.P6,2012,0.5823336169,"Sub-Saharan Africa","Low income"
"Burkina Faso",BFA,"Secure Internet servers (per 1 million people)",IT.NET.SECR.P6,2013,0.6781419972,"Sub-Saharan Africa","Low income"
"Burkina Faso",BFA,"Secure Internet servers (per 1 million people)",IT.NET.SECR.P6,2014,0.7131313427,"Sub-Saharan Africa","Low income"
"Burkina Faso",BFA,"Secure Internet servers (per 1 million people)",IT.NET.SECR.P6,2015,1.4378920885,"Sub-Saharan Africa","Low income"
"Burkina Faso",BFA,"Secure Internet servers (per 1 million people)",IT.NET.SECR.P6,2016,1.7584821940,"Sub-Saharan Africa","Low income"
"Burkina Faso",BFA,"Secure Internet servers (per 1 million people)",IT.NET.SECR.P6,2017,1.8598191944,"Sub-Saharan Africa","Low income"
"Burkina Faso",BFA,"Secure Internet servers (per 1 million people)",IT.NET.SECR.P6,2018,2.4463888561,"Sub-Saharan Africa","Low income"
"Burkina Faso",BFA,"Secure Internet servers (per 1 million people)",IT.NET.SECR.P6,2019,3.2916781796,"Sub-Saharan Africa","Low income"
"Burkina Faso",BFA,"Secure Internet servers (per 1 million people)",IT.NET.SECR.P6,2020,5.8197217801,"Sub-Saharan Africa","Low income"
"Burkina Faso",BFA,"Secure Internet servers (per 1 million people)",IT.NET.SECR.P6,2021,11.0478433905,"Sub-Saharan Africa","Low income"
"Burkina Faso",BFA,"Secure Internet servers (per 1 million people)",IT.NET.SECR.P6,2022,21.7246068002,"Sub-Saharan Africa","Low income"
"Burkina Faso",BFA,"Secure Internet servers (per 1 million people)",IT.NET.SECR.P6,2023,22.5833865491,"Sub-Saharan Africa","Low income"
"Burkina Faso",BFA,"Secure Internet servers (per 1 million people)",IT.NET.SECR.P6,2024,28.8337642615,"Sub-Saharan Africa","Low income"
Burundi,BDI,"Fixed broadband subscriptions (per 100 people)",IT.NET.BBND.P2,2008,0.0018811054,"Sub-Saharan Africa","Low income"
Burundi,BDI,"Fixed broadband subscriptions (per 100 people)",IT.NET.BBND.P2,2009,0.0017881798,"Sub-Saharan Africa","Low income"
Burundi,BDI,"Fixed broadband subscriptions (per 100 people)",IT.NET.BBND.P2,2010,0.0037540884,"Sub-Saharan Africa","Low income"
Burundi,BDI,"Fixed broadband subscriptions (per 100 people)",IT.NET.BBND.P2,2011,0.0051142326,"Sub-Saharan Africa","Low income"
Burundi,BDI,"Fixed broadband subscriptions (per 100 people)",IT.NET.BBND.P2,2012,0.0069704900,"Sub-Saharan Africa","Low income"
Burundi,BDI,"Fixed broadband subscriptions (per 100 people)",IT.NET.BBND.P2,2013,0.0146944141,"Sub-Saharan Africa","Low income"
Burundi,BDI,"Fixed broadband subscriptions (per 100 people)",IT.NET.BBND.P2,2014,0.0157410541,"Sub-Saharan Africa","Low income"
Burundi,BDI,"Fixed broadband subscriptions (per 100 people)",IT.NET.BBND.P2,2015,0.0250824162,"Sub-Saharan Africa","Low income"
Burundi,BDI,"Fixed broadband subscriptions (per 100 people)",IT.NET.BBND.P2,2016,0.0288715169,"Sub-Saharan Africa","Low income"
Burundi,BDI,"Fixed broadband subscriptions (per 100 people)",IT.NET.BBND.P2,2017,0.0340147819,"Sub-Saharan Africa","Low income"
Burundi,BDI,"Fixed broadband subscriptions (per 100 people)",IT.NET.BBND.P2,2018,0.0331803020,"Sub-Saharan Africa","Low income"
Burundi,BDI,"Fixed broadband subscriptions (per 100 people)",IT.NET.BBND.P2,2019,0.0317494355,"Sub-Saharan Africa","Low income"
Burundi,BDI,"Fixed broadband subscriptions (per 100 people)",IT.NET.BBND.P2,2020,0.0335260992,"Sub-Saharan Africa","Low income"
Burundi,BDI,"Fixed broadband subscriptions (per 100 people)",IT.NET.BBND.P2,2021,0.0304886491,"Sub-Saharan Africa","Low income"
Burundi,BDI,"Fixed broadband subscriptions (per 100 people)",IT.NET.BBND.P2,2022,0.0300650915,"Sub-Saharan Africa","Low income"
Burundi,BDI,"Fixed broadband subscriptions (per 100 people)",IT.NET.BBND.P2,2023,0.0203441336,"Sub-Saharan Africa","Low income"
Burundi,BDI,"Individuals using the Internet (% of population)",IT.NET.USER.ZS,2000,0.0772484474,"Sub-Saharan Africa","Low income"
Burundi,BDI,"Individuals using the Internet (% of population)",IT.NET.USER.ZS,2001,0.1060012454,"Sub-Saharan Africa","Low income"
Burundi,BDI,"Individuals using the Internet (% of population)",IT.NET.USER.ZS,2002,0.1182284123,"Sub-Saharan Africa","Low income"
Burundi,BDI,"Individuals using the Internet (% of population)",IT.NET.USER.ZS,2003,0.2012731967,"Sub-Saharan Africa","Low income"
Burundi,BDI,"Individuals using the Internet (% of population)",IT.NET.USER.ZS,2004,0.3490604619,"Sub-Saharan Africa","Low income"
Burundi,BDI,"Individuals using the Internet (% of population)",IT.NET.USER.ZS,2005,0.5421000120,"Sub-Saharan Africa","Low income"
Burundi,BDI,"Individuals using the Internet (% of population)",IT.NET.USER.ZS,2006,0.6575999860,"Sub-Saharan Africa","Low income"
Burundi,BDI,"Individuals using the Internet (% of population)",IT.NET.USER.ZS,2007,0.7000000000,"Sub-Saharan Africa","Low income"
Burundi,BDI,"Individuals using the Internet (% of population)",IT.NET.USER.ZS,2008,0.8100000000,"Sub-Saharan Africa","Low income"
Burundi,BDI,"Individuals using the Internet (% of population)",IT.NET.USER.ZS,2009,0.8999999760,"Sub-Saharan Africa","Low income"
Burundi,BDI,"Individuals using the Internet (% of population)",IT.NET.USER.ZS,2010,1.0000000000,"Sub-Saharan Africa","Low income"
Burundi,BDI,"Individuals using the Internet (% of population)",IT.NET.USER.ZS,2011,1.1100000140,"Sub-Saharan Africa","Low income"
Burundi,BDI,"Individuals using the Internet (% of population)",IT.NET.USER.ZS,2012,1.2200000290,"Sub-Saharan Africa","Low income"
Burundi,BDI,"Individuals using the Internet (% of population)",IT.NET.USER.ZS,2013,1.2642181112,"Sub-Saharan Africa","Low income"
Burundi,BDI,"Individuals using the Internet (% of population)",IT.NET.USER.ZS,2014,1.0423921264,"Sub-Saharan Africa","Low income"
Burundi,BDI,"Individuals using the Internet (% of population)",IT.NET.USER.ZS,2015,2.0000000000,"Sub-Saharan Africa","Low income"
Burundi,BDI,"Individuals using the Internet (% of population)",IT.NET.USER.ZS,2016,2.2000000480,"Sub-Saharan Africa","Low income"
Burundi,BDI,"Individuals using the Internet (% of population)",IT.NET.USER.ZS,2017,2.6607485348,"Sub-Saharan Africa","Low income"
Burundi,BDI,"Individuals using the Internet (% of population)",IT.NET.USER.ZS,2018,4.0194997790,"Sub-Saharan Africa","Low income"
Burundi,BDI,"Individuals using the Internet (% of population)",IT.NET.USER.ZS,2019,6.0721998210,"Sub-Saharan Africa","Low income"
Burundi,BDI,"Individuals using the Internet (% of population)",IT.NET.USER.ZS,2020,6.4300999640,"Sub-Saharan Africa","Low income"
Burundi,BDI,"Individuals using the Internet (% of population)",IT.NET.USER.ZS,2021,6.7779998780,"Sub-Saharan Africa","Low income"
Burundi,BDI,"Individuals using the Internet (% of population)",IT.NET.USER.ZS,2022,7.1448001860,"Sub-Saharan Africa","Low income"
Burundi,BDI,"Individuals using the Internet (% of population)",IT.NET.USER.ZS,2023,7.1722998620,"Sub-Saharan Africa","Low income"
Burundi,BDI,"Individuals using the Internet (% of population)",IT.NET.USER.ZS,2024,8.5959997180,"Sub-Saharan Africa","Low income"
Burundi,BDI,"Mobile cellular subscriptions (per 100 people)",IT.CEL.SETS.P2,2000,0.2522335497,"Sub-Saharan Africa","Low income"
Burundi,BDI,"Mobile cellular subscriptions (per 100 people)",IT.CEL.SETS.P2,2001,0.5036804577,"Sub-Saharan Africa","Low income"
Burundi,BDI,"Mobile cellular subscriptions (per 100 people)",IT.CEL.SETS.P2,2002,0.7620016729,"Sub-Saharan Africa","Low income"
Burundi,BDI,"Mobile cellular subscriptions (per 100 people)",IT.CEL.SETS.P2,2003,0.9086838084,"Sub-Saharan Africa","Low income"
Burundi,BDI,"Mobile cellular subscriptions (per 100 people)",IT.CEL.SETS.P2,2004,1.3755263550,"Sub-Saharan Africa","Low income"
Burundi,BDI,"Mobile cellular subscriptions (per 100 people)",IT.CEL.SETS.P2,2005,2.0165278843,"Sub-Saharan Africa","Low income"
Burundi,BDI,"Mobile cellular subscriptions (per 100 people)",IT.CEL.SETS.P2,2006,2.5427347901,"Sub-Saharan Africa","Low income"
Burundi,BDI,"Mobile cellular subscriptions (per 100 people)",IT.CEL.SETS.P2,2007,3.3080638099,"Sub-Saharan Africa","Low income"
Burundi,BDI,"Mobile cellular subscriptions (per 100 people)",IT.CEL.SETS.P2,2008,5.6501823438,"Sub-Saharan Africa","Low income"
Burundi,BDI,"Mobile cellular subscriptions (per 100 people)",IT.CEL.SETS.P2,2009,10.2904048730,"Sub-Saharan Africa","Low income"
Burundi,BDI,"Mobile cellular subscriptions (per 100 people)",IT.CEL.SETS.P2,2010,17.8962195050,"Sub-Saharan Africa","Low income"
Burundi,BDI,"Mobile cellular subscriptions (per 100 people)",IT.CEL.SETS.P2,2011,19.7014852267,"Sub-Saharan Africa","Low income"
Burundi,BDI,"Mobile cellular subscriptions (per 100 people)",IT.CEL.SETS.P2,2012,22.3127768089,"Sub-Saharan Africa","Low income"
Burundi,BDI,"Mobile cellular subscriptions (per 100 people)",IT.CEL.SETS.P2,2013,24.3006814319,"Sub-Saharan Africa","Low income"
Burundi,BDI,"Mobile cellular subscriptions (per 100 people)",IT.CEL.SETS.P2,2014,29.5677830623,"Sub-Saharan Africa","Low income"
Burundi,BDI,"Mobile cellular subscriptions (per 100 people)",IT.CEL.SETS.P2,2015,45.2379254099,"Sub-Saharan Africa","Low income"
Burundi,BDI,"Mobile cellular subscriptions (per 100 people)",IT.CEL.SETS.P2,2016,47.6697304877,"Sub-Saharan Africa","Low income"
Burundi,BDI,"Mobile cellular subscriptions (per 100 people)",IT.CEL.SETS.P2,2017,51.4533280518,"Sub-Saharan Africa","Low income"
Burundi,BDI,"Mobile cellular subscriptions (per 100 people)",IT.CEL.SETS.P2,2018,53.2736942350,"Sub-Saharan Africa","Low income"
Burundi,BDI,"Mobile cellular subscriptions (per 100 people)",IT.CEL.SETS.P2,2019,53.2995504978,"Sub-Saharan Africa","Low income"
Burundi,BDI,"Mobile cellular subscriptions (per 100 people)",IT.CEL.SETS.P2,2020,52.5571219738,"Sub-Saharan Africa","Low income"
Burundi,BDI,"Mobile cellular subscriptions (per 100 people)",IT.CEL.SETS.P2,2021,59.7007854934,"Sub-Saharan Africa","Low income"
Burundi,BDI,"Mobile cellular subscriptions (per 100 people)",IT.CEL.SETS.P2,2022,56.2599912004,"Sub-Saharan Africa","Low income"
Burundi,BDI,"Mobile cellular subscriptions (per 100 people)",IT.CEL.SETS.P2,2023,63.1631365760,"Sub-Saharan Africa","Low income"
Burundi,BDI,"Secure Internet servers (per 1 million people)",IT.NET.SECR.P6,2010,0.4266009587,"Sub-Saharan Africa","Low income"
Burundi,BDI,"Secure Internet servers (per 1 million people)",IT.NET.SECR.P6,2011,0.4116082584,"Sub-Saharan Africa","Low income"
Burundi,BDI,"Secure Internet servers (per 1 million people)",IT.NET.SECR.P6,2012,0.3971789176,"Sub-Saharan Africa","Low income"
Burundi,BDI,"Secure Internet servers (per 1 million people)",IT.NET.SECR.P6,2013,0.2873744617,"Sub-Saharan Africa","Low income"
Burundi,BDI,"Secure Internet servers (per 1 million people)",IT.NET.SECR.P6,2014,0.5555666154,"Sub-Saharan Africa","Low income"
Burundi,BDI,"Secure Internet servers (per 1 million people)",IT.NET.SECR.P6,2015,0.7241404905,"Sub-Saharan Africa","Low income"
Burundi,BDI,"Secure Internet servers (per 1 million people)",IT.NET.SECR.P6,2016,1.4235570759,"Sub-Saharan Africa","Low income"
Burundi,BDI,"Secure Internet servers (per 1 million people)",IT.NET.SECR.P6,2017,4.3452710676,"Sub-Saharan Africa","Low income"
Burundi,BDI,"Secure Internet servers (per 1 million people)",IT.NET.SECR.P6,2018,5.6495050443,"Sub-Saharan Africa","Low income"
Burundi,BDI,"Secure Internet servers (per 1 million people)",IT.NET.SECR.P6,2019,8.6492936628,"Sub-Saharan Africa","Low income"
Burundi,BDI,"Secure Internet servers (per 1 million people)",IT.NET.SECR.P6,2020,8.1635655157,"Sub-Saharan Africa","Low income"
Burundi,BDI,"Secure Internet servers (per 1 million people)",IT.NET.SECR.P6,2021,6.3244857634,"Sub-Saharan Africa","Low income"
Burundi,BDI,"Secure Internet servers (per 1 million people)",IT.NET.SECR.P6,2022,10.8099205343,"Sub-Saharan Africa","Low income"
Burundi,BDI,"Secure Internet servers (per 1 million people)",IT.NET.SECR.P6,2023,10.2999024796,"Sub-Saharan Africa","Low income"
Burundi,BDI,"Secure Internet servers (per 1 million people)",IT.NET.SECR.P6,2024,10.6066536036,"Sub-Saharan Africa","Low income"
"Cabo Verde",CPV,"Fixed broadband subscriptions (per 100 people)",IT.NET.BBND.P2,2004,0.0590358178,"Sub-Saharan Africa","Upper middle income"
"Cabo Verde",CPV,"Fixed broadband subscriptions (per 100 people)",IT.NET.BBND.P2,2005,0.1931500778,"Sub-Saharan Africa","Upper middle income"
"Cabo Verde",CPV,"Fixed broadband subscriptions (per 100 people)",IT.NET.BBND.P2,2006,0.3696548801,"Sub-Saharan Africa","Upper middle income"
"Cabo Verde",CPV,"Fixed broadband subscriptions (per 100 people)",IT.NET.BBND.P2,2007,0.7724863460,"Sub-Saharan Africa","Upper middle income"
"Cabo Verde",CPV,"Fixed broadband subscriptions (per 100 people)",IT.NET.BBND.P2,2008,1.4720108506,"Sub-Saharan Africa","Upper middle income"
"Cabo Verde",CPV,"Fixed broadband subscriptions (per 100 people)",IT.NET.BBND.P2,2009,2.1677753827,"Sub-Saharan Africa","Upper middle income"
"Cabo Verde",CPV,"Fixed broadband subscriptions (per 100 people)",IT.NET.BBND.P2,2010,3.1525116520,"Sub-Saharan Africa","Upper middle income"
"Cabo Verde",CPV,"Fixed broadband subscriptions (per 100 people)",IT.NET.BBND.P2,2011,4.1709111599,"Sub-Saharan Africa","Upper middle income"
"Cabo Verde",CPV,"Fixed broadband subscriptions (per 100 people)",IT.NET.BBND.P2,2012,3.8778798918,"Sub-Saharan Africa","Upper middle income"
"Cabo Verde",CPV,"Fixed broadband subscriptions (per 100 people)",IT.NET.BBND.P2,2013,4.1391966421,"Sub-Saharan Africa","Upper middle income"
"Cabo Verde",CPV,"Fixed broadband subscriptions (per 100 people)",IT.NET.BBND.P2,2014,3.7234104847,"Sub-Saharan Africa","Upper middle income"
"Cabo Verde",CPV,"Fixed broadband subscriptions (per 100 people)",IT.NET.BBND.P2,2015,3.2334492597,"Sub-Saharan Africa","Upper middle income"
"Cabo Verde",CPV,"Fixed broadband subscriptions (per 100 people)",IT.NET.BBND.P2,2016,3.0320707672,"Sub-Saharan Africa","Upper middle income"
"Cabo Verde",CPV,"Fixed broadband subscriptions (per 100 people)",IT.NET.BBND.P2,2017,2.9232218026,"Sub-Saharan Africa","Upper middle income"
"Cabo Verde",CPV,"Fixed broadband subscriptions (per 100 people)",IT.NET.BBND.P2,2018,3.0495797746,"Sub-Saharan Africa","Upper middle income"
"Cabo Verde",CPV,"Fixed broadband subscriptions (per 100 people)",IT.NET.BBND.P2,2019,3.9392807681,"Sub-Saharan Africa","Upper middle income"
"Cabo Verde",CPV,"Fixed broadband subscriptions (per 100 people)",IT.NET.BBND.P2,2020,4.8261149182,"Sub-Saharan Africa","Upper middle income"
"Cabo Verde",CPV,"Fixed broadband subscriptions (per 100 people)",IT.NET.BBND.P2,2021,5.9096214258,"Sub-Saharan Africa","Upper middle income"
"Cabo Verde",CPV,"Fixed broadband subscriptions (per 100 people)",IT.NET.BBND.P2,2022,6.5676942939,"Sub-Saharan Africa","Upper middle income"
"Cabo Verde",CPV,"Fixed broadband subscriptions (per 100 people)",IT.NET.BBND.P2,2023,7.2300897324,"Sub-Saharan Africa","Upper middle income"
"Cabo Verde",CPV,"Fixed broadband subscriptions (per 100 people)",IT.NET.BBND.P2,2024,8.3053744020,"Sub-Saharan Africa","Upper middle income"
"Cabo Verde",CPV,"Individuals using the Internet (% of population)",IT.NET.USER.ZS,2000,1.8224438516,"Sub-Saharan Africa","Upper middle income"
"Cabo Verde",CPV,"Individuals using the Internet (% of population)",IT.NET.USER.ZS,2001,2.6853327127,"Sub-Saharan Africa","Upper middle income"
"Cabo Verde",CPV,"Individuals using the Internet (% of population)",IT.NET.USER.ZS,2002,3.5187571750,"Sub-Saharan Africa","Upper middle income"
"Cabo Verde",CPV,"Individuals using the Internet (% of population)",IT.NET.USER.ZS,2003,4.3248853905,"Sub-Saharan Africa","Upper middle income"
"Cabo Verde",CPV,"Individuals using the Internet (% of population)",IT.NET.USER.ZS,2004,5.3188320696,"Sub-Saharan Africa","Upper middle income"
"Cabo Verde",CPV,"Individuals using the Internet (% of population)",IT.NET.USER.ZS,2005,6.0740871066,"Sub-Saharan Africa","Upper middle income"
"Cabo Verde",CPV,"Individuals using the Internet (% of population)",IT.NET.USER.ZS,2006,6.8089110075,"Sub-Saharan Africa","Upper middle income"
"Cabo Verde",CPV,"Individuals using the Internet (% of population)",IT.NET.USER.ZS,2007,8.2832198195,"Sub-Saharan Africa","Upper middle income"
"Cabo Verde",CPV,"Individuals using the Internet (% of population)",IT.NET.USER.ZS,2008,14.0000000000,"Sub-Saharan Africa","Upper middle income"
"Cabo Verde",CPV,"Individuals using the Internet (% of population)",IT.NET.USER.ZS,2009,21.0000000000,"Sub-Saharan Africa","Upper middle income"
"Cabo Verde",CPV,"Individuals using the Internet (% of population)",IT.NET.USER.ZS,2010,30.0000000000,"Sub-Saharan Africa","Upper middle income"
"Cabo Verde",CPV,"Individuals using the Internet (% of population)",IT.NET.USER.ZS,2011,32.0000000000,"Sub-Saharan Africa","Upper middle income"
"Cabo Verde",CPV,"Individuals using the Internet (% of population)",IT.NET.USER.ZS,2012,34.7400000000,"Sub-Saharan Africa","Upper middle income"
"Cabo Verde",CPV,"Individuals using the Internet (% of population)",IT.NET.USER.ZS,2013,37.5000000000,"Sub-Saharan Africa","Upper middle income"
"Cabo Verde",CPV,"Individuals using the Internet (% of population)",IT.NET.USER.ZS,2014,40.2599983200,"Sub-Saharan Africa","Upper middle income"
"Cabo Verde",CPV,"Individuals using the Internet (% of population)",IT.NET.USER.ZS,2015,42.6830141583,"Sub-Saharan Africa","Upper middle income"
"Cabo Verde",CPV,"Individuals using the Internet (% of population)",IT.NET.USER.ZS,2016,50.3228178677,"Sub-Saharan Africa","Upper middle income"
"Cabo Verde",CPV,"Individuals using the Internet (% of population)",IT.NET.USER.ZS,2017,57.1621463485,"Sub-Saharan Africa","Upper middle income"
"Cabo Verde",CPV,"Individuals using the Internet (% of population)",IT.NET.USER.ZS,2018,59.5000000000,"Sub-Saharan Africa","Upper middle income"
"Cabo Verde",CPV,"Individuals using the Internet (% of population)",IT.NET.USER.ZS,2019,61.9433977593,"Sub-Saharan Africa","Upper middle income"
"Cabo Verde",CPV,"Individuals using the Internet (% of population)",IT.NET.USER.ZS,2020,69.3733978300,"Sub-Saharan Africa","Upper middle income"
"Cabo Verde",CPV,"Individuals using the Internet (% of population)",IT.NET.USER.ZS,2021,70.2825012200,"Sub-Saharan Africa","Upper middle income"
"Cabo Verde",CPV,"Individuals using the Internet (% of population)",IT.NET.USER.ZS,2022,73.3274002100,"Sub-Saharan Africa","Upper middle income"
"Cabo Verde",CPV,"Individuals using the Internet (% of population)",IT.NET.USER.ZS,2023,74.5991973900,"Sub-Saharan Africa","Upper middle income"
"Cabo Verde",CPV,"Individuals using the Internet (% of population)",IT.NET.USER.ZS,2024,74.7351989700,"Sub-Saharan Africa","Upper middle income"
"Cabo Verde",CPV,"Mobile cellular subscriptions (per 100 people)",IT.CEL.SETS.P2,2000,4.3521420992,"Sub-Saharan Africa","Upper middle income"
"Cabo Verde",CPV,"Mobile cellular subscriptions (per 100 people)",IT.CEL.SETS.P2,2001,6.8449878664,"Sub-Saharan Africa","Upper middle income"
"Cabo Verde",CPV,"Mobile cellular subscriptions (per 100 people)",IT.CEL.SETS.P2,2002,9.1958822043,"Sub-Saharan Africa","Upper middle income"
"Cabo Verde",CPV,"Mobile cellular subscriptions (per 100 people)",IT.CEL.SETS.P2,2003,11.2682542466,"Sub-Saharan Africa","Upper middle income"
"Cabo Verde",CPV,"Mobile cellular subscriptions (per 100 people)",IT.CEL.SETS.P2,2004,13.7221770240,"Sub-Saharan Africa","Upper middle income"
"Cabo Verde",CPV,"Mobile cellular subscriptions (per 100 people)",IT.CEL.SETS.P2,2005,16.8456963813,"Sub-Saharan Africa","Upper middle income"
"Cabo Verde",CPV,"Mobile cellular subscriptions (per 100 people)",IT.CEL.SETS.P2,2006,22.1829608255,"Sub-Saharan Africa","Upper middle income"
"Cabo Verde",CPV,"Mobile cellular subscriptions (per 100 people)",IT.CEL.SETS.P2,2007,30.6761522804,"Sub-Saharan Africa","Upper middle income"
"Cabo Verde",CPV,"Mobile cellular subscriptions (per 100 people)",IT.CEL.SETS.P2,2008,55.3839096050,"Sub-Saharan Africa","Upper middle income"
"Cabo Verde",CPV,"Mobile cellular subscriptions (per 100 people)",IT.CEL.SETS.P2,2009,57.4189800866,"Sub-Saharan Africa","Upper middle income"
"Cabo Verde",CPV,"Mobile cellular subscriptions (per 100 people)",IT.CEL.SETS.P2,2010,72.9467774587,"Sub-Saharan Africa","Upper middle income"
"Cabo Verde",CPV,"Mobile cellular subscriptions (per 100 people)",IT.CEL.SETS.P2,2011,77.5112572759,"Sub-Saharan Africa","Upper middle income"
"Cabo Verde",CPV,"Mobile cellular subscriptions (per 100 people)",IT.CEL.SETS.P2,2012,83.0756609468,"Sub-Saharan Africa","Upper middle income"
"Cabo Verde",CPV,"Mobile cellular subscriptions (per 100 people)",IT.CEL.SETS.P2,2013,97.5075406316,"Sub-Saharan Africa","Upper middle income"
"Cabo Verde",CPV,"Mobile cellular subscriptions (per 100 people)",IT.CEL.SETS.P2,2014,119.7241600075,"Sub-Saharan Africa","Upper middle income"
"Cabo Verde",CPV,"Mobile cellular subscriptions (per 100 people)",IT.CEL.SETS.P2,2015,119.3355113448,"Sub-Saharan Africa","Upper middle income"
"Cabo Verde",CPV,"Mobile cellular subscriptions (per 100 people)",IT.CEL.SETS.P2,2016,117.4424548438,"Sub-Saharan Africa","Upper middle income"
"Cabo Verde",CPV,"Mobile cellular subscriptions (per 100 people)",IT.CEL.SETS.P2,2017,119.3736315372,"Sub-Saharan Africa","Upper middle income"
"Cabo Verde",CPV,"Mobile cellular subscriptions (per 100 people)",IT.CEL.SETS.P2,2018,118.8761528198,"Sub-Saharan Africa","Upper middle income"
"Cabo Verde",CPV,"Mobile cellular subscriptions (per 100 people)",IT.CEL.SETS.P2,2019,115.8678010675,"Sub-Saharan Africa","Upper middle income"
"Cabo Verde",CPV,"Mobile cellular subscriptions (per 100 people)",IT.CEL.SETS.P2,2020,105.8385906555,"Sub-Saharan Africa","Upper middle income"
"Cabo Verde",CPV,"Mobile cellular subscriptions (per 100 people)",IT.CEL.SETS.P2,2021,114.2305511092,"Sub-Saharan Africa","Upper middle income"
"Cabo Verde",CPV,"Mobile cellular subscriptions (per 100 people)",IT.CEL.SETS.P2,2022,113.2473674388,"Sub-Saharan Africa","Upper middle income"
"Cabo Verde",CPV,"Mobile cellular subscriptions (per 100 people)",IT.CEL.SETS.P2,2023,113.0229681945,"Sub-Saharan Africa","Upper middle income"
"Cabo Verde",CPV,"Mobile cellular subscriptions (per 100 people)",IT.CEL.SETS.P2,2024,111.8406788638,"Sub-Saharan Africa","Upper middle income"
"Cabo Verde",CPV,"Secure Internet servers (per 1 million people)",IT.NET.SECR.P6,2010,23.5393813851,"Sub-Saharan Africa","Upper middle income"
"Cabo Verde",CPV,"Secure Internet servers (per 1 million people)",IT.NET.SECR.P6,2011,27.3733153191,"Sub-Saharan Africa","Upper middle income"
"Cabo Verde",CPV,"Secure Internet servers (per 1 million people)",IT.NET.SECR.P6,2012,60.5521969704,"Sub-Saharan Africa","Upper middle income"
"Cabo Verde",CPV,"Secure Internet servers (per 1 million people)",IT.NET.SECR.P6,2013,62.4725462443,"Sub-Saharan Africa","Upper middle income"
"Cabo Verde",CPV,"Secure Internet servers (per 1 million people)",IT.NET.SECR.P6,2014,76.1234058002,"Sub-Saharan Africa","Upper middle income"
"Cabo Verde",CPV,"Secure Internet servers (per 1 million people)",IT.NET.SECR.P6,2015,76.1133034345,"Sub-Saharan Africa","Upper middle income"
"Cabo Verde",CPV,"Secure Internet servers (per 1 million people)",IT.NET.SECR.P6,2016,117.0608365167,"Sub-Saharan Africa","Upper middle income"
"Cabo Verde",CPV,"Secure Internet servers (per 1 million people)",IT.NET.SECR.P6,2017,272.9614169037,"Sub-Saharan Africa","Upper middle income"
"Cabo Verde",CPV,"Secure Internet servers (per 1 million people)",IT.NET.SECR.P6,2018,527.8381036783,"Sub-Saharan Africa","Upper middle income"
"Cabo Verde",CPV,"Secure Internet servers (per 1 million people)",IT.NET.SECR.P6,2019,587.4297807448,"Sub-Saharan Africa","Upper middle income"
"Cabo Verde",CPV,"Secure Internet servers (per 1 million people)",IT.NET.SECR.P6,2020,192.3529034602,"Sub-Saharan Africa","Upper middle income"
"Cabo Verde",CPV,"Secure Internet servers (per 1 million people)",IT.NET.SECR.P6,2021,648.4092681879,"Sub-Saharan Africa","Upper middle income"
"Cabo Verde",CPV,"Secure Internet servers (per 1 million people)",IT.NET.SECR.P6,2022,777.3102372143,"Sub-Saharan Africa","Upper middle income"
"Cabo Verde",CPV,"Secure Internet servers (per 1 million people)",IT.NET.SECR.P6,2023,951.5039314151,"Sub-Saharan Africa","Upper middle income"
"Cabo Verde",CPV,"Secure Internet servers (per 1 million people)",IT.NET.SECR.P6,2024,857.3437205288,"Sub-Saharan Africa","Upper middle income"
Cameroon,CMR,"Fixed broadband subscriptions (per 100 people)",IT.NET.BBND.P2,2005,0.0011830442,"Sub-Saharan Africa","Lower middle income"
Cameroon,CMR,"Fixed broadband subscriptions (per 100 people)",IT.NET.BBND.P2,2006,0.0023988048,"Sub-Saharan Africa","Lower middle income"
Cameroon,CMR,"Fixed broadband subscriptions (per 100 people)",IT.NET.BBND.P2,2007,0.0035457268,"Sub-Saharan Africa","Lower middle income"
Cameroon,CMR,"Fixed broadband subscriptions (per 100 people)",IT.NET.BBND.P2,2008,0.0046301142,"Sub-Saharan Africa","Lower middle income"
Cameroon,CMR,"Fixed broadband subscriptions (per 100 people)",IT.NET.BBND.P2,2009,0.0047085970,"Sub-Saharan Africa","Lower middle income"
Cameroon,CMR,"Fixed broadband subscriptions (per 100 people)",IT.NET.BBND.P2,2010,0.0302724223,"Sub-Saharan Africa","Lower middle income"
Cameroon,CMR,"Fixed broadband subscriptions (per 100 people)",IT.NET.BBND.P2,2011,0.0529499754,"Sub-Saharan Africa","Lower middle income"
Cameroon,CMR,"Fixed broadband subscriptions (per 100 people)",IT.NET.BBND.P2,2012,0.0665368255,"Sub-Saharan Africa","Lower middle income"
Cameroon,CMR,"Fixed broadband subscriptions (per 100 people)",IT.NET.BBND.P2,2013,0.0789631955,"Sub-Saharan Africa","Lower middle income"
Cameroon,CMR,"Fixed broadband subscriptions (per 100 people)",IT.NET.BBND.P2,2014,0.0762968343,"Sub-Saharan Africa","Lower middle income"
Cameroon,CMR,"Fixed broadband subscriptions (per 100 people)",IT.NET.BBND.P2,2015,0.0898239605,"Sub-Saharan Africa","Lower middle income"
Cameroon,CMR,"Fixed broadband subscriptions (per 100 people)",IT.NET.BBND.P2,2016,1.5552933230,"Sub-Saharan Africa","Lower middle income"
Cameroon,CMR,"Fixed broadband subscriptions (per 100 people)",IT.NET.BBND.P2,2017,1.5846670928,"Sub-Saharan Africa","Lower middle income"
Cameroon,CMR,"Fixed broadband subscriptions (per 100 people)",IT.NET.BBND.P2,2018,1.5956094849,"Sub-Saharan Africa","Lower middle income"
Cameroon,CMR,"Fixed broadband subscriptions (per 100 people)",IT.NET.BBND.P2,2019,1.5718948745,"Sub-Saharan Africa","Lower middle income"
Cameroon,CMR,"Fixed broadband subscriptions (per 100 people)",IT.NET.BBND.P2,2020,2.7568241775,"Sub-Saharan Africa","Lower middle income"
Cameroon,CMR,"Fixed broadband subscriptions (per 100 people)",IT.NET.BBND.P2,2021,2.2338512629,"Sub-Saharan Africa","Lower middle income"
Cameroon,CMR,"Fixed broadband subscriptions (per 100 people)",IT.NET.BBND.P2,2022,2.1286247405,"Sub-Saharan Africa","Lower middle income"
Cameroon,CMR,"Individuals using the Internet (% of population)",IT.NET.USER.ZS,2000,0.2521200777,"Sub-Saharan Africa","Lower middle income"
Cameroon,CMR,"Individuals using the Internet (% of population)",IT.NET.USER.ZS,2001,0.2770513218,"Sub-Saharan Africa","Lower middle income"
Cameroon,CMR,"Individuals using the Internet (% of population)",IT.NET.USER.ZS,2002,0.3608715843,"Sub-Saharan Africa","Lower middle income"
Cameroon,CMR,"Individuals using the Internet (% of population)",IT.NET.USER.ZS,2003,0.5876226111,"Sub-Saharan Africa","Lower middle income"
Cameroon,CMR,"Individuals using the Internet (% of population)",IT.NET.USER.ZS,2004,0.9760754155,"Sub-Saharan Africa","Lower middle income"
Cameroon,CMR,"Individuals using the Internet (% of population)",IT.NET.USER.ZS,2005,1.4026999470,"Sub-Saharan Africa","Lower middle income"
Cameroon,CMR,"Individuals using the Internet (% of population)",IT.NET.USER.ZS,2006,2.0287001130,"Sub-Saharan Africa","Lower middle income"
Cameroon,CMR,"Individuals using the Internet (% of population)",IT.NET.USER.ZS,2007,2.9300000000,"Sub-Saharan Africa","Lower middle income"
Cameroon,CMR,"Individuals using the Internet (% of population)",IT.NET.USER.ZS,2008,3.4000000950,"Sub-Saharan Africa","Lower middle income"
Cameroon,CMR,"Individuals using the Internet (% of population)",IT.NET.USER.ZS,2009,3.8400000000,"Sub-Saharan Africa","Lower middle income"
Cameroon,CMR,"Individuals using the Internet (% of population)",IT.NET.USER.ZS,2010,4.3000001910,"Sub-Saharan Africa","Lower middle income"
Cameroon,CMR,"Individuals using the Internet (% of population)",IT.NET.USER.ZS,2011,5.0000000000,"Sub-Saharan Africa","Lower middle income"
Cameroon,CMR,"Individuals using the Internet (% of population)",IT.NET.USER.ZS,2012,7.5000000000,"Sub-Saharan Africa","Lower middle income"
Cameroon,CMR,"Individuals using the Internet (% of population)",IT.NET.USER.ZS,2013,10.0000000000,"Sub-Saharan Africa","Lower middle income"
Cameroon,CMR,"Individuals using the Internet (% of population)",IT.NET.USER.ZS,2014,16.2148722258,"Sub-Saharan Africa","Lower middle income"
Cameroon,CMR,"Individuals using the Internet (% of population)",IT.NET.USER.ZS,2015,18.2999992400,"Sub-Saharan Africa","Lower middle income"
Cameroon,CMR,"Individuals using the Internet (% of population)",IT.NET.USER.ZS,2016,20.6000003800,"Sub-Saharan Africa","Lower middle income"
Cameroon,CMR,"Individuals using the Internet (% of population)",IT.NET.USER.ZS,2017,23.2029719749,"Sub-Saharan Africa","Lower middle income"
Cameroon,CMR,"Individuals using the Internet (% of population)",IT.NET.USER.ZS,2018,29.7000007600,"Sub-Saharan Africa","Lower middle income"
Cameroon,CMR,"Individuals using the Internet (% of population)",IT.NET.USER.ZS,2019,36.5391998300,"Sub-Saharan Africa","Lower middle income"
Cameroon,CMR,"Individuals using the Internet (% of population)",IT.NET.USER.ZS,2020,37.6974983200,"Sub-Saharan Africa","Lower middle income"
Cameroon,CMR,"Individuals using the Internet (% of population)",IT.NET.USER.ZS,2021,38.8926010100,"Sub-Saharan Africa","Lower middle income"
Cameroon,CMR,"Individuals using the Internet (% of population)",IT.NET.USER.ZS,2022,40.1255989100,"Sub-Saharan Africa","Lower middle income"
Cameroon,CMR,"Individuals using the Internet (% of population)",IT.NET.USER.ZS,2023,42.2438011200,"Sub-Saharan Africa","Lower middle income"
Cameroon,CMR,"Individuals using the Internet (% of population)",IT.NET.USER.ZS,2024,46.2588005100,"Sub-Saharan Africa","Lower middle income"
Cameroon,CMR,"Mobile cellular subscriptions (per 100 people)",IT.CEL.SETS.P2,2000,0.6925605549,"Sub-Saharan Africa","Lower middle income"
Cameroon,CMR,"Mobile cellular subscriptions (per 100 people)",IT.CEL.SETS.P2,2001,2.7257276369,"Sub-Saharan Africa","Lower middle income"
Cameroon,CMR,"Mobile cellular subscriptions (per 100 people)",IT.CEL.SETS.P2,2002,4.4609440141,"Sub-Saharan Africa","Lower middle income"
Cameroon,CMR,"Mobile cellular subscriptions (per 100 people)",IT.CEL.SETS.P2,2003,6.6644637427,"Sub-Saharan Africa","Lower middle income"
Cameroon,CMR,"Mobile cellular subscriptions (per 100 people)",IT.CEL.SETS.P2,2004,9.2162740322,"Sub-Saharan Africa","Lower middle income"
Cameroon,CMR,"Mobile cellular subscriptions (per 100 people)",IT.CEL.SETS.P2,2005,13.1921614066,"Sub-Saharan Africa","Lower middle income"
Cameroon,CMR,"Mobile cellular subscriptions (per 100 people)",IT.CEL.SETS.P2,2006,17.8682237967,"Sub-Saharan Africa","Lower middle income"
Cameroon,CMR,"Mobile cellular subscriptions (per 100 people)",IT.CEL.SETS.P2,2007,25.1303387011,"Sub-Saharan Africa","Lower middle income"
Cameroon,CMR,"Mobile cellular subscriptions (per 100 people)",IT.CEL.SETS.P2,2008,33.1693465337,"Sub-Saharan Africa","Lower middle income"
Cameroon,CMR,"Mobile cellular subscriptions (per 100 people)",IT.CEL.SETS.P2,2009,41.8757501711,"Sub-Saharan Africa","Lower middle income"
Cameroon,CMR,"Mobile cellular subscriptions (per 100 people)",IT.CEL.SETS.P2,2010,43.9120552066,"Sub-Saharan Africa","Lower middle income"
Cameroon,CMR,"Mobile cellular subscriptions (per 100 people)",IT.CEL.SETS.P2,2011,51.8310420800,"Sub-Saharan Africa","Lower middle income"
Cameroon,CMR,"Mobile cellular subscriptions (per 100 people)",IT.CEL.SETS.P2,2012,62.9906520229,"Sub-Saharan Africa","Lower middle income"
Cameroon,CMR,"Mobile cellular subscriptions (per 100 people)",IT.CEL.SETS.P2,2013,73.1912475512,"Sub-Saharan Africa","Lower middle income"
Cameroon,CMR,"Mobile cellular subscriptions (per 100 people)",IT.CEL.SETS.P2,2014,77.2399893327,"Sub-Saharan Africa","Lower middle income"
Cameroon,CMR,"Mobile cellular subscriptions (per 100 people)",IT.CEL.SETS.P2,2015,79.7800672606,"Sub-Saharan Africa","Lower middle income"
Cameroon,CMR,"Mobile cellular subscriptions (per 100 people)",IT.CEL.SETS.P2,2016,79.8046154795,"Sub-Saharan Africa","Lower middle income"
Cameroon,CMR,"Mobile cellular subscriptions (per 100 people)",IT.CEL.SETS.P2,2017,83.4502920414,"Sub-Saharan Africa","Lower middle income"
Cameroon,CMR,"Mobile cellular subscriptions (per 100 people)",IT.CEL.SETS.P2,2018,74.3995446656,"Sub-Saharan Africa","Lower middle income"
Cameroon,CMR,"Mobile cellular subscriptions (per 100 people)",IT.CEL.SETS.P2,2019,83.9044001052,"Sub-Saharan Africa","Lower middle income"
Cameroon,CMR,"Mobile cellular subscriptions (per 100 people)",IT.CEL.SETS.P2,2020,85.2721639883,"Sub-Saharan Africa","Lower middle income"
Cameroon,CMR,"Mobile cellular subscriptions (per 100 people)",IT.CEL.SETS.P2,2021,80.8081013360,"Sub-Saharan Africa","Lower middle income"
Cameroon,CMR,"Mobile cellular subscriptions (per 100 people)",IT.CEL.SETS.P2,2022,89.8274190453,"Sub-Saharan Africa","Lower middle income"
Cameroon,CMR,"Mobile cellular subscriptions (per 100 people)",IT.CEL.SETS.P2,2023,96.4817325902,"Sub-Saharan Africa","Lower middle income"
Cameroon,CMR,"Mobile cellular subscriptions (per 100 people)",IT.CEL.SETS.P2,2024,108.2131301525,"Sub-Saharan Africa","Lower middle income"
Cameroon,CMR,"Secure Internet servers (per 1 million people)",IT.NET.SECR.P6,2010,0.3559068797,"Sub-Saharan Africa","Lower middle income"
Cameroon,CMR,"Secure Internet servers (per 1 million people)",IT.NET.SECR.P6,2011,0.4448331737,"Sub-Saharan Africa","Lower middle income"
Cameroon,CMR,"Secure Internet servers (per 1 million people)",IT.NET.SECR.P6,2012,0.9130432505,"Sub-Saharan Africa","Lower middle income"
Cameroon,CMR,"Secure Internet servers (per 1 million people)",IT.NET.SECR.P6,2013,1.3082659608,"Sub-Saharan Africa","Lower middle income"
Cameroon,CMR,"Secure Internet servers (per 1 million people)",IT.NET.SECR.P6,2014,1.8585765579,"Sub-Saharan Africa","Lower middle income"
Cameroon,CMR,"Secure Internet servers (per 1 million people)",IT.NET.SECR.P6,2015,2.2843673625,"Sub-Saharan Africa","Lower middle income"
Cameroon,CMR,"Secure Internet servers (per 1 million people)",IT.NET.SECR.P6,2016,2.8566359718,"Sub-Saharan Africa","Lower middle income"
Cameroon,CMR,"Secure Internet servers (per 1 million people)",IT.NET.SECR.P6,2017,8.7033641113,"Sub-Saharan Africa","Lower middle income"
Cameroon,CMR,"Secure Internet servers (per 1 million people)",IT.NET.SECR.P6,2018,5.5227721026,"Sub-Saharan Africa","Lower middle income"
Cameroon,CMR,"Secure Internet servers (per 1 million people)",IT.NET.SECR.P6,2019,15.3688755570,"Sub-Saharan Africa","Lower middle income"
Cameroon,CMR,"Secure Internet servers (per 1 million people)",IT.NET.SECR.P6,2020,16.9397385588,"Sub-Saharan Africa","Lower middle income"
Cameroon,CMR,"Secure Internet servers (per 1 million people)",IT.NET.SECR.P6,2021,17.4618897970,"Sub-Saharan Africa","Lower middle income"
Cameroon,CMR,"Secure Internet servers (per 1 million people)",IT.NET.SECR.P6,2022,15.1993442858,"Sub-Saharan Africa","Lower middle income"
Cameroon,CMR,"Secure Internet servers (per 1 million people)",IT.NET.SECR.P6,2023,17.0586592662,"Sub-Saharan Africa","Lower middle income"
Cameroon,CMR,"Secure Internet servers (per 1 million people)",IT.NET.SECR.P6,2024,25.1684673509,"Sub-Saharan Africa","Lower middle income"
"Central African Republic",CAF,"Fixed broadband subscriptions (per 100 people)",IT.NET.BBND.P2,2011,0.0177436205,"Sub-Saharan Africa","Low income"
"Central African Republic",CAF,"Fixed broadband subscriptions (per 100 people)",IT.NET.BBND.P2,2012,0.0131212306,"Sub-Saharan Africa","Low income"
"Central African Republic",CAF,"Fixed broadband subscriptions (per 100 people)",IT.NET.BBND.P2,2015,0.0401354843,"Sub-Saharan Africa","Low income"
"Central African Republic",CAF,"Fixed broadband subscriptions (per 100 people)",IT.NET.BBND.P2,2016,0.0156141837,"Sub-Saharan Africa","Low income"
"Central African Republic",CAF,"Fixed broadband subscriptions (per 100 people)",IT.NET.BBND.P2,2017,0.0129132905,"Sub-Saharan Africa","Low income"
"Central African Republic",CAF,"Fixed broadband subscriptions (per 100 people)",IT.NET.BBND.P2,2018,0.0124624461,"Sub-Saharan Africa","Low income"
"Central African Republic",CAF,"Fixed broadband subscriptions (per 100 people)",IT.NET.BBND.P2,2019,0.0100916071,"Sub-Saharan Africa","Low income"
"Central African Republic",CAF,"Fixed broadband subscriptions (per 100 people)",IT.NET.BBND.P2,2021,0.0097611549,"Sub-Saharan Africa","Low income"
"Central African Republic",CAF,"Fixed broadband subscriptions (per 100 people)",IT.NET.BBND.P2,2022,0.0160846161,"Sub-Saharan Africa","Low income"
"Central African Republic",CAF,"Individuals using the Internet (% of population)",IT.NET.USER.ZS,2000,0.0533941742,"Sub-Saharan Africa","Low income"
"Central African Republic",CAF,"Individuals using the Internet (% of population)",IT.NET.USER.ZS,2001,0.0785434278,"Sub-Saharan Africa","Low income"
"Central African Republic",CAF,"Individuals using the Internet (% of population)",IT.NET.USER.ZS,2002,0.1285371165,"Sub-Saharan Africa","Low income"
"Central African Republic",CAF,"Individuals using the Internet (% of population)",IT.NET.USER.ZS,2003,0.1515633379,"Sub-Saharan Africa","Low income"
"Central African Republic",CAF,"Individuals using the Internet (% of population)",IT.NET.USER.ZS,2004,0.2234013955,"Sub-Saharan Africa","Low income"
"Central African Republic",CAF,"Individuals using the Internet (% of population)",IT.NET.USER.ZS,2005,0.2682000100,"Sub-Saharan Africa","Low income"
"Central African Republic",CAF,"Individuals using the Internet (% of population)",IT.NET.USER.ZS,2006,0.3111999930,"Sub-Saharan Africa","Low income"
"Central African Republic",CAF,"Individuals using the Internet (% of population)",IT.NET.USER.ZS,2007,0.3758159610,"Sub-Saharan Africa","Low income"
"Central African Republic",CAF,"Individuals using the Internet (% of population)",IT.NET.USER.ZS,2008,1.0000000000,"Sub-Saharan Africa","Low income"
"Central African Republic",CAF,"Individuals using the Internet (% of population)",IT.NET.USER.ZS,2009,1.7999999520,"Sub-Saharan Africa","Low income"
"Central African Republic",CAF,"Individuals using the Internet (% of population)",IT.NET.USER.ZS,2010,2.0000000000,"Sub-Saharan Africa","Low income"
"Central African Republic",CAF,"Individuals using the Internet (% of population)",IT.NET.USER.ZS,2011,2.2000000480,"Sub-Saharan Africa","Low income"
"Central African Republic",CAF,"Individuals using the Internet (% of population)",IT.NET.USER.ZS,2012,2.4000000950,"Sub-Saharan Africa","Low income"
"Central African Republic",CAF,"Individuals using the Internet (% of population)",IT.NET.USER.ZS,2013,2.5000000000,"Sub-Saharan Africa","Low income"
"Central African Republic",CAF,"Individuals using the Internet (% of population)",IT.NET.USER.ZS,2014,2.7000000480,"Sub-Saharan Africa","Low income"
"Central African Republic",CAF,"Individuals using the Internet (% of population)",IT.NET.USER.ZS,2015,2.9000000950,"Sub-Saharan Africa","Low income"
"Central African Republic",CAF,"Individuals using the Internet (% of population)",IT.NET.USER.ZS,2016,3.0999999050,"Sub-Saharan Africa","Low income"
"Central African Republic",CAF,"Individuals using the Internet (% of population)",IT.NET.USER.ZS,2017,4.0000000000,"Sub-Saharan Africa","Low income"
"Central African Republic",CAF,"Individuals using the Internet (% of population)",IT.NET.USER.ZS,2018,5.0999999050,"Sub-Saharan Africa","Low income"
"Central African Republic",CAF,"Individuals using the Internet (% of population)",IT.NET.USER.ZS,2019,7.5092000960,"Sub-Saharan Africa","Low income"
"Central African Republic",CAF,"Individuals using the Internet (% of population)",IT.NET.USER.ZS,2022,13.7536001200,"Sub-Saharan Africa","Low income"
"Central African Republic",CAF,"Individuals using the Internet (% of population)",IT.NET.USER.ZS,2023,13.8416996000,"Sub-Saharan Africa","Low income"
"Central African Republic",CAF,"Individuals using the Internet (% of population)",IT.NET.USER.ZS,2024,13.7825002700,"Sub-Saharan Africa","Low income"
"Central African Republic",CAF,"Mobile cellular subscriptions (per 100 people)",IT.CEL.SETS.P2,2000,0.1295711188,"Sub-Saharan Africa","Low income"
"Central African Republic",CAF,"Mobile cellular subscriptions (per 100 people)",IT.CEL.SETS.P2,2001,0.2806489727,"Sub-Saharan Africa","Low income"
"Central African Republic",CAF,"Mobile cellular subscriptions (per 100 people)",IT.CEL.SETS.P2,2002,0.3145221622,"Sub-Saharan Africa","Low income"
"Central African Republic",CAF,"Mobile cellular subscriptions (per 100 people)",IT.CEL.SETS.P2,2003,0.9748759836,"Sub-Saharan Africa","Low income"
"Central African Republic",CAF,"Mobile cellular subscriptions (per 100 people)",IT.CEL.SETS.P2,2004,1.4310157397,"Sub-Saharan Africa","Low income"
"Central African Republic",CAF,"Mobile cellular subscriptions (per 100 people)",IT.CEL.SETS.P2,2005,2.3316491055,"Sub-Saharan Africa","Low income"
"Central African Republic",CAF,"Mobile cellular subscriptions (per 100 people)",IT.CEL.SETS.P2,2006,2.5128044520,"Sub-Saharan Africa","Low income"
"Central African Republic",CAF,"Mobile cellular subscriptions (per 100 people)",IT.CEL.SETS.P2,2007,7.6185866625,"Sub-Saharan Africa","Low income"
"Central African Republic",CAF,"Mobile cellular subscriptions (per 100 people)",IT.CEL.SETS.P2,2008,12.5027857084,"Sub-Saharan Africa","Low income"
"Central African Republic",CAF,"Mobile cellular subscriptions (per 100 people)",IT.CEL.SETS.P2,2009,19.0689343696,"Sub-Saharan Africa","Low income"
"Central African Republic",CAF,"Mobile cellular subscriptions (per 100 people)",IT.CEL.SETS.P2,2010,21.7946380977,"Sub-Saharan Africa","Low income"
"Central African Republic",CAF,"Mobile cellular subscriptions (per 100 people)",IT.CEL.SETS.P2,2011,21.7401847659,"Sub-Saharan Africa","Low income"
"Central African Republic",CAF,"Mobile cellular subscriptions (per 100 people)",IT.CEL.SETS.P2,2012,24.7918387247,"Sub-Saharan Africa","Low income"
"Central African Republic",CAF,"Mobile cellular subscriptions (per 100 people)",IT.CEL.SETS.P2,2013,29.3015343940,"Sub-Saharan Africa","Low income"
"Central African Republic",CAF,"Mobile cellular subscriptions (per 100 people)",IT.CEL.SETS.P2,2014,24.9962039132,"Sub-Saharan Africa","Low income"
"Central African Republic",CAF,"Mobile cellular subscriptions (per 100 people)",IT.CEL.SETS.P2,2015,26.8396654368,"Sub-Saharan Africa","Low income"
"Central African Republic",CAF,"Mobile cellular subscriptions (per 100 people)",IT.CEL.SETS.P2,2016,26.4835649048,"Sub-Saharan Africa","Low income"
"Central African Republic",CAF,"Mobile cellular subscriptions (per 100 people)",IT.CEL.SETS.P2,2017,24.5204193753,"Sub-Saharan Africa","Low income"
"Central African Republic",CAF,"Mobile cellular subscriptions (per 100 people)",IT.CEL.SETS.P2,2018,26.2215810622,"Sub-Saharan Africa","Low income"
"Central African Republic",CAF,"Mobile cellular subscriptions (per 100 people)",IT.CEL.SETS.P2,2019,32.2626859490,"Sub-Saharan Africa","Low income"
"Central African Republic",CAF,"Mobile cellular subscriptions (per 100 people)",IT.CEL.SETS.P2,2020,36.4260096430,"Sub-Saharan Africa","Low income"
"Central African Republic",CAF,"Mobile cellular subscriptions (per 100 people)",IT.CEL.SETS.P2,2021,35.8169832359,"Sub-Saharan Africa","Low income"
"Central African Republic",CAF,"Mobile cellular subscriptions (per 100 people)",IT.CEL.SETS.P2,2022,38.8217901040,"Sub-Saharan Africa","Low income"
"Central African Republic",CAF,"Secure Internet servers (per 1 million people)",IT.NET.SECR.P6,2013,0.0000000000,"Sub-Saharan Africa","Low income"
"Central African Republic",CAF,"Secure Internet servers (per 1 million people)",IT.NET.SECR.P6,2014,0.2163012401,"Sub-Saharan Africa","Low income"
"Central African Republic",CAF,"Secure Internet servers (per 1 million people)",IT.NET.SECR.P6,2015,0.2160144470,"Sub-Saharan Africa","Low income"
"Central African Republic",CAF,"Secure Internet servers (per 1 million people)",IT.NET.SECR.P6,2016,0.2121492351,"Sub-Saharan Africa","Low income"
"Central African Republic",CAF,"Secure Internet servers (per 1 million people)",IT.NET.SECR.P6,2017,0.4172307104,"Sub-Saharan Africa","Low income"
"Central African Republic",CAF,"Secure Internet servers (per 1 million people)",IT.NET.SECR.P6,2018,0.6149233283,"Sub-Saharan Africa","Low income"
"Central African Republic",CAF,"Secure Internet servers (per 1 million people)",IT.NET.SECR.P6,2019,1.0111830781,"Sub-Saharan Africa","Low income"
"Central African Republic",CAF,"Secure Internet servers (per 1 million people)",IT.NET.SECR.P6,2020,1.1936431341,"Sub-Saharan Africa","Low income"
"Central African Republic",CAF,"Secure Internet servers (per 1 million people)",IT.NET.SECR.P6,2021,0.9780716340,"Sub-Saharan Africa","Low income"
"Central African Republic",CAF,"Secure Internet servers (per 1 million people)",IT.NET.SECR.P6,2022,1.9615385445,"Sub-Saharan Africa","Low income"
"Central African Republic",CAF,"Secure Internet servers (per 1 million people)",IT.NET.SECR.P6,2023,2.5230857494,"Sub-Saharan Africa","Low income"
"Central African Republic",CAF,"Secure Internet servers (per 1 million people)",IT.NET.SECR.P6,2024,1.6883367819,"Sub-Saharan Africa","Low income"
Chad,TCD,"Fixed broadband subscriptions (per 100 people)",IT.NET.BBND.P2,2009,0.0024971090,"Sub-Saharan Africa","Low income"
Chad,TCD,"Fixed broadband subscriptions (per 100 people)",IT.NET.BBND.P2,2010,0.0026883085,"Sub-Saharan Africa","Low income"
Chad,TCD,"Fixed broadband subscriptions (per 100 people)",IT.NET.BBND.P2,2011,0.1238651801,"Sub-Saharan Africa","Low income"
Chad,TCD,"Fixed broadband subscriptions (per 100 people)",IT.NET.BBND.P2,2012,0.1472560968,"Sub-Saharan Africa","Low income"
Chad,TCD,"Fixed broadband subscriptions (per 100 people)",IT.NET.BBND.P2,2013,0.1072888411,"Sub-Saharan Africa","Low income"
Chad,TCD,"Fixed broadband subscriptions (per 100 people)",IT.NET.BBND.P2,2014,0.0714020009,"Sub-Saharan Africa","Low income"
Chad,TCD,"Fixed broadband subscriptions (per 100 people)",IT.NET.BBND.P2,2015,0.0773982342,"Sub-Saharan Africa","Low income"
Chad,TCD,"Fixed broadband subscriptions (per 100 people)",IT.NET.BBND.P2,2016,0.0339141052,"Sub-Saharan Africa","Low income"
Chad,TCD,"Fixed broadband subscriptions (per 100 people)",IT.NET.BBND.P2,2017,0.0021187039,"Sub-Saharan Africa","Low income"
Chad,TCD,"Fixed broadband subscriptions (per 100 people)",IT.NET.BBND.P2,2018,0.0020672755,"Sub-Saharan Africa","Low income"
Chad,TCD,"Fixed broadband subscriptions (per 100 people)",IT.NET.BBND.P2,2019,0.0004075462,"Sub-Saharan Africa","Low income"
Chad,TCD,"Fixed broadband subscriptions (per 100 people)",IT.NET.BBND.P2,2020,0.0000000000,"Sub-Saharan Africa","Low income"
Chad,TCD,"Fixed broadband subscriptions (per 100 people)",IT.NET.BBND.P2,2021,0.0000000000,"Sub-Saharan Africa","Low income"
Chad,TCD,"Fixed broadband subscriptions (per 100 people)",IT.NET.BBND.P2,2022,0.0000000000,"Sub-Saharan Africa","Low income"
Chad,TCD,"Fixed broadband subscriptions (per 100 people)",IT.NET.BBND.P2,2023,0.0000000000,"Sub-Saharan Africa","Low income"
Chad,TCD,"Fixed broadband subscriptions (per 100 people)",IT.NET.BBND.P2,2024,0.0000000000,"Sub-Saharan Africa","Low income"
Chad,TCD,"Individuals using the Internet (% of population)",IT.NET.USER.ZS,2000,0.0357070763,"Sub-Saharan Africa","Low income"
Chad,TCD,"Individuals using the Internet (% of population)",IT.NET.USER.ZS,2001,0.0459341344,"Sub-Saharan Africa","Low income"
Chad,TCD,"Individuals using the Internet (% of population)",IT.NET.USER.ZS,2002,0.1660696647,"Sub-Saharan Africa","Low income"
Chad,TCD,"Individuals using the Internet (% of population)",IT.NET.USER.ZS,2003,0.3203085554,"Sub-Saharan Africa","Low income"
Chad,TCD,"Individuals using the Internet (% of population)",IT.NET.USER.ZS,2004,0.3609201070,"Sub-Saharan Africa","Low income"
Chad,TCD,"Individuals using the Internet (% of population)",IT.NET.USER.ZS,2005,0.3992577001,"Sub-Saharan Africa","Low income"
Chad,TCD,"Individuals using the Internet (% of population)",IT.NET.USER.ZS,2006,0.5810457642,"Sub-Saharan Africa","Low income"
Chad,TCD,"Individuals using the Internet (% of population)",IT.NET.USER.ZS,2007,0.8472245207,"Sub-Saharan Africa","Low income"
Chad,TCD,"Individuals using the Internet (% of population)",IT.NET.USER.ZS,2008,1.1900000000,"Sub-Saharan Africa","Low income"
Chad,TCD,"Individuals using the Internet (% of population)",IT.NET.USER.ZS,2009,1.5000000000,"Sub-Saharan Africa","Low income"
Chad,TCD,"Individuals using the Internet (% of population)",IT.NET.USER.ZS,2010,1.7000000480,"Sub-Saharan Africa","Low income"
Chad,TCD,"Individuals using the Internet (% of population)",IT.NET.USER.ZS,2011,1.8999999760,"Sub-Saharan Africa","Low income"
Chad,TCD,"Individuals using the Internet (% of population)",IT.NET.USER.ZS,2012,2.0999999050,"Sub-Saharan Africa","Low income"
Chad,TCD,"Individuals using the Internet (% of population)",IT.NET.USER.ZS,2013,2.5000000000,"Sub-Saharan Africa","Low income"
Chad,TCD,"Individuals using the Internet (% of population)",IT.NET.USER.ZS,2014,2.9000000950,"Sub-Saharan Africa","Low income"
Chad,TCD,"Individuals using the Internet (% of population)",IT.NET.USER.ZS,2015,3.5000000000,"Sub-Saharan Africa","Low income"
Chad,TCD,"Individuals using the Internet (% of population)",IT.NET.USER.ZS,2016,5.8000001910,"Sub-Saharan Africa","Low income"
Chad,TCD,"Individuals using the Internet (% of population)",IT.NET.USER.ZS,2017,6.3519001010,"Sub-Saharan Africa","Low income"
Chad,TCD,"Individuals using the Internet (% of population)",IT.NET.USER.ZS,2018,6.9562997820,"Sub-Saharan Africa","Low income"
Chad,TCD,"Individuals using the Internet (% of population)",IT.NET.USER.ZS,2019,7.6181998250,"Sub-Saharan Africa","Low income"
Chad,TCD,"Individuals using the Internet (% of population)",IT.NET.USER.ZS,2020,8.3430995940,"Sub-Saharan Africa","Low income"
Chad,TCD,"Individuals using the Internet (% of population)",IT.NET.USER.ZS,2021,9.6536998750,"Sub-Saharan Africa","Low income"
Chad,TCD,"Individuals using the Internet (% of population)",IT.NET.USER.ZS,2022,11.1702995300,"Sub-Saharan Africa","Low income"
Chad,TCD,"Individuals using the Internet (% of population)",IT.NET.USER.ZS,2023,12.0359001200,"Sub-Saharan Africa","Low income"
Chad,TCD,"Individuals using the Internet (% of population)",IT.NET.USER.ZS,2024,12.6268997200,"Sub-Saharan Africa","Low income"
Chad,TCD,"Mobile cellular subscriptions (per 100 people)",IT.CEL.SETS.P2,2000,0.0646139557,"Sub-Saharan Africa","Low income"
Chad,TCD,"Mobile cellular subscriptions (per 100 people)",IT.CEL.SETS.P2,2001,0.2498828958,"Sub-Saharan Africa","Low income"
Chad,TCD,"Mobile cellular subscriptions (per 100 people)",IT.CEL.SETS.P2,2002,0.3751566444,"Sub-Saharan Africa","Low income"
Chad,TCD,"Mobile cellular subscriptions (per 100 people)",IT.CEL.SETS.P2,2003,0.6850879437,"Sub-Saharan Africa","Low income"
Chad,TCD,"Mobile cellular subscriptions (per 100 people)",IT.CEL.SETS.P2,2004,1.2399148551,"Sub-Saharan Africa","Low income"
Chad,TCD,"Mobile cellular subscriptions (per 100 people)",IT.CEL.SETS.P2,2005,2.0332894014,"Sub-Saharan Africa","Low income"
Chad,TCD,"Mobile cellular subscriptions (per 100 people)",IT.CEL.SETS.P2,2006,4.3533489800,"Sub-Saharan Africa","Low income"
Chad,TCD,"Mobile cellular subscriptions (per 100 people)",IT.CEL.SETS.P2,2007,8.2871699727,"Sub-Saharan Africa","Low income"
Chad,TCD,"Mobile cellular subscriptions (per 100 people)",IT.CEL.SETS.P2,2008,13.9417805187,"Sub-Saharan Africa","Low income"
Chad,TCD,"Mobile cellular subscriptions (per 100 people)",IT.CEL.SETS.P2,2009,19.1808238173,"Sub-Saharan Africa","Low income"
Chad,TCD,"Mobile cellular subscriptions (per 100 people)",IT.CEL.SETS.P2,2010,23.3525805934,"Sub-Saharan Africa","Low income"
Chad,TCD,"Mobile cellular subscriptions (per 100 people)",IT.CEL.SETS.P2,2011,28.7390189116,"Sub-Saharan Africa","Low income"
Chad,TCD,"Mobile cellular subscriptions (per 100 people)",IT.CEL.SETS.P2,2012,33.3228572134,"Sub-Saharan Africa","Low income"
Chad,TCD,"Mobile cellular subscriptions (per 100 people)",IT.CEL.SETS.P2,2013,33.3154384691,"Sub-Saharan Africa","Low income"
Chad,TCD,"Mobile cellular subscriptions (per 100 people)",IT.CEL.SETS.P2,2014,37.0123277165,"Sub-Saharan Africa","Low income"
Chad,TCD,"Mobile cellular subscriptions (per 100 people)",IT.CEL.SETS.P2,2015,37.3152541290,"Sub-Saharan Africa","Low income"
Chad,TCD,"Mobile cellular subscriptions (per 100 people)",IT.CEL.SETS.P2,2016,36.9555838357,"Sub-Saharan Africa","Low income"
Chad,TCD,"Mobile cellular subscriptions (per 100 people)",IT.CEL.SETS.P2,2017,40.7648866631,"Sub-Saharan Africa","Low income"
Chad,TCD,"Mobile cellular subscriptions (per 100 people)",IT.CEL.SETS.P2,2018,43.2279057924,"Sub-Saharan Africa","Low income"
Chad,TCD,"Mobile cellular subscriptions (per 100 people)",IT.CEL.SETS.P2,2019,45.9378876746,"Sub-Saharan Africa","Low income"
Chad,TCD,"Mobile cellular subscriptions (per 100 people)",IT.CEL.SETS.P2,2020,50.4343273973,"Sub-Saharan Africa","Low income"
Chad,TCD,"Mobile cellular subscriptions (per 100 people)",IT.CEL.SETS.P2,2021,58.0323175442,"Sub-Saharan Africa","Low income"
Chad,TCD,"Mobile cellular subscriptions (per 100 people)",IT.CEL.SETS.P2,2022,65.4377795536,"Sub-Saharan Africa","Low income"
Chad,TCD,"Mobile cellular subscriptions (per 100 people)",IT.CEL.SETS.P2,2023,70.1873962424,"Sub-Saharan Africa","Low income"
Chad,TCD,"Mobile cellular subscriptions (per 100 people)",IT.CEL.SETS.P2,2024,72.9289782618,"Sub-Saharan Africa","Low income"
Chad,TCD,"Secure Internet servers (per 1 million people)",IT.NET.SECR.P6,2010,0.0812177794,"Sub-Saharan Africa","Low income"
Chad,TCD,"Secure Internet servers (per 1 million people)",IT.NET.SECR.P6,2011,0.1568012913,"Sub-Saharan Africa","Low income"
Chad,TCD,"Secure Internet servers (per 1 million people)",IT.NET.SECR.P6,2012,0.0756945085,"Sub-Saharan Africa","Low income"
Chad,TCD,"Secure Internet servers (per 1 million people)",IT.NET.SECR.P6,2013,0.1460805244,"Sub-Saharan Africa","Low income"
Chad,TCD,"Secure Internet servers (per 1 million people)",IT.NET.SECR.P6,2014,0.1409574592,"Sub-Saharan Africa","Low income"
Chad,TCD,"Secure Internet servers (per 1 million people)",IT.NET.SECR.P6,2015,0.3413523602,"Sub-Saharan Africa","Low income"
Chad,TCD,"Secure Internet servers (per 1 million people)",IT.NET.SECR.P6,2016,0.3308047719,"Sub-Saharan Africa","Low income"
Chad,TCD,"Secure Internet servers (per 1 million people)",IT.NET.SECR.P6,2017,0.5760826241,"Sub-Saharan Africa","Low income"
Chad,TCD,"Secure Internet servers (per 1 million people)",IT.NET.SECR.P6,2018,0.4332613232,"Sub-Saharan Africa","Low income"
Chad,TCD,"Secure Internet servers (per 1 million people)",IT.NET.SECR.P6,2019,0.6592659864,"Sub-Saharan Africa","Low income"
Chad,TCD,"Secure Internet servers (per 1 million people)",IT.NET.SECR.P6,2020,1.2191809206,"Sub-Saharan Africa","Low income"
Chad,TCD,"Secure Internet servers (per 1 million people)",IT.NET.SECR.P6,2021,1.2339950145,"Sub-Saharan Africa","Low income"
Chad,TCD,"Secure Internet servers (per 1 million people)",IT.NET.SECR.P6,2022,0.8669588752,"Sub-Saharan Africa","Low income"
Chad,TCD,"Secure Internet servers (per 1 million people)",IT.NET.SECR.P6,2023,1.2422962106,"Sub-Saharan Africa","Low income"
Chad,TCD,"Secure Internet servers (per 1 million people)",IT.NET.SECR.P6,2024,1.2315803003,"Sub-Saharan Africa","Low income"
Comoros,COM,"Fixed broadband subscriptions (per 100 people)",IT.NET.BBND.P2,2004,0.0001722048,"Sub-Saharan Africa","Lower middle income"
Comoros,COM,"Fixed broadband subscriptions (per 100 people)",IT.NET.BBND.P2,2005,0.0006749039,"Sub-Saharan Africa","Lower middle income"
Comoros,COM,"Fixed broadband subscriptions (per 100 people)",IT.NET.BBND.P2,2007,0.0132916861,"Sub-Saharan Africa","Lower middle income"
Comoros,COM,"Fixed broadband subscriptions (per 100 people)",IT.NET.BBND.P2,2008,0.0174795450,"Sub-Saharan Africa","Lower middle income"
Comoros,COM,"Fixed broadband subscriptions (per 100 people)",IT.NET.BBND.P2,2009,0.0102812226,"Sub-Saharan Africa","Lower middle income"
Comoros,COM,"Fixed broadband subscriptions (per 100 people)",IT.NET.BBND.P2,2010,0.0502415872,"Sub-Saharan Africa","Lower middle income"
Comoros,COM,"Fixed broadband subscriptions (per 100 people)",IT.NET.BBND.P2,2011,0.0598752200,"Sub-Saharan Africa","Lower middle income"
Comoros,COM,"Fixed broadband subscriptions (per 100 people)",IT.NET.BBND.P2,2012,0.1808899256,"Sub-Saharan Africa","Lower middle income"
Comoros,COM,"Fixed broadband subscriptions (per 100 people)",IT.NET.BBND.P2,2013,0.1867300974,"Sub-Saharan Africa","Lower middle income"
Comoros,COM,"Fixed broadband subscriptions (per 100 people)",IT.NET.BBND.P2,2014,0.2224867639,"Sub-Saharan Africa","Lower middle income"
Comoros,COM,"Fixed broadband subscriptions (per 100 people)",IT.NET.BBND.P2,2015,0.2201788403,"Sub-Saharan Africa","Lower middle income"
Comoros,COM,"Fixed broadband subscriptions (per 100 people)",IT.NET.BBND.P2,2016,0.2202925280,"Sub-Saharan Africa","Lower middle income"
Comoros,COM,"Fixed broadband subscriptions (per 100 people)",IT.NET.BBND.P2,2017,0.2172680525,"Sub-Saharan Africa","Lower middle income"
Comoros,COM,"Fixed broadband subscriptions (per 100 people)",IT.NET.BBND.P2,2018,0.1984214414,"Sub-Saharan Africa","Lower middle income"
Comoros,COM,"Fixed broadband subscriptions (per 100 people)",IT.NET.BBND.P2,2019,0.1624759401,"Sub-Saharan Africa","Lower middle income"
Comoros,COM,"Fixed broadband subscriptions (per 100 people)",IT.NET.BBND.P2,2020,0.1480995758,"Sub-Saharan Africa","Lower middle income"
Comoros,COM,"Fixed broadband subscriptions (per 100 people)",IT.NET.BBND.P2,2021,0.1504569933,"Sub-Saharan Africa","Lower middle income"
Comoros,COM,"Fixed broadband subscriptions (per 100 people)",IT.NET.BBND.P2,2022,0.2193750090,"Sub-Saharan Africa","Lower middle income"
Comoros,COM,"Fixed broadband subscriptions (per 100 people)",IT.NET.BBND.P2,2023,0.3879410198,"Sub-Saharan Africa","Lower middle income"
Comoros,COM,"Individuals using the Internet (% of population)",IT.NET.USER.ZS,2000,0.2717406073,"Sub-Saharan Africa","Lower middle income"
Comoros,COM,"Individuals using the Internet (% of population)",IT.NET.USER.ZS,2001,0.4430683725,"Sub-Saharan Africa","Lower middle income"
Comoros,COM,"Individuals using the Internet (% of population)",IT.NET.USER.ZS,2002,0.5548696750,"Sub-Saharan Africa","Lower middle income"
Comoros,COM,"Individuals using the Internet (% of population)",IT.NET.USER.ZS,2003,0.8481893702,"Sub-Saharan Africa","Lower middle income"
Comoros,COM,"Individuals using the Internet (% of population)",IT.NET.USER.ZS,2004,1.3273271779,"Sub-Saharan Africa","Lower middle income"
Comoros,COM,"Individuals using the Internet (% of population)",IT.NET.USER.ZS,2005,2.0000000000,"Sub-Saharan Africa","Lower middle income"
Comoros,COM,"Individuals using the Internet (% of population)",IT.NET.USER.ZS,2006,2.2000000480,"Sub-Saharan Africa","Lower middle income"
Comoros,COM,"Individuals using the Internet (% of population)",IT.NET.USER.ZS,2007,2.5000000000,"Sub-Saharan Africa","Lower middle income"
Comoros,COM,"Individuals using the Internet (% of population)",IT.NET.USER.ZS,2008,3.0000000000,"Sub-Saharan Africa","Lower middle income"
Comoros,COM,"Individuals using the Internet (% of population)",IT.NET.USER.ZS,2009,3.5000000000,"Sub-Saharan Africa","Lower middle income"
Comoros,COM,"Individuals using the Internet (% of population)",IT.NET.USER.ZS,2010,5.0999999050,"Sub-Saharan Africa","Lower middle income"
Comoros,COM,"Individuals using the Internet (% of population)",IT.NET.USER.ZS,2011,5.5000000000,"Sub-Saharan Africa","Lower middle income"
Comoros,COM,"Individuals using the Internet (% of population)",IT.NET.USER.ZS,2012,5.9752998350,"Sub-Saharan Africa","Lower middle income"
Comoros,COM,"Individuals using the Internet (% of population)",IT.NET.USER.ZS,2013,6.5000000000,"Sub-Saharan Africa","Lower middle income"
Comoros,COM,"Individuals using the Internet (% of population)",IT.NET.USER.ZS,2014,6.9800000190,"Sub-Saharan Africa","Lower middle income"
Comoros,COM,"Individuals using the Internet (% of population)",IT.NET.USER.ZS,2015,7.4591999050,"Sub-Saharan Africa","Lower middle income"
Comoros,COM,"Individuals using the Internet (% of population)",IT.NET.USER.ZS,2016,7.9383001330,"Sub-Saharan Africa","Lower middle income"
Comoros,COM,"Individuals using the Internet (% of population)",IT.NET.USER.ZS,2017,8.4781999590,"Sub-Saharan Africa","Lower middle income"
Comoros,COM,"Individuals using the Internet (% of population)",IT.NET.USER.ZS,2019,16.3838005100,"Sub-Saharan Africa","Lower middle income"
Comoros,COM,"Individuals using the Internet (% of population)",IT.NET.USER.ZS,2020,22.4204006200,"Sub-Saharan Africa","Lower middle income"
Comoros,COM,"Individuals using the Internet (% of population)",IT.NET.USER.ZS,2021,30.6812000300,"Sub-Saharan Africa","Lower middle income"
Comoros,COM,"Individuals using the Internet (% of population)",IT.NET.USER.ZS,2022,31.3740997300,"Sub-Saharan Africa","Lower middle income"
Comoros,COM,"Individuals using the Internet (% of population)",IT.NET.USER.ZS,2023,31.9274997700,"Sub-Saharan Africa","Lower middle income"
Comoros,COM,"Individuals using the Internet (% of population)",IT.NET.USER.ZS,2024,32.5175018300,"Sub-Saharan Africa","Lower middle income"
Comoros,COM,"Mobile cellular subscriptions (per 100 people)",IT.CEL.SETS.P2,2000,0.0000000000,"Sub-Saharan Africa","Lower middle income"
Comoros,COM,"Mobile cellular subscriptions (per 100 people)",IT.CEL.SETS.P2,2001,0.0000000000,"Sub-Saharan Africa","Lower middle income"
Comoros,COM,"Mobile cellular subscriptions (per 100 people)",IT.CEL.SETS.P2,2002,0.0000000000,"Sub-Saharan Africa","Lower middle income"
Comoros,COM,"Mobile cellular subscriptions (per 100 people)",IT.CEL.SETS.P2,2003,0.3510015830,"Sub-Saharan Africa","Lower middle income"
Comoros,COM,"Mobile cellular subscriptions (per 100 people)",IT.CEL.SETS.P2,2004,1.4427315810,"Sub-Saharan Africa","Lower middle income"
Comoros,COM,"Mobile cellular subscriptions (per 100 people)",IT.CEL.SETS.P2,2005,2.6191331872,"Sub-Saharan Africa","Lower middle income"
Comoros,COM,"Mobile cellular subscriptions (per 100 people)",IT.CEL.SETS.P2,2006,6.0978614410,"Sub-Saharan Africa","Lower middle income"
Comoros,COM,"Mobile cellular subscriptions (per 100 people)",IT.CEL.SETS.P2,2007,10.0666691521,"Sub-Saharan Africa","Lower middle income"
Comoros,COM,"Mobile cellular subscriptions (per 100 people)",IT.CEL.SETS.P2,2008,14.5780994014,"Sub-Saharan Africa","Lower middle income"
Comoros,COM,"Mobile cellular subscriptions (per 100 people)",IT.CEL.SETS.P2,2009,19.0975267429,"Sub-Saharan Africa","Lower middle income"
Comoros,COM,"Mobile cellular subscriptions (per 100 people)",IT.CEL.SETS.P2,2010,25.2396019767,"Sub-Saharan Africa","Lower middle income"
Comoros,COM,"Mobile cellular subscriptions (per 100 people)",IT.CEL.SETS.P2,2011,32.3981821883,"Sub-Saharan Africa","Lower middle income"
Comoros,COM,"Mobile cellular subscriptions (per 100 people)",IT.CEL.SETS.P2,2012,41.5930930270,"Sub-Saharan Africa","Lower middle income"
Comoros,COM,"Mobile cellular subscriptions (per 100 people)",IT.CEL.SETS.P2,2013,49.9143914322,"Sub-Saharan Africa","Lower middle income"
Comoros,COM,"Mobile cellular subscriptions (per 100 people)",IT.CEL.SETS.P2,2014,53.8297097834,"Sub-Saharan Africa","Lower middle income"
Comoros,COM,"Mobile cellular subscriptions (per 100 people)",IT.CEL.SETS.P2,2015,58.4555555250,"Sub-Saharan Africa","Lower middle income"
Comoros,COM,"Mobile cellular subscriptions (per 100 people)",IT.CEL.SETS.P2,2016,61.2597928387,"Sub-Saharan Africa","Lower middle income"
Comoros,COM,"Mobile cellular subscriptions (per 100 people)",IT.CEL.SETS.P2,2017,61.9708221164,"Sub-Saharan Africa","Lower middle income"
Comoros,COM,"Mobile cellular subscriptions (per 100 people)",IT.CEL.SETS.P2,2018,64.6590805998,"Sub-Saharan Africa","Lower middle income"
Comoros,COM,"Mobile cellular subscriptions (per 100 people)",IT.CEL.SETS.P2,2019,73.1291747290,"Sub-Saharan Africa","Lower middle income"
Comoros,COM,"Mobile cellular subscriptions (per 100 people)",IT.CEL.SETS.P2,2020,97.4339379902,"Sub-Saharan Africa","Lower middle income"
Comoros,COM,"Mobile cellular subscriptions (per 100 people)",IT.CEL.SETS.P2,2021,104.3114300870,"Sub-Saharan Africa","Lower middle income"
Comoros,COM,"Mobile cellular subscriptions (per 100 people)",IT.CEL.SETS.P2,2022,100.5490369077,"Sub-Saharan Africa","Lower middle income"
Comoros,COM,"Mobile cellular subscriptions (per 100 people)",IT.CEL.SETS.P2,2023,109.8556304365,"Sub-Saharan Africa","Lower middle income"
Comoros,COM,"Secure Internet servers (per 1 million people)",IT.NET.SECR.P6,2010,0.0000000000,"Sub-Saharan Africa","Lower middle income"
Comoros,COM,"Secure Internet servers (per 1 million people)",IT.NET.SECR.P6,2011,1.4968805010,"Sub-Saharan Africa","Lower middle income"
Comoros,COM,"Secure Internet servers (per 1 million people)",IT.NET.SECR.P6,2012,0.0000000000,"Sub-Saharan Africa","Lower middle income"
Comoros,COM,"Secure Internet servers (per 1 million people)",IT.NET.SECR.P6,2013,1.4363853650,"Sub-Saharan Africa","Lower middle income"
Comoros,COM,"Secure Internet servers (per 1 million people)",IT.NET.SECR.P6,2014,4.2164263538,"Sub-Saharan Africa","Lower middle income"
Comoros,COM,"Secure Internet servers (per 1 million people)",IT.NET.SECR.P6,2015,1.3761177516,"Sub-Saharan Africa","Lower middle income"
Comoros,COM,"Secure Internet servers (per 1 million people)",IT.NET.SECR.P6,2016,63.3644358341,"Sub-Saharan Africa","Lower middle income"
Comoros,COM,"Secure Internet servers (per 1 million people)",IT.NET.SECR.P6,2017,5.2863273109,"Sub-Saharan Africa","Lower middle income"
Comoros,COM,"Secure Internet servers (per 1 million people)",IT.NET.SECR.P6,2018,7.7761505463,"Sub-Saharan Africa","Lower middle income"
Comoros,COM,"Secure Internet servers (per 1 million people)",IT.NET.SECR.P6,2019,7.6279784077,"Sub-Saharan Africa","Lower middle income"
Comoros,COM,"Secure Internet servers (per 1 million people)",IT.NET.SECR.P6,2020,9.9730354055,"Sub-Saharan Africa","Lower middle income"
Comoros,COM,"Secure Internet servers (per 1 million people)",IT.NET.SECR.P6,2021,18.3335085202,"Sub-Saharan Africa","Lower middle income"
Comoros,COM,"Secure Internet servers (per 1 million people)",IT.NET.SECR.P6,2022,26.3729519005,"Sub-Saharan Africa","Lower middle income"
Comoros,COM,"Secure Internet servers (per 1 million people)",IT.NET.SECR.P6,2023,18.8149630698,"Sub-Saharan Africa","Lower middle income"
Comoros,COM,"Secure Internet servers (per 1 million people)",IT.NET.SECR.P6,2024,16.1545668961,"Sub-Saharan Africa","Lower middle income"
"Cote d'Ivoire",CIV,"Fixed broadband subscriptions (per 100 people)",IT.NET.BBND.P2,2003,0.0021594159,"Sub-Saharan Africa","Lower middle income"
"Cote d'Ivoire",CIV,"Fixed broadband subscriptions (per 100 people)",IT.NET.BBND.P2,2004,0.0042153611,"Sub-Saharan Africa","Lower middle income"
"Cote d'Ivoire",CIV,"Fixed broadband subscriptions (per 100 people)",IT.NET.BBND.P2,2005,0.0061738675,"Sub-Saharan Africa","Lower middle income"
"Cote d'Ivoire",CIV,"Fixed broadband subscriptions (per 100 people)",IT.NET.BBND.P2,2006,0.0486693744,"Sub-Saharan Africa","Lower middle income"
"Cote d'Ivoire",CIV,"Fixed broadband subscriptions (per 100 people)",IT.NET.BBND.P2,2007,0.0475498558,"Sub-Saharan Africa","Lower middle income"
"Cote d'Ivoire",CIV,"Fixed broadband subscriptions (per 100 people)",IT.NET.BBND.P2,2008,0.0464804125,"Sub-Saharan Africa","Lower middle income"
"Cote d'Ivoire",CIV,"Fixed broadband subscriptions (per 100 people)",IT.NET.BBND.P2,2009,0.0454588021,"Sub-Saharan Africa","Lower middle income"
"Cote d'Ivoire",CIV,"Fixed broadband subscriptions (per 100 people)",IT.NET.BBND.P2,2012,0.1967309266,"Sub-Saharan Africa","Lower middle income"
"Cote d'Ivoire",CIV,"Fixed broadband subscriptions (per 100 people)",IT.NET.BBND.P2,2013,0.2350941059,"Sub-Saharan Africa","Lower middle income"
"Cote d'Ivoire",CIV,"Fixed broadband subscriptions (per 100 people)",IT.NET.BBND.P2,2014,0.5172053534,"Sub-Saharan Africa","Lower middle income"
"Cote d'Ivoire",CIV,"Fixed broadband subscriptions (per 100 people)",IT.NET.BBND.P2,2015,0.4345461216,"Sub-Saharan Africa","Lower middle income"
"Cote d'Ivoire",CIV,"Fixed broadband subscriptions (per 100 people)",IT.NET.BBND.P2,2016,0.5247522981,"Sub-Saharan Africa","Lower middle income"
"Cote d'Ivoire",CIV,"Fixed broadband subscriptions (per 100 people)",IT.NET.BBND.P2,2017,0.5342573320,"Sub-Saharan Africa","Lower middle income"
"Cote d'Ivoire",CIV,"Fixed broadband subscriptions (per 100 people)",IT.NET.BBND.P2,2018,0.6405363089,"Sub-Saharan Africa","Lower middle income"
"Cote d'Ivoire",CIV,"Fixed broadband subscriptions (per 100 people)",IT.NET.BBND.P2,2019,0.7687118463,"Sub-Saharan Africa","Lower middle income"
"Cote d'Ivoire",CIV,"Fixed broadband subscriptions (per 100 people)",IT.NET.BBND.P2,2020,0.9039112621,"Sub-Saharan Africa","Lower middle income"
"Cote d'Ivoire",CIV,"Fixed broadband subscriptions (per 100 people)",IT.NET.BBND.P2,2021,1.1303778144,"Sub-Saharan Africa","Lower middle income"
"Cote d'Ivoire",CIV,"Fixed broadband subscriptions (per 100 people)",IT.NET.BBND.P2,2022,1.2517913307,"Sub-Saharan Africa","Lower middle income"
"Cote d'Ivoire",CIV,"Fixed broadband subscriptions (per 100 people)",IT.NET.BBND.P2,2023,1.3633662236,"Sub-Saharan Africa","Lower middle income"
"Cote d'Ivoire",CIV,"Fixed broadband subscriptions (per 100 people)",IT.NET.BBND.P2,2024,1.6015322743,"Sub-Saharan Africa","Lower middle income"
"Cote d'Ivoire",CIV,"Individuals using the Internet (% of population)",IT.NET.USER.ZS,2000,0.2314616706,"Sub-Saharan Africa","Lower middle income"
"Cote d'Ivoire",CIV,"Individuals using the Internet (% of population)",IT.NET.USER.ZS,2001,0.3957477022,"Sub-Saharan Africa","Lower middle income"
"Cote d'Ivoire",CIV,"Individuals using the Internet (% of population)",IT.NET.USER.ZS,2002,0.4979293608,"Sub-Saharan Africa","Lower middle income"
"Cote d'Ivoire",CIV,"Individuals using the Internet (% of population)",IT.NET.USER.ZS,2003,0.7586696295,"Sub-Saharan Africa","Lower middle income"
"Cote d'Ivoire",CIV,"Individuals using the Internet (% of population)",IT.NET.USER.ZS,2004,0.8492824147,"Sub-Saharan Africa","Lower middle income"
"Cote d'Ivoire",CIV,"Individuals using the Internet (% of population)",IT.NET.USER.ZS,2005,1.0391999480,"Sub-Saharan Africa","Lower middle income"
"Cote d'Ivoire",CIV,"Individuals using the Internet (% of population)",IT.NET.USER.ZS,2006,1.5248999600,"Sub-Saharan Africa","Lower middle income"
"Cote d'Ivoire",CIV,"Individuals using the Internet (% of population)",IT.NET.USER.ZS,2007,1.7999999520,"Sub-Saharan Africa","Lower middle income"
"Cote d'Ivoire",CIV,"Individuals using the Internet (% of population)",IT.NET.USER.ZS,2008,1.8999999760,"Sub-Saharan Africa","Lower middle income"
"Cote d'Ivoire",CIV,"Individuals using the Internet (% of population)",IT.NET.USER.ZS,2009,2.0000000000,"Sub-Saharan Africa","Lower middle income"
"Cote d'Ivoire",CIV,"Individuals using the Internet (% of population)",IT.NET.USER.ZS,2010,2.7000000480,"Sub-Saharan Africa","Lower middle income"
"Cote d'Ivoire",CIV,"Individuals using the Internet (% of population)",IT.NET.USER.ZS,2011,2.9000000950,"Sub-Saharan Africa","Lower middle income"
"Cote d'Ivoire",CIV,"Individuals using the Internet (% of population)",IT.NET.USER.ZS,2012,4.4000000950,"Sub-Saharan Africa","Lower middle income"
"Cote d'Ivoire",CIV,"Individuals using the Internet (% of population)",IT.NET.USER.ZS,2013,6.5999999050,"Sub-Saharan Africa","Lower middle income"
"Cote d'Ivoire",CIV,"Individuals using the Internet (% of population)",IT.NET.USER.ZS,2014,10.0000000000,"Sub-Saharan Africa","Lower middle income"
"Cote d'Ivoire",CIV,"Individuals using the Internet (% of population)",IT.NET.USER.ZS,2015,38.4400001655,"Sub-Saharan Africa","Lower middle income"
"Cote d'Ivoire",CIV,"Individuals using the Internet (% of population)",IT.NET.USER.ZS,2016,41.2078149304,"Sub-Saharan Africa","Lower middle income"
"Cote d'Ivoire",CIV,"Individuals using the Internet (% of population)",IT.NET.USER.ZS,2017,43.8399208515,"Sub-Saharan Africa","Lower middle income"
"Cote d'Ivoire",CIV,"Individuals using the Internet (% of population)",IT.NET.USER.ZS,2018,37.5465361301,"Sub-Saharan Africa","Lower middle income"
"Cote d'Ivoire",CIV,"Individuals using the Internet (% of population)",IT.NET.USER.ZS,2019,36.2889545655,"Sub-Saharan Africa","Lower middle income"
"Cote d'Ivoire",CIV,"Individuals using the Internet (% of population)",IT.NET.USER.ZS,2020,36.0166015600,"Sub-Saharan Africa","Lower middle income"
"Cote d'Ivoire",CIV,"Individuals using the Internet (% of population)",IT.NET.USER.ZS,2021,35.9506988500,"Sub-Saharan Africa","Lower middle income"
"Cote d'Ivoire",CIV,"Individuals using the Internet (% of population)",IT.NET.USER.ZS,2022,38.4132812200,"Sub-Saharan Africa","Lower middle income"
"Cote d'Ivoire",CIV,"Individuals using the Internet (% of population)",IT.NET.USER.ZS,2023,40.6528497900,"Sub-Saharan Africa","Lower middle income"
"Cote d'Ivoire",CIV,"Individuals using the Internet (% of population)",IT.NET.USER.ZS,2024,41.4321990200,"Sub-Saharan Africa","Lower middle income"
"Cote d'Ivoire",CIV,"Mobile cellular subscriptions (per 100 people)",IT.CEL.SETS.P2,2000,2.6721955654,"Sub-Saharan Africa","Lower middle income"
"Cote d'Ivoire",CIV,"Mobile cellular subscriptions (per 100 people)",IT.CEL.SETS.P2,2001,4.0076378604,"Sub-Saharan Africa","Lower middle income"
"Cote d'Ivoire",CIV,"Mobile cellular subscriptions (per 100 people)",IT.CEL.SETS.P2,2002,5.5056049737,"Sub-Saharan Africa","Lower middle income"
"Cote d'Ivoire",CIV,"Mobile cellular subscriptions (per 100 people)",IT.CEL.SETS.P2,2003,6.6962599021,"Sub-Saharan Africa","Lower middle income"
"Cote d'Ivoire",CIV,"Mobile cellular subscriptions (per 100 people)",IT.CEL.SETS.P2,2004,8.5446899719,"Sub-Saharan Africa","Lower middle income"
"Cote d'Ivoire",CIV,"Mobile cellular subscriptions (per 100 people)",IT.CEL.SETS.P2,2005,11.7071226897,"Sub-Saharan Africa","Lower middle income"
"Cote d'Ivoire",CIV,"Mobile cellular subscriptions (per 100 people)",IT.CEL.SETS.P2,2006,19.7861496889,"Sub-Saharan Africa","Lower middle income"
"Cote d'Ivoire",CIV,"Mobile cellular subscriptions (per 100 people)",IT.CEL.SETS.P2,2007,35.5088438452,"Sub-Saharan Africa","Lower middle income"
"Cote d'Ivoire",CIV,"Mobile cellular subscriptions (per 100 people)",IT.CEL.SETS.P2,2008,48.5675503786,"Sub-Saharan Africa","Lower middle income"
"Cote d'Ivoire",CIV,"Mobile cellular subscriptions (per 100 people)",IT.CEL.SETS.P2,2009,59.9342847558,"Sub-Saharan Africa","Lower middle income"
"Cote d'Ivoire",CIV,"Mobile cellular subscriptions (per 100 people)",IT.CEL.SETS.P2,2010,69.3658791897,"Sub-Saharan Africa","Lower middle income"
"Cote d'Ivoire",CIV,"Mobile cellular subscriptions (per 100 people)",IT.CEL.SETS.P2,2011,75.4688103733,"Sub-Saharan Africa","Lower middle income"
"Cote d'Ivoire",CIV,"Mobile cellular subscriptions (per 100 people)",IT.CEL.SETS.P2,2012,77.1273355805,"Sub-Saharan Africa","Lower middle income"
"Cote d'Ivoire",CIV,"Mobile cellular subscriptions (per 100 people)",IT.CEL.SETS.P2,2013,80.9986810653,"Sub-Saharan Africa","Lower middle income"
"Cote d'Ivoire",CIV,"Mobile cellular subscriptions (per 100 people)",IT.CEL.SETS.P2,2014,90.1219840101,"Sub-Saharan Africa","Lower middle income"
"Cote d'Ivoire",CIV,"Mobile cellular subscriptions (per 100 people)",IT.CEL.SETS.P2,2015,100.6387776891,"Sub-Saharan Africa","Lower middle income"
"Cote d'Ivoire",CIV,"Mobile cellular subscriptions (per 100 people)",IT.CEL.SETS.P2,2016,105.6247728642,"Sub-Saharan Africa","Lower middle income"
"Cote d'Ivoire",CIV,"Mobile cellular subscriptions (per 100 people)",IT.CEL.SETS.P2,2017,118.7550638954,"Sub-Saharan Africa","Lower middle income"
"Cote d'Ivoire",CIV,"Mobile cellular subscriptions (per 100 people)",IT.CEL.SETS.P2,2018,123.0980084490,"Sub-Saharan Africa","Lower middle income"
"Cote d'Ivoire",CIV,"Mobile cellular subscriptions (per 100 people)",IT.CEL.SETS.P2,2019,132.5740115218,"Sub-Saharan Africa","Lower middle income"
"Cote d'Ivoire",CIV,"Mobile cellular subscriptions (per 100 people)",IT.CEL.SETS.P2,2020,138.6637503018,"Sub-Saharan Africa","Lower middle income"
"Cote d'Ivoire",CIV,"Mobile cellular subscriptions (per 100 people)",IT.CEL.SETS.P2,2021,150.3437986087,"Sub-Saharan Africa","Lower middle income"
"Cote d'Ivoire",CIV,"Mobile cellular subscriptions (per 100 people)",IT.CEL.SETS.P2,2022,161.2318334442,"Sub-Saharan Africa","Lower middle income"
"Cote d'Ivoire",CIV,"Mobile cellular subscriptions (per 100 people)",IT.CEL.SETS.P2,2023,171.9889433413,"Sub-Saharan Africa","Lower middle income"
"Cote d'Ivoire",CIV,"Mobile cellular subscriptions (per 100 people)",IT.CEL.SETS.P2,2024,183.8759851106,"Sub-Saharan Africa","Lower middle income"
"Cote d'Ivoire",CIV,"Secure Internet servers (per 1 million people)",IT.NET.SECR.P6,2010,0.4891483549,"Sub-Saharan Africa","Lower middle income"
"Cote d'Ivoire",CIV,"Secure Internet servers (per 1 million people)",IT.NET.SECR.P6,2011,0.6091723958,"Sub-Saharan Africa","Lower middle income"
"Cote d'Ivoire",CIV,"Secure Internet servers (per 1 million people)",IT.NET.SECR.P6,2012,1.6619026877,"Sub-Saharan Africa","Lower middle income"
"Cote d'Ivoire",CIV,"Secure Internet servers (per 1 million people)",IT.NET.SECR.P6,2013,2.2556602976,"Sub-Saharan Africa","Lower middle income"
"Cote d'Ivoire",CIV,"Secure Internet servers (per 1 million people)",IT.NET.SECR.P6,2014,3.1801175787,"Sub-Saharan Africa","Lower middle income"
"Cote d'Ivoire",CIV,"Secure Internet servers (per 1 million people)",IT.NET.SECR.P6,2015,4.6343347484,"Sub-Saharan Africa","Lower middle income"
"Cote d'Ivoire",CIV,"Secure Internet servers (per 1 million people)",IT.NET.SECR.P6,2016,5.5407193816,"Sub-Saharan Africa","Lower middle income"
"Cote d'Ivoire",CIV,"Secure Internet servers (per 1 million people)",IT.NET.SECR.P6,2017,7.9301630935,"Sub-Saharan Africa","Lower middle income"
"Cote d'Ivoire",CIV,"Secure Internet servers (per 1 million people)",IT.NET.SECR.P6,2018,10.6320332311,"Sub-Saharan Africa","Lower middle income"
"Cote d'Ivoire",CIV,"Secure Internet servers (per 1 million people)",IT.NET.SECR.P6,2019,40.6129051355,"Sub-Saharan Africa","Lower middle income"
"Cote d'Ivoire",CIV,"Secure Internet servers (per 1 million people)",IT.NET.SECR.P6,2020,51.6332981722,"Sub-Saharan Africa","Lower middle income"
"Cote d'Ivoire",CIV,"Secure Internet servers (per 1 million people)",IT.NET.SECR.P6,2021,56.4444973464,"Sub-Saharan Africa","Lower middle income"
"Cote d'Ivoire",CIV,"Secure Internet servers (per 1 million people)",IT.NET.SECR.P6,2022,65.8331919175,"Sub-Saharan Africa","Lower middle income"
"Cote d'Ivoire",CIV,"Secure Internet servers (per 1 million people)",IT.NET.SECR.P6,2023,63.4352162159,"Sub-Saharan Africa","Lower middle income"
"Cote d'Ivoire",CIV,"Secure Internet servers (per 1 million people)",IT.NET.SECR.P6,2024,60.7498599465,"Sub-Saharan Africa","Lower middle income"
"Dem. Rep. Congo",COD,"Fixed broadband subscriptions (per 100 people)",IT.NET.BBND.P2,2010,0.0000000000,"Sub-Saharan Africa","Low income"
"Dem. Rep. Congo",COD,"Fixed broadband subscriptions (per 100 people)",IT.NET.BBND.P2,2013,0.0005937506,"Sub-Saharan Africa","Low income"
"Dem. Rep. Congo",COD,"Fixed broadband subscriptions (per 100 people)",IT.NET.BBND.P2,2014,0.0006377287,"Sub-Saharan Africa","Low income"
"Dem. Rep. Congo",COD,"Fixed broadband subscriptions (per 100 people)",IT.NET.BBND.P2,2015,0.0012340266,"Sub-Saharan Africa","Low income"
"Dem. Rep. Congo",COD,"Fixed broadband subscriptions (per 100 people)",IT.NET.BBND.P2,2016,0.0011910942,"Sub-Saharan Africa","Low income"
"Dem. Rep. Congo",COD,"Fixed broadband subscriptions (per 100 people)",IT.NET.BBND.P2,2017,0.0011483245,"Sub-Saharan Africa","Low income"
"Dem. Rep. Congo",COD,"Fixed broadband subscriptions (per 100 people)",IT.NET.BBND.P2,2018,0.0051306173,"Sub-Saharan Africa","Low income"
"Dem. Rep. Congo",COD,"Fixed broadband subscriptions (per 100 people)",IT.NET.BBND.P2,2019,0.0128029344,"Sub-Saharan Africa","Low income"
"Dem. Rep. Congo",COD,"Fixed broadband subscriptions (per 100 people)",IT.NET.BBND.P2,2020,0.0322950314,"Sub-Saharan Africa","Low income"
"Dem. Rep. Congo",COD,"Fixed broadband subscriptions (per 100 people)",IT.NET.BBND.P2,2021,0.0312660957,"Sub-Saharan Africa","Low income"
"Dem. Rep. Congo",COD,"Fixed broadband subscriptions (per 100 people)",IT.NET.BBND.P2,2022,0.0322275167,"Sub-Saharan Africa","Low income"
"Dem. Rep. Congo",COD,"Fixed broadband subscriptions (per 100 people)",IT.NET.BBND.P2,2023,0.0219936281,"Sub-Saharan Africa","Low income"
"Dem. Rep. Congo",COD,"Fixed broadband subscriptions (per 100 people)",IT.NET.BBND.P2,2024,0.0320289131,"Sub-Saharan Africa","Low income"
"Dem. Rep. Congo",COD,"Individuals using the Internet (% of population)",IT.NET.USER.ZS,2000,0.0059021137,"Sub-Saharan Africa","Low income"
"Dem. Rep. Congo",COD,"Individuals using the Internet (% of population)",IT.NET.USER.ZS,2001,0.0114757819,"Sub-Saharan Africa","Low income"
"Dem. Rep. Congo",COD,"Individuals using the Internet (% of population)",IT.NET.USER.ZS,2002,0.0927907025,"Sub-Saharan Africa","Low income"
"Dem. Rep. Congo",COD,"Individuals using the Internet (% of population)",IT.NET.USER.ZS,2003,0.1349148374,"Sub-Saharan Africa","Low income"
"Dem. Rep. Congo",COD,"Individuals using the Internet (% of population)",IT.NET.USER.ZS,2004,0.1962083752,"Sub-Saharan Africa","Low income"
"Dem. Rep. Congo",COD,"Individuals using the Internet (% of population)",IT.NET.USER.ZS,2005,0.2380000050,"Sub-Saharan Africa","Low income"
"Dem. Rep. Congo",COD,"Individuals using the Internet (% of population)",IT.NET.USER.ZS,2006,0.2960999910,"Sub-Saharan Africa","Low income"
"Dem. Rep. Congo",COD,"Individuals using the Internet (% of population)",IT.NET.USER.ZS,2007,0.3700000050,"Sub-Saharan Africa","Low income"
"Dem. Rep. Congo",COD,"Individuals using the Internet (% of population)",IT.NET.USER.ZS,2008,0.4399999980,"Sub-Saharan Africa","Low income"
"Dem. Rep. Congo",COD,"Individuals using the Internet (% of population)",IT.NET.USER.ZS,2009,0.5600000020,"Sub-Saharan Africa","Low income"
"Dem. Rep. Congo",COD,"Individuals using the Internet (% of population)",IT.NET.USER.ZS,2010,0.7200000000,"Sub-Saharan Africa","Low income"
"Dem. Rep. Congo",COD,"Individuals using the Internet (% of population)",IT.NET.USER.ZS,2011,1.2000000480,"Sub-Saharan Africa","Low income"
"Dem. Rep. Congo",COD,"Individuals using the Internet (% of population)",IT.NET.USER.ZS,2012,1.6799999480,"Sub-Saharan Africa","Low income"
"Dem. Rep. Congo",COD,"Individuals using the Internet (% of population)",IT.NET.USER.ZS,2013,2.2000000480,"Sub-Saharan Africa","Low income"
"Dem. Rep. Congo",COD,"Individuals using the Internet (% of population)",IT.NET.USER.ZS,2014,3.0000000000,"Sub-Saharan Africa","Low income"
"Dem. Rep. Congo",COD,"Individuals using the Internet (% of population)",IT.NET.USER.ZS,2015,3.7999999520,"Sub-Saharan Africa","Low income"
"Dem. Rep. Congo",COD,"Individuals using the Internet (% of population)",IT.NET.USER.ZS,2016,10.1000000000,"Sub-Saharan Africa","Low income"
"Dem. Rep. Congo",COD,"Individuals using the Internet (% of population)",IT.NET.USER.ZS,2018,11.6999998100,"Sub-Saharan Africa","Low income"
"Dem. Rep. Congo",COD,"Individuals using the Internet (% of population)",IT.NET.USER.ZS,2019,13.0297002800,"Sub-Saharan Africa","Low income"
"Dem. Rep. Congo",COD,"Individuals using the Internet (% of population)",IT.NET.USER.ZS,2020,14.5104999500,"Sub-Saharan Africa","Low income"
"Dem. Rep. Congo",COD,"Individuals using the Internet (% of population)",IT.NET.USER.ZS,2021,16.1595993000,"Sub-Saharan Africa","Low income"
"Dem. Rep. Congo",COD,"Individuals using the Internet (% of population)",IT.NET.USER.ZS,2022,17.9962005600,"Sub-Saharan Africa","Low income"
"Dem. Rep. Congo",COD,"Individuals using the Internet (% of population)",IT.NET.USER.ZS,2023,18.9678993200,"Sub-Saharan Africa","Low income"
"Dem. Rep. Congo",COD,"Individuals using the Internet (% of population)",IT.NET.USER.ZS,2024,19.6735000600,"Sub-Saharan Africa","Low income"
"Dem. Rep. Congo",COD,"Mobile cellular subscriptions (per 100 people)",IT.CEL.SETS.P2,2000,0.0296985937,"Sub-Saharan Africa","Low income"
"Dem. Rep. Congo",COD,"Mobile cellular subscriptions (per 100 people)",IT.CEL.SETS.P2,2001,0.2877275786,"Sub-Saharan Africa","Low income"
"Dem. Rep. Congo",COD,"Mobile cellular subscriptions (per 100 people)",IT.CEL.SETS.P2,2002,1.0418503083,"Sub-Saharan Africa","Low income"
"Dem. Rep. Congo",COD,"Mobile cellular subscriptions (per 100 people)",IT.CEL.SETS.P2,2003,2.2517851888,"Sub-Saharan Africa","Low income"
"Dem. Rep. Congo",COD,"Mobile cellular subscriptions (per 100 people)",IT.CEL.SETS.P2,2004,3.4926331554,"Sub-Saharan Africa","Low income"
"Dem. Rep. Congo",COD,"Mobile cellular subscriptions (per 100 people)",IT.CEL.SETS.P2,2005,4.6721568245,"Sub-Saharan Africa","Low income"
"Dem. Rep. Congo",COD,"Mobile cellular subscriptions (per 100 people)",IT.CEL.SETS.P2,2006,7.2843419256,"Sub-Saharan Africa","Low income"
"Dem. Rep. Congo",COD,"Mobile cellular subscriptions (per 100 people)",IT.CEL.SETS.P2,2007,10.5509558026,"Sub-Saharan Africa","Low income"
"Dem. Rep. Congo",COD,"Mobile cellular subscriptions (per 100 people)",IT.CEL.SETS.P2,2008,15.4333274153,"Sub-Saharan Africa","Low income"
"Dem. Rep. Congo",COD,"Mobile cellular subscriptions (per 100 people)",IT.CEL.SETS.P2,2009,14.2422314242,"Sub-Saharan Africa","Low income"
"Dem. Rep. Congo",COD,"Mobile cellular subscriptions (per 100 people)",IT.CEL.SETS.P2,2010,17.2401170438,"Sub-Saharan Africa","Low income"
"Dem. Rep. Congo",COD,"Mobile cellular subscriptions (per 100 people)",IT.CEL.SETS.P2,2011,22.0819042263,"Sub-Saharan Africa","Low income"
"Dem. Rep. Congo",COD,"Mobile cellular subscriptions (per 100 people)",IT.CEL.SETS.P2,2012,27.4285479176,"Sub-Saharan Africa","Low income"
"Dem. Rep. Congo",COD,"Mobile cellular subscriptions (per 100 people)",IT.CEL.SETS.P2,2013,37.2504622843,"Sub-Saharan Africa","Low income"
"Dem. Rep. Congo",COD,"Mobile cellular subscriptions (per 100 people)",IT.CEL.SETS.P2,2014,47.3232446179,"Sub-Saharan Africa","Low income"
"Dem. Rep. Congo",COD,"Mobile cellular subscriptions (per 100 people)",IT.CEL.SETS.P2,2015,46.5879368397,"Sub-Saharan Africa","Low income"
"Dem. Rep. Congo",COD,"Mobile cellular subscriptions (per 100 people)",IT.CEL.SETS.P2,2016,34.4098982788,"Sub-Saharan Africa","Low income"
"Dem. Rep. Congo",COD,"Mobile cellular subscriptions (per 100 people)",IT.CEL.SETS.P2,2017,40.6222618920,"Sub-Saharan Africa","Low income"
"Dem. Rep. Congo",COD,"Mobile cellular subscriptions (per 100 people)",IT.CEL.SETS.P2,2018,40.5014483222,"Sub-Saharan Africa","Low income"
"Dem. Rep. Congo",COD,"Mobile cellular subscriptions (per 100 people)",IT.CEL.SETS.P2,2019,39.9399996398,"Sub-Saharan Africa","Low income"
"Dem. Rep. Congo",COD,"Mobile cellular subscriptions (per 100 people)",IT.CEL.SETS.P2,2020,42.5027574227,"Sub-Saharan Africa","Low income"
"Dem. Rep. Congo",COD,"Mobile cellular subscriptions (per 100 people)",IT.CEL.SETS.P2,2021,47.2882541992,"Sub-Saharan Africa","Low income"
"Dem. Rep. Congo",COD,"Mobile cellular subscriptions (per 100 people)",IT.CEL.SETS.P2,2022,48.6773534154,"Sub-Saharan Africa","Low income"
"Dem. Rep. Congo",COD,"Mobile cellular subscriptions (per 100 people)",IT.CEL.SETS.P2,2023,53.1888827659,"Sub-Saharan Africa","Low income"
"Dem. Rep. Congo",COD,"Mobile cellular subscriptions (per 100 people)",IT.CEL.SETS.P2,2024,58.5321533455,"Sub-Saharan Africa","Low income"
"Dem. Rep. Congo",COD,"Secure Internet servers (per 1 million people)",IT.NET.SECR.P6,2010,0.0583404720,"Sub-Saharan Africa","Low income"
"Dem. Rep. Congo",COD,"Secure Internet servers (per 1 million people)",IT.NET.SECR.P6,2011,0.0705723165,"Sub-Saharan Africa","Low income"
"Dem. Rep. Congo",COD,"Secure Internet servers (per 1 million people)",IT.NET.SECR.P6,2012,0.1638121982,"Sub-Saharan Africa","Low income"
"Dem. Rep. Congo",COD,"Secure Internet servers (per 1 million people)",IT.NET.SECR.P6,2013,0.1451390396,"Sub-Saharan Africa","Low income"
"Dem. Rep. Congo",COD,"Secure Internet servers (per 1 million people)",IT.NET.SECR.P6,2014,0.3316189399,"Sub-Saharan Africa","Low income"
"Dem. Rep. Congo",COD,"Secure Internet servers (per 1 million people)",IT.NET.SECR.P6,2015,0.4812703702,"Sub-Saharan Africa","Low income"
"Dem. Rep. Congo",COD,"Secure Internet servers (per 1 million people)",IT.NET.SECR.P6,2016,0.5955471062,"Sub-Saharan Africa","Low income"
"Dem. Rep. Congo",COD,"Secure Internet servers (per 1 million people)",IT.NET.SECR.P6,2017,2.3885149727,"Sub-Saharan Africa","Low income"
"Dem. Rep. Congo",COD,"Secure Internet servers (per 1 million people)",IT.NET.SECR.P6,2018,2.6319400428,"Sub-Saharan Africa","Low income"
"Dem. Rep. Congo",COD,"Secure Internet servers (per 1 million people)",IT.NET.SECR.P6,2019,2.8295560840,"Sub-Saharan Africa","Low income"
"Dem. Rep. Congo",COD,"Secure Internet servers (per 1 million people)",IT.NET.SECR.P6,2020,3.5941244628,"Sub-Saharan Africa","Low income"
"Dem. Rep. Congo",COD,"Secure Internet servers (per 1 million people)",IT.NET.SECR.P6,2021,4.7000001977,"Sub-Saharan Africa","Low income"
"Dem. Rep. Congo",COD,"Secure Internet servers (per 1 million people)",IT.NET.SECR.P6,2022,5.9572076392,"Sub-Saharan Africa","Low income"
"Dem. Rep. Congo",COD,"Secure Internet servers (per 1 million people)",IT.NET.SECR.P6,2023,8.8288342467,"Sub-Saharan Africa","Low income"
"Dem. Rep. Congo",COD,"Secure Internet servers (per 1 million people)",IT.NET.SECR.P6,2024,9.6635806504,"Sub-Saharan Africa","Low income"
Egypt,EGY,"Fixed broadband subscriptions (per 100 people)",IT.NET.BBND.P2,2002,0.0668121414,"Middle East & North Africa","Lower middle income"
Egypt,EGY,"Fixed broadband subscriptions (per 100 people)",IT.NET.BBND.P2,2003,0.0704527943,"Middle East & North Africa","Lower middle income"
Egypt,EGY,"Fixed broadband subscriptions (per 100 people)",IT.NET.BBND.P2,2004,0.0996723058,"Middle East & North Africa","Lower middle income"
Egypt,EGY,"Fixed broadband subscriptions (per 100 people)",IT.NET.BBND.P2,2005,0.1738560475,"Middle East & North Africa","Lower middle income"
Egypt,EGY,"Fixed broadband subscriptions (per 100 people)",IT.NET.BBND.P2,2006,0.3126054900,"Middle East & North Africa","Lower middle income"
Egypt,EGY,"Fixed broadband subscriptions (per 100 people)",IT.NET.BBND.P2,2007,0.5665085260,"Middle East & North Africa","Lower middle income"
Egypt,EGY,"Fixed broadband subscriptions (per 100 people)",IT.NET.BBND.P2,2008,0.8964605969,"Middle East & North Africa","Lower middle income"
Egypt,EGY,"Fixed broadband subscriptions (per 100 people)",IT.NET.BBND.P2,2009,1.2313929765,"Middle East & North Africa","Lower middle income"
Egypt,EGY,"Fixed broadband subscriptions (per 100 people)",IT.NET.BBND.P2,2010,1.6274573167,"Middle East & North Africa","Lower middle income"
Egypt,EGY,"Fixed broadband subscriptions (per 100 people)",IT.NET.BBND.P2,2011,2.0256746455,"Middle East & North Africa","Lower middle income"
Egypt,EGY,"Fixed broadband subscriptions (per 100 people)",IT.NET.BBND.P2,2012,2.4567930523,"Middle East & North Africa","Lower middle income"
Egypt,EGY,"Fixed broadband subscriptions (per 100 people)",IT.NET.BBND.P2,2013,2.8072624126,"Middle East & North Africa","Lower middle income"
Egypt,EGY,"Fixed broadband subscriptions (per 100 people)",IT.NET.BBND.P2,2014,3.1456170819,"Middle East & North Africa","Lower middle income"
Egypt,EGY,"Fixed broadband subscriptions (per 100 people)",IT.NET.BBND.P2,2015,3.8418796357,"Middle East & North Africa","Lower middle income"
Egypt,EGY,"Fixed broadband subscriptions (per 100 people)",IT.NET.BBND.P2,2016,4.3968538256,"Middle East & North Africa","Lower middle income"
Egypt,EGY,"Fixed broadband subscriptions (per 100 people)",IT.NET.BBND.P2,2017,5.0473201696,"Middle East & North Africa","Lower middle income"
Egypt,EGY,"Fixed broadband subscriptions (per 100 people)",IT.NET.BBND.P2,2018,6.2682529739,"Middle East & North Africa","Lower middle income"
Egypt,EGY,"Fixed broadband subscriptions (per 100 people)",IT.NET.BBND.P2,2019,7.0413069600,"Middle East & North Africa","Lower middle income"
Egypt,EGY,"Fixed broadband subscriptions (per 100 people)",IT.NET.BBND.P2,2020,8.5396308017,"Middle East & North Africa","Lower middle income"
Egypt,EGY,"Fixed broadband subscriptions (per 100 people)",IT.NET.BBND.P2,2021,9.7658229934,"Middle East & North Africa","Lower middle income"
Egypt,EGY,"Fixed broadband subscriptions (per 100 people)",IT.NET.BBND.P2,2022,10.6832498285,"Middle East & North Africa","Lower middle income"
Egypt,EGY,"Fixed broadband subscriptions (per 100 people)",IT.NET.BBND.P2,2023,10.8642477217,"Middle East & North Africa","Lower middle income"
Egypt,EGY,"Fixed broadband subscriptions (per 100 people)",IT.NET.BBND.P2,2024,11.6871225242,"Middle East & North Africa","Lower middle income"
Egypt,EGY,"Individuals using the Internet (% of population)",IT.NET.USER.ZS,2000,0.6412650375,"Middle East & North Africa","Lower middle income"
Egypt,EGY,"Individuals using the Internet (% of population)",IT.NET.USER.ZS,2001,0.8389456115,"Middle East & North Africa","Lower middle income"
Egypt,EGY,"Individuals using the Internet (% of population)",IT.NET.USER.ZS,2002,2.7199997147,"Middle East & North Africa","Lower middle income"
Egypt,EGY,"Individuals using the Internet (% of population)",IT.NET.USER.ZS,2003,4.0378851071,"Middle East & North Africa","Lower middle income"
Egypt,EGY,"Individuals using the Internet (% of population)",IT.NET.USER.ZS,2004,11.9200000000,"Middle East & North Africa","Lower middle income"
Egypt,EGY,"Individuals using the Internet (% of population)",IT.NET.USER.ZS,2005,12.7500000000,"Middle East & North Africa","Lower middle income"
Egypt,EGY,"Individuals using the Internet (% of population)",IT.NET.USER.ZS,2006,13.6600000000,"Middle East & North Africa","Lower middle income"
Egypt,EGY,"Individuals using the Internet (% of population)",IT.NET.USER.ZS,2007,16.0300000000,"Middle East & North Africa","Lower middle income"
Egypt,EGY,"Individuals using the Internet (% of population)",IT.NET.USER.ZS,2008,18.0100000000,"Middle East & North Africa","Lower middle income"
Egypt,EGY,"Individuals using the Internet (% of population)",IT.NET.USER.ZS,2009,20.0000000000,"Middle East & North Africa","Lower middle income"
Egypt,EGY,"Individuals using the Internet (% of population)",IT.NET.USER.ZS,2010,21.6000000000,"Middle East & North Africa","Lower middle income"
Egypt,EGY,"Individuals using the Internet (% of population)",IT.NET.USER.ZS,2011,25.6000000000,"Middle East & North Africa","Lower middle income"
Egypt,EGY,"Individuals using the Internet (% of population)",IT.NET.USER.ZS,2012,26.4000000000,"Middle East & North Africa","Lower middle income"
Egypt,EGY,"Individuals using the Internet (% of population)",IT.NET.USER.ZS,2013,29.4000000000,"Middle East & North Africa","Lower middle income"
Egypt,EGY,"Individuals using the Internet (% of population)",IT.NET.USER.ZS,2014,33.8946039115,"Middle East & North Africa","Lower middle income"
Egypt,EGY,"Individuals using the Internet (% of population)",IT.NET.USER.ZS,2015,37.8193834277,"Middle East & North Africa","Lower middle income"
Egypt,EGY,"Individuals using the Internet (% of population)",IT.NET.USER.ZS,2016,41.2480670886,"Middle East & North Africa","Lower middle income"
Egypt,EGY,"Individuals using the Internet (% of population)",IT.NET.USER.ZS,2017,44.9502042453,"Middle East & North Africa","Lower middle income"
Egypt,EGY,"Individuals using the Internet (% of population)",IT.NET.USER.ZS,2018,46.9243367679,"Middle East & North Africa","Lower middle income"
Egypt,EGY,"Individuals using the Internet (% of population)",IT.NET.USER.ZS,2019,57.2828663990,"Middle East & North Africa","Lower middle income"
Egypt,EGY,"Individuals using the Internet (% of population)",IT.NET.USER.ZS,2020,71.9142009600,"Middle East & North Africa","Lower middle income"
Egypt,EGY,"Individuals using the Internet (% of population)",IT.NET.USER.ZS,2021,72.0559997600,"Middle East & North Africa","Lower middle income"
Egypt,EGY,"Individuals using the Internet (% of population)",IT.NET.USER.ZS,2022,72.1980655600,"Middle East & North Africa","Lower middle income"
Egypt,EGY,"Individuals using the Internet (% of population)",IT.NET.USER.ZS,2023,74.0119018600,"Middle East & North Africa","Lower middle income"
Egypt,EGY,"Individuals using the Internet (% of population)",IT.NET.USER.ZS,2024,74.6483993500,"Middle East & North Africa","Lower middle income"
Egypt,EGY,"Mobile cellular subscriptions (per 100 people)",IT.CEL.SETS.P2,2000,1.8607538216,"Middle East & North Africa","Lower middle income"
Egypt,EGY,"Mobile cellular subscriptions (per 100 people)",IT.CEL.SETS.P2,2001,3.7424300952,"Middle East & North Africa","Lower middle income"
Egypt,EGY,"Mobile cellular subscriptions (per 100 people)",IT.CEL.SETS.P2,2002,5.8955284344,"Middle East & North Africa","Lower middle income"
Egypt,EGY,"Mobile cellular subscriptions (per 100 people)",IT.CEL.SETS.P2,2003,7.4467126405,"Middle East & North Africa","Lower middle income"
Egypt,EGY,"Mobile cellular subscriptions (per 100 people)",IT.CEL.SETS.P2,2004,9.6166405354,"Middle East & North Africa","Lower middle income"
Egypt,EGY,"Mobile cellular subscriptions (per 100 people)",IT.CEL.SETS.P2,2005,16.8057130341,"Middle East & North Africa","Lower middle income"
Egypt,EGY,"Mobile cellular subscriptions (per 100 people)",IT.CEL.SETS.P2,2006,21.7666484648,"Middle East & North Africa","Lower middle income"
Egypt,EGY,"Mobile cellular subscriptions (per 100 people)",IT.CEL.SETS.P2,2007,35.7083780153,"Middle East & North Africa","Lower middle income"
Egypt,EGY,"Mobile cellular subscriptions (per 100 people)",IT.CEL.SETS.P2,2008,48.0833441517,"Middle East & North Africa","Lower middle income"
Egypt,EGY,"Mobile cellular subscriptions (per 100 people)",IT.CEL.SETS.P2,2009,63.2585121037,"Middle East & North Africa","Lower middle income"
Egypt,EGY,"Mobile cellular subscriptions (per 100 people)",IT.CEL.SETS.P2,2010,79.2198618343,"Middle East & North Africa","Lower middle income"
Egypt,EGY,"Mobile cellular subscriptions (per 100 people)",IT.CEL.SETS.P2,2011,91.5823290115,"Middle East & North Africa","Lower middle income"
Egypt,EGY,"Mobile cellular subscriptions (per 100 people)",IT.CEL.SETS.P2,2012,103.9048528472,"Middle East & North Africa","Lower middle income"
Egypt,EGY,"Mobile cellular subscriptions (per 100 people)",IT.CEL.SETS.P2,2013,104.5853981756,"Middle East & North Africa","Lower middle income"
Egypt,EGY,"Mobile cellular subscriptions (per 100 people)",IT.CEL.SETS.P2,2014,97.7313128919,"Middle East & North Africa","Lower middle income"
Egypt,EGY,"Mobile cellular subscriptions (per 100 people)",IT.CEL.SETS.P2,2015,94.3962460364,"Middle East & North Africa","Lower middle income"
Egypt,EGY,"Mobile cellular subscriptions (per 100 people)",IT.CEL.SETS.P2,2016,96.2091951594,"Middle East & North Africa","Lower middle income"
Egypt,EGY,"Mobile cellular subscriptions (per 100 people)",IT.CEL.SETS.P2,2017,99.2884367821,"Middle East & North Africa","Lower middle income"
Egypt,EGY,"Mobile cellular subscriptions (per 100 people)",IT.CEL.SETS.P2,2018,88.7420881346,"Middle East & North Africa","Lower middle income"
Egypt,EGY,"Mobile cellular subscriptions (per 100 people)",IT.CEL.SETS.P2,2019,88.6447815879,"Middle East & North Africa","Lower middle income"
Egypt,EGY,"Mobile cellular subscriptions (per 100 people)",IT.CEL.SETS.P2,2020,87.2316871726,"Middle East & North Africa","Lower middle income"
Egypt,EGY,"Mobile cellular subscriptions (per 100 people)",IT.CEL.SETS.P2,2021,84.0866220906,"Middle East & North Africa","Lower middle income"
Egypt,EGY,"Mobile cellular subscriptions (per 100 people)",IT.CEL.SETS.P2,2022,90.6794715777,"Middle East & North Africa","Lower middle income"
Egypt,EGY,"Mobile cellular subscriptions (per 100 people)",IT.CEL.SETS.P2,2023,92.8261626420,"Middle East & North Africa","Lower middle income"
Egypt,EGY,"Mobile cellular subscriptions (per 100 people)",IT.CEL.SETS.P2,2024,97.1295066037,"Middle East & North Africa","Lower middle income"
Egypt,EGY,"Secure Internet servers (per 1 million people)",IT.NET.SECR.P6,2010,2.2983074860,"Middle East & North Africa","Lower middle income"
Egypt,EGY,"Secure Internet servers (per 1 million people)",IT.NET.SECR.P6,2011,2.7664017738,"Middle East & North Africa","Lower middle income"
Egypt,EGY,"Secure Internet servers (per 1 million people)",IT.NET.SECR.P6,2012,4.6908040415,"Middle East & North Africa","Lower middle income"
Egypt,EGY,"Secure Internet servers (per 1 million people)",IT.NET.SECR.P6,2013,5.9055807980,"Middle East & North Africa","Lower middle income"
Egypt,EGY,"Secure Internet servers (per 1 million people)",IT.NET.SECR.P6,2014,7.4337127630,"Middle East & North Africa","Lower middle income"
Egypt,EGY,"Secure Internet servers (per 1 million people)",IT.NET.SECR.P6,2015,9.7894178742,"Middle East & North Africa","Lower middle income"
Egypt,EGY,"Secure Internet servers (per 1 million people)",IT.NET.SECR.P6,2016,13.6554243925,"Middle East & North Africa","Lower middle income"
Egypt,EGY,"Secure Internet servers (per 1 million people)",IT.NET.SECR.P6,2017,33.6560530937,"Middle East & North Africa","Lower middle income"
Egypt,EGY,"Secure Internet servers (per 1 million people)",IT.NET.SECR.P6,2018,32.7018501356,"Middle East & North Africa","Lower middle income"
Egypt,EGY,"Secure Internet servers (per 1 million people)",IT.NET.SECR.P6,2019,32.9790409316,"Middle East & North Africa","Lower middle income"
Egypt,EGY,"Secure Internet servers (per 1 million people)",IT.NET.SECR.P6,2020,41.1928362264,"Middle East & North Africa","Lower middle income"
Egypt,EGY,"Secure Internet servers (per 1 million people)",IT.NET.SECR.P6,2021,38.0868236822,"Middle East & North Africa","Lower middle income"
Egypt,EGY,"Secure Internet servers (per 1 million people)",IT.NET.SECR.P6,2022,48.1804680858,"Middle East & North Africa","Lower middle income"
Egypt,EGY,"Secure Internet servers (per 1 million people)",IT.NET.SECR.P6,2023,53.3021246847,"Middle East & North Africa","Lower middle income"
Egypt,EGY,"Secure Internet servers (per 1 million people)",IT.NET.SECR.P6,2024,82.2047640355,"Middle East & North Africa","Lower middle income"
"Equatorial Guinea",GNQ,"Fixed broadband subscriptions (per 100 people)",IT.NET.BBND.P2,2005,0.0190000285,"Sub-Saharan Africa","Upper middle income"
"Equatorial Guinea",GNQ,"Fixed broadband subscriptions (per 100 people)",IT.NET.BBND.P2,2006,0.0181755210,"Sub-Saharan Africa","Upper middle income"
"Equatorial Guinea",GNQ,"Fixed broadband subscriptions (per 100 people)",IT.NET.BBND.P2,2007,0.0173737795,"Sub-Saharan Africa","Upper middle income"
"Equatorial Guinea",GNQ,"Fixed broadband subscriptions (per 100 people)",IT.NET.BBND.P2,2008,0.0165970513,"Sub-Saharan Africa","Upper middle income"
"Equatorial Guinea",GNQ,"Fixed broadband subscriptions (per 100 people)",IT.NET.BBND.P2,2009,0.0158496328,"Sub-Saharan Africa","Upper middle income"
"Equatorial Guinea",GNQ,"Fixed broadband subscriptions (per 100 people)",IT.NET.BBND.P2,2010,0.0997405568,"Sub-Saharan Africa","Upper middle income"
"Equatorial Guinea",GNQ,"Fixed broadband subscriptions (per 100 people)",IT.NET.BBND.P2,2011,0.1083879904,"Sub-Saharan Africa","Upper middle income"
"Equatorial Guinea",GNQ,"Fixed broadband subscriptions (per 100 people)",IT.NET.BBND.P2,2012,0.1144197488,"Sub-Saharan Africa","Upper middle income"
"Equatorial Guinea",GNQ,"Fixed broadband subscriptions (per 100 people)",IT.NET.BBND.P2,2013,0.2613246889,"Sub-Saharan Africa","Upper middle income"
"Equatorial Guinea",GNQ,"Fixed broadband subscriptions (per 100 people)",IT.NET.BBND.P2,2014,0.2772483477,"Sub-Saharan Africa","Upper middle income"
"Equatorial Guinea",GNQ,"Fixed broadband subscriptions (per 100 people)",IT.NET.BBND.P2,2015,0.2612930671,"Sub-Saharan Africa","Upper middle income"
"Equatorial Guinea",GNQ,"Fixed broadband subscriptions (per 100 people)",IT.NET.BBND.P2,2016,0.2242428984,"Sub-Saharan Africa","Upper middle income"
"Equatorial Guinea",GNQ,"Fixed broadband subscriptions (per 100 people)",IT.NET.BBND.P2,2017,0.1214160815,"Sub-Saharan Africa","Upper middle income"
"Equatorial Guinea",GNQ,"Fixed broadband subscriptions (per 100 people)",IT.NET.BBND.P2,2018,0.1002213531,"Sub-Saharan Africa","Upper middle income"
"Equatorial Guinea",GNQ,"Fixed broadband subscriptions (per 100 people)",IT.NET.BBND.P2,2019,0.0598738936,"Sub-Saharan Africa","Upper middle income"
"Equatorial Guinea",GNQ,"Fixed broadband subscriptions (per 100 people)",IT.NET.BBND.P2,2020,0.1073716492,"Sub-Saharan Africa","Upper middle income"
"Equatorial Guinea",GNQ,"Fixed broadband subscriptions (per 100 people)",IT.NET.BBND.P2,2021,0.0976810141,"Sub-Saharan Africa","Upper middle income"
"Equatorial Guinea",GNQ,"Fixed broadband subscriptions (per 100 people)",IT.NET.BBND.P2,2022,0.1006905844,"Sub-Saharan Africa","Upper middle income"
"Equatorial Guinea",GNQ,"Individuals using the Internet (% of population)",IT.NET.USER.ZS,2000,0.1323546651,"Sub-Saharan Africa","Upper middle income"
"Equatorial Guinea",GNQ,"Individuals using the Internet (% of population)",IT.NET.USER.ZS,2001,0.1652604229,"Sub-Saharan Africa","Upper middle income"
"Equatorial Guinea",GNQ,"Individuals using the Internet (% of population)",IT.NET.USER.ZS,2002,0.3211979972,"Sub-Saharan Africa","Upper middle income"
"Equatorial Guinea",GNQ,"Individuals using the Internet (% of population)",IT.NET.USER.ZS,2003,0.5205242720,"Sub-Saharan Africa","Upper middle income"
"Equatorial Guinea",GNQ,"Individuals using the Internet (% of population)",IT.NET.USER.ZS,2004,0.8439302846,"Sub-Saharan Africa","Upper middle income"
"Equatorial Guinea",GNQ,"Individuals using the Internet (% of population)",IT.NET.USER.ZS,2005,1.1497999430,"Sub-Saharan Africa","Upper middle income"
"Equatorial Guinea",GNQ,"Individuals using the Internet (% of population)",IT.NET.USER.ZS,2006,1.2791999580,"Sub-Saharan Africa","Upper middle income"
"Equatorial Guinea",GNQ,"Individuals using the Internet (% of population)",IT.NET.USER.ZS,2007,1.5571000580,"Sub-Saharan Africa","Upper middle income"
"Equatorial Guinea",GNQ,"Individuals using the Internet (% of population)",IT.NET.USER.ZS,2008,1.8200000520,"Sub-Saharan Africa","Upper middle income"
"Equatorial Guinea",GNQ,"Individuals using the Internet (% of population)",IT.NET.USER.ZS,2009,2.1300001140,"Sub-Saharan Africa","Upper middle income"
"Equatorial Guinea",GNQ,"Individuals using the Internet (% of population)",IT.NET.USER.ZS,2010,6.0000000000,"Sub-Saharan Africa","Upper middle income"
"Equatorial Guinea",GNQ,"Individuals using the Internet (% of population)",IT.NET.USER.ZS,2011,11.5000000000,"Sub-Saharan Africa","Upper middle income"
"Equatorial Guinea",GNQ,"Individuals using the Internet (% of population)",IT.NET.USER.ZS,2012,13.9432001100,"Sub-Saharan Africa","Upper middle income"
"Equatorial Guinea",GNQ,"Individuals using the Internet (% of population)",IT.NET.USER.ZS,2013,16.3999996200,"Sub-Saharan Africa","Upper middle income"
"Equatorial Guinea",GNQ,"Individuals using the Internet (% of population)",IT.NET.USER.ZS,2014,18.8600006100,"Sub-Saharan Africa","Upper middle income"
"Equatorial Guinea",GNQ,"Individuals using the Internet (% of population)",IT.NET.USER.ZS,2015,21.3199996900,"Sub-Saharan Africa","Upper middle income"
"Equatorial Guinea",GNQ,"Individuals using the Internet (% of population)",IT.NET.USER.ZS,2016,23.7800006900,"Sub-Saharan Africa","Upper middle income"
"Equatorial Guinea",GNQ,"Individuals using the Internet (% of population)",IT.NET.USER.ZS,2017,26.2399997700,"Sub-Saharan Africa","Upper middle income"
"Equatorial Guinea",GNQ,"Individuals using the Internet (% of population)",IT.NET.USER.ZS,2018,29.3999996200,"Sub-Saharan Africa","Upper middle income"
"Equatorial Guinea",GNQ,"Individuals using the Internet (% of population)",IT.NET.USER.ZS,2019,49.1337013200,"Sub-Saharan Africa","Upper middle income"
"Equatorial Guinea",GNQ,"Individuals using the Internet (% of population)",IT.NET.USER.ZS,2020,55.0013008100,"Sub-Saharan Africa","Upper middle income"
"Equatorial Guinea",GNQ,"Individuals using the Internet (% of population)",IT.NET.USER.ZS,2021,58.7173004200,"Sub-Saharan Africa","Upper middle income"
"Equatorial Guinea",GNQ,"Individuals using the Internet (% of population)",IT.NET.USER.ZS,2022,63.6595001200,"Sub-Saharan Africa","Upper middle income"
"Equatorial Guinea",GNQ,"Individuals using the Internet (% of population)",IT.NET.USER.ZS,2023,63.5195007300,"Sub-Saharan Africa","Upper middle income"
"Equatorial Guinea",GNQ,"Individuals using the Internet (% of population)",IT.NET.USER.ZS,2024,63.2993011500,"Sub-Saharan Africa","Upper middle income"
"Equatorial Guinea",GNQ,"Mobile cellular subscriptions (per 100 people)",IT.CEL.SETS.P2,2000,0.7109553961,"Sub-Saharan Africa","Upper middle income"
"Equatorial Guinea",GNQ,"Mobile cellular subscriptions (per 100 people)",IT.CEL.SETS.P2,2001,2.0004374290,"Sub-Saharan Africa","Upper middle income"
"Equatorial Guinea",GNQ,"Mobile cellular subscriptions (per 100 people)",IT.CEL.SETS.P2,2002,4.0102411533,"Sub-Saharan Africa","Upper middle income"
"Equatorial Guinea",GNQ,"Mobile cellular subscriptions (per 100 people)",IT.CEL.SETS.P2,2003,4.8946644619,"Sub-Saharan Africa","Upper middle income"
"Equatorial Guinea",GNQ,"Mobile cellular subscriptions (per 100 people)",IT.CEL.SETS.P2,2004,6.8784121202,"Sub-Saharan Africa","Upper middle income"
"Equatorial Guinea",GNQ,"Mobile cellular subscriptions (per 100 people)",IT.CEL.SETS.P2,2005,10.2283486759,"Sub-Saharan Africa","Upper middle income"
"Equatorial Guinea",GNQ,"Mobile cellular subscriptions (per 100 people)",IT.CEL.SETS.P2,2006,12.1170140042,"Sub-Saharan Africa","Upper middle income"
"Equatorial Guinea",GNQ,"Mobile cellular subscriptions (per 100 people)",IT.CEL.SETS.P2,2007,14.4781495767,"Sub-Saharan Africa","Upper middle income"
"Equatorial Guinea",GNQ,"Mobile cellular subscriptions (per 100 people)",IT.CEL.SETS.P2,2008,16.5970512572,"Sub-Saharan Africa","Upper middle income"
"Equatorial Guinea",GNQ,"Mobile cellular subscriptions (per 100 people)",IT.CEL.SETS.P2,2009,17.6107030809,"Sub-Saharan Africa","Upper middle income"
"Equatorial Guinea",GNQ,"Mobile cellular subscriptions (per 100 people)",IT.CEL.SETS.P2,2010,33.5796011219,"Sub-Saharan Africa","Upper middle income"
"Equatorial Guinea",GNQ,"Mobile cellular subscriptions (per 100 people)",IT.CEL.SETS.P2,2011,38.5606783510,"Sub-Saharan Africa","Upper middle income"
"Equatorial Guinea",GNQ,"Mobile cellular subscriptions (per 100 people)",IT.CEL.SETS.P2,2012,38.7385841175,"Sub-Saharan Africa","Upper middle income"
"Equatorial Guinea",GNQ,"Mobile cellular subscriptions (per 100 people)",IT.CEL.SETS.P2,2013,37.9420717893,"Sub-Saharan Africa","Upper middle income"
"Equatorial Guinea",GNQ,"Mobile cellular subscriptions (per 100 people)",IT.CEL.SETS.P2,2014,36.9002477447,"Sub-Saharan Africa","Upper middle income"
"Equatorial Guinea",GNQ,"Mobile cellular subscriptions (per 100 people)",IT.CEL.SETS.P2,2015,36.6825478378,"Sub-Saharan Africa","Upper middle income"
"Equatorial Guinea",GNQ,"Mobile cellular subscriptions (per 100 people)",IT.CEL.SETS.P2,2016,38.1683691534,"Sub-Saharan Africa","Upper middle income"
"Equatorial Guinea",GNQ,"Mobile cellular subscriptions (per 100 people)",IT.CEL.SETS.P2,2017,36.2336437113,"Sub-Saharan Africa","Upper middle income"
"Equatorial Guinea",GNQ,"Mobile cellular subscriptions (per 100 people)",IT.CEL.SETS.P2,2018,36.5760302693,"Sub-Saharan Africa","Upper middle income"
"Equatorial Guinea",GNQ,"Mobile cellular subscriptions (per 100 people)",IT.CEL.SETS.P2,2019,36.9421923545,"Sub-Saharan Africa","Upper middle income"
"Equatorial Guinea",GNQ,"Mobile cellular subscriptions (per 100 people)",IT.CEL.SETS.P2,2020,43.3495410343,"Sub-Saharan Africa","Upper middle income"
"Equatorial Guinea",GNQ,"Mobile cellular subscriptions (per 100 people)",IT.CEL.SETS.P2,2021,46.4348135589,"Sub-Saharan Africa","Upper middle income"
"Equatorial Guinea",GNQ,"Mobile cellular subscriptions (per 100 people)",IT.CEL.SETS.P2,2022,49.5380486764,"Sub-Saharan Africa","Upper middle income"
"Equatorial Guinea",GNQ,"Secure Internet servers (per 1 million people)",IT.NET.SECR.P6,2010,0.0000000000,"Sub-Saharan Africa","Upper middle income"
"Equatorial Guinea",GNQ,"Secure Internet servers (per 1 million people)",IT.NET.SECR.P6,2011,0.8052599580,"Sub-Saharan Africa","Upper middle income"
"Equatorial Guinea",GNQ,"Secure Internet servers (per 1 million people)",IT.NET.SECR.P6,2012,0.0000000000,"Sub-Saharan Africa","Upper middle income"
"Equatorial Guinea",GNQ,"Secure Internet servers (per 1 million people)",IT.NET.SECR.P6,2013,0.7428217421,"Sub-Saharan Africa","Upper middle income"
"Equatorial Guinea",GNQ,"Secure Internet servers (per 1 million people)",IT.NET.SECR.P6,2014,2.1431204405,"Sub-Saharan Africa","Upper middle income"
"Equatorial Guinea",GNQ,"Secure Internet servers (per 1 million people)",IT.NET.SECR.P6,2015,2.7511773319,"Sub-Saharan Africa","Upper middle income"
"Equatorial Guinea",GNQ,"Secure Internet servers (per 1 million people)",IT.NET.SECR.P6,2016,4.6413373417,"Sub-Saharan Africa","Upper middle income"
"Equatorial Guinea",GNQ,"Secure Internet servers (per 1 million people)",IT.NET.SECR.P6,2017,0.0000000000,"Sub-Saharan Africa","Upper middle income"
"Equatorial Guinea",GNQ,"Secure Internet servers (per 1 million people)",IT.NET.SECR.P6,2018,8.0424542601,"Sub-Saharan Africa","Upper middle income"
"Equatorial Guinea",GNQ,"Secure Internet servers (per 1 million people)",IT.NET.SECR.P6,2019,16.1659512734,"Sub-Saharan Africa","Upper middle income"
"Equatorial Guinea",GNQ,"Secure Internet servers (per 1 million people)",IT.NET.SECR.P6,2020,27.3818096230,"Sub-Saharan Africa","Upper middle income"
"Equatorial Guinea",GNQ,"Secure Internet servers (per 1 million people)",IT.NET.SECR.P6,2021,19.9000901758,"Sub-Saharan Africa","Upper middle income"
"Equatorial Guinea",GNQ,"Secure Internet servers (per 1 million people)",IT.NET.SECR.P6,2022,36.5945956436,"Sub-Saharan Africa","Upper middle income"
"Equatorial Guinea",GNQ,"Secure Internet servers (per 1 million people)",IT.NET.SECR.P6,2023,43.8418683348,"Sub-Saharan Africa","Upper middle income"
"Equatorial Guinea",GNQ,"Secure Internet servers (per 1 million people)",IT.NET.SECR.P6,2024,66.5780368568,"Sub-Saharan Africa","Upper middle income"
Eritrea,ERI,"Fixed broadband subscriptions (per 100 people)",IT.NET.BBND.P2,2008,0.0015623186,"Sub-Saharan Africa","Low income"
Eritrea,ERI,"Fixed broadband subscriptions (per 100 people)",IT.NET.BBND.P2,2009,0.0024239192,"Sub-Saharan Africa","Low income"
Eritrea,ERI,"Fixed broadband subscriptions (per 100 people)",IT.NET.BBND.P2,2010,0.0040065381,"Sub-Saharan Africa","Low income"
Eritrea,ERI,"Fixed broadband subscriptions (per 100 people)",IT.NET.BBND.P2,2011,0.0047023747,"Sub-Saharan Africa","Low income"
Eritrea,ERI,"Fixed broadband subscriptions (per 100 people)",IT.NET.BBND.P2,2012,0.0060915618,"Sub-Saharan Africa","Low income"
Eritrea,ERI,"Fixed broadband subscriptions (per 100 people)",IT.NET.BBND.P2,2013,0.0047489559,"Sub-Saharan Africa","Low income"
Eritrea,ERI,"Fixed broadband subscriptions (per 100 people)",IT.NET.BBND.P2,2014,0.0064616744,"Sub-Saharan Africa","Low income"
Eritrea,ERI,"Fixed broadband subscriptions (per 100 people)",IT.NET.BBND.P2,2015,0.0161002284,"Sub-Saharan Africa","Low income"
Eritrea,ERI,"Fixed broadband subscriptions (per 100 people)",IT.NET.BBND.P2,2016,0.0192018557,"Sub-Saharan Africa","Low income"
Eritrea,ERI,"Fixed broadband subscriptions (per 100 people)",IT.NET.BBND.P2,2017,0.0317425350,"Sub-Saharan Africa","Low income"
Eritrea,ERI,"Fixed broadband subscriptions (per 100 people)",IT.NET.BBND.P2,2019,0.0925870488,"Sub-Saharan Africa","Low income"
Eritrea,ERI,"Fixed broadband subscriptions (per 100 people)",IT.NET.BBND.P2,2020,0.1519169950,"Sub-Saharan Africa","Low income"
Eritrea,ERI,"Fixed broadband subscriptions (per 100 people)",IT.NET.BBND.P2,2021,0.1492455785,"Sub-Saharan Africa","Low income"
Eritrea,ERI,"Fixed broadband subscriptions (per 100 people)",IT.NET.BBND.P2,2022,0.1653933908,"Sub-Saharan Africa","Low income"
Eritrea,ERI,"Individuals using the Internet (% of population)",IT.NET.USER.ZS,2000,0.1367119411,"Sub-Saharan Africa","Low income"
Eritrea,ERI,"Individuals using the Internet (% of population)",IT.NET.USER.ZS,2001,0.1578152893,"Sub-Saharan Africa","Low income"
Eritrea,ERI,"Individuals using the Internet (% of population)",IT.NET.USER.ZS,2002,0.2270901376,"Sub-Saharan Africa","Low income"
Eritrea,ERI,"Individuals using the Internet (% of population)",IT.NET.USER.ZS,2007,0.4099999960,"Sub-Saharan Africa","Low income"
Eritrea,ERI,"Individuals using the Internet (% of population)",IT.NET.USER.ZS,2008,0.4699999990,"Sub-Saharan Africa","Low income"
Eritrea,ERI,"Individuals using the Internet (% of population)",IT.NET.USER.ZS,2009,0.5400000210,"Sub-Saharan Africa","Low income"
Eritrea,ERI,"Individuals using the Internet (% of population)",IT.NET.USER.ZS,2010,0.6100000140,"Sub-Saharan Africa","Low income"
Eritrea,ERI,"Individuals using the Internet (% of population)",IT.NET.USER.ZS,2011,0.6999999880,"Sub-Saharan Africa","Low income"
Eritrea,ERI,"Individuals using the Internet (% of population)",IT.NET.USER.ZS,2012,0.8000000120,"Sub-Saharan Africa","Low income"
Eritrea,ERI,"Individuals using the Internet (% of population)",IT.NET.USER.ZS,2013,0.8999999760,"Sub-Saharan Africa","Low income"
Eritrea,ERI,"Individuals using the Internet (% of population)",IT.NET.USER.ZS,2014,0.9900000100,"Sub-Saharan Africa","Low income"
Eritrea,ERI,"Individuals using the Internet (% of population)",IT.NET.USER.ZS,2015,1.0836999420,"Sub-Saharan Africa","Low income"
Eritrea,ERI,"Individuals using the Internet (% of population)",IT.NET.USER.ZS,2016,1.1770999430,"Sub-Saharan Africa","Low income"
Eritrea,ERI,"Individuals using the Internet (% of population)",IT.NET.USER.ZS,2017,2.4960999490,"Sub-Saharan Africa","Low income"
Eritrea,ERI,"Individuals using the Internet (% of population)",IT.NET.USER.ZS,2018,5.2930002210,"Sub-Saharan Africa","Low income"
Eritrea,ERI,"Individuals using the Internet (% of population)",IT.NET.USER.ZS,2019,11.2237997100,"Sub-Saharan Africa","Low income"
Eritrea,ERI,"Individuals using the Internet (% of population)",IT.NET.USER.ZS,2020,14.3493995700,"Sub-Saharan Africa","Low income"
Eritrea,ERI,"Mobile cellular subscriptions (per 100 people)",IT.CEL.SETS.P2,2000,0.0000000000,"Sub-Saharan Africa","Low income"
Eritrea,ERI,"Mobile cellular subscriptions (per 100 people)",IT.CEL.SETS.P2,2001,0.0000000000,"Sub-Saharan Africa","Low income"
Eritrea,ERI,"Mobile cellular subscriptions (per 100 people)",IT.CEL.SETS.P2,2002,0.0000000000,"Sub-Saharan Africa","Low income"
Eritrea,ERI,"Mobile cellular subscriptions (per 100 people)",IT.CEL.SETS.P2,2003,0.0000000000,"Sub-Saharan Africa","Low income"
Eritrea,ERI,"Mobile cellular subscriptions (per 100 people)",IT.CEL.SETS.P2,2004,0.7697387968,"Sub-Saharan Africa","Low income"
Eritrea,ERI,"Mobile cellular subscriptions (per 100 people)",IT.CEL.SETS.P2,2005,1.5195314922,"Sub-Saharan Africa","Low income"
Eritrea,ERI,"Mobile cellular subscriptions (per 100 people)",IT.CEL.SETS.P2,2006,2.2931738168,"Sub-Saharan Africa","Low income"
Eritrea,ERI,"Mobile cellular subscriptions (per 100 people)",IT.CEL.SETS.P2,2007,3.0747784904,"Sub-Saharan Africa","Low income"
Eritrea,ERI,"Mobile cellular subscriptions (per 100 people)",IT.CEL.SETS.P2,2008,3.8571870383,"Sub-Saharan Africa","Low income"
Eritrea,ERI,"Mobile cellular subscriptions (per 100 people)",IT.CEL.SETS.P2,2009,4.8869674520,"Sub-Saharan Africa","Low income"
Eritrea,ERI,"Mobile cellular subscriptions (per 100 people)",IT.CEL.SETS.P2,2010,6.2907741650,"Sub-Saharan Africa","Low income"
Eritrea,ERI,"Mobile cellular subscriptions (per 100 people)",IT.CEL.SETS.P2,2011,8.0687080309,"Sub-Saharan Africa","Low income"
Eritrea,ERI,"Mobile cellular subscriptions (per 100 people)",IT.CEL.SETS.P2,2012,10.0521635252,"Sub-Saharan Africa","Low income"
Eritrea,ERI,"Mobile cellular subscriptions (per 100 people)",IT.CEL.SETS.P2,2013,11.5420445231,"Sub-Saharan Africa","Low income"
Eritrea,ERI,"Mobile cellular subscriptions (per 100 people)",IT.CEL.SETS.P2,2014,13.4855143800,"Sub-Saharan Africa","Low income"
Eritrea,ERI,"Mobile cellular subscriptions (per 100 people)",IT.CEL.SETS.P2,2015,15.2952170085,"Sub-Saharan Africa","Low income"
Eritrea,ERI,"Mobile cellular subscriptions (per 100 people)",IT.CEL.SETS.P2,2016,16.1935649461,"Sub-Saharan Africa","Low income"
Eritrea,ERI,"Mobile cellular subscriptions (per 100 people)",IT.CEL.SETS.P2,2017,22.0610618449,"Sub-Saharan Africa","Low income"
Eritrea,ERI,"Mobile cellular subscriptions (per 100 people)",IT.CEL.SETS.P2,2019,40.4605403257,"Sub-Saharan Africa","Low income"
Eritrea,ERI,"Mobile cellular subscriptions (per 100 people)",IT.CEL.SETS.P2,2020,54.7205015935,"Sub-Saharan Africa","Low income"
Eritrea,ERI,"Mobile cellular subscriptions (per 100 people)",IT.CEL.SETS.P2,2021,53.7582573847,"Sub-Saharan Africa","Low income"
Eritrea,ERI,"Mobile cellular subscriptions (per 100 people)",IT.CEL.SETS.P2,2022,59.1248082167,"Sub-Saharan Africa","Low income"
Eritrea,ERI,"Secure Internet servers (per 1 million people)",IT.NET.SECR.P6,2010,0.3395371294,"Sub-Saharan Africa","Low income"
Eritrea,ERI,"Secure Internet servers (per 1 million people)",IT.NET.SECR.P6,2011,0.3335017517,"Sub-Saharan Africa","Low income"
Eritrea,ERI,"Secure Internet servers (per 1 million people)",IT.NET.SECR.P6,2012,0.0000000000,"Sub-Saharan Africa","Low income"
Eritrea,ERI,"Secure Internet servers (per 1 million people)",IT.NET.SECR.P6,2013,0.0000000000,"Sub-Saharan Africa","Low income"
Eritrea,ERI,"Secure Internet servers (per 1 million people)",IT.NET.SECR.P6,2015,0.0000000000,"Sub-Saharan Africa","Low income"
Eritrea,ERI,"Secure Internet servers (per 1 million people)",IT.NET.SECR.P6,2016,0.0000000000,"Sub-Saharan Africa","Low income"
Eritrea,ERI,"Secure Internet servers (per 1 million people)",IT.NET.SECR.P6,2017,0.0000000000,"Sub-Saharan Africa","Low income"
Eritrea,ERI,"Secure Internet servers (per 1 million people)",IT.NET.SECR.P6,2018,0.3132086345,"Sub-Saharan Africa","Low income"
Eritrea,ERI,"Secure Internet servers (per 1 million people)",IT.NET.SECR.P6,2019,0.9258704880,"Sub-Saharan Africa","Low income"
Eritrea,ERI,"Secure Internet servers (per 1 million people)",IT.NET.SECR.P6,2020,0.9115019699,"Sub-Saharan Africa","Low income"
Eritrea,ERI,"Secure Internet servers (per 1 million people)",IT.NET.SECR.P6,2021,0.8954734712,"Sub-Saharan Africa","Low income"
Eritrea,ERI,"Secure Internet servers (per 1 million people)",IT.NET.SECR.P6,2022,0.8799080907,"Sub-Saharan Africa","Low income"
Eritrea,ERI,"Secure Internet servers (per 1 million people)",IT.NET.SECR.P6,2023,0.2881520521,"Sub-Saharan Africa","Low income"
Eritrea,ERI,"Secure Internet servers (per 1 million people)",IT.NET.SECR.P6,2024,1.9798602954,"Sub-Saharan Africa","Low income"
Eswatini,SWZ,"Fixed broadband subscriptions (per 100 people)",IT.NET.BBND.P2,2008,0.0703038273,"Sub-Saharan Africa","Lower middle income"
Eswatini,SWZ,"Fixed broadband subscriptions (per 100 people)",IT.NET.BBND.P2,2009,0.1360897541,"Sub-Saharan Africa","Lower middle income"
Eswatini,SWZ,"Fixed broadband subscriptions (per 100 people)",IT.NET.BBND.P2,2010,0.3290604057,"Sub-Saharan Africa","Lower middle income"
Eswatini,SWZ,"Fixed broadband subscriptions (per 100 people)",IT.NET.BBND.P2,2011,0.7178174200,"Sub-Saharan Africa","Lower middle income"
Eswatini,SWZ,"Fixed broadband subscriptions (per 100 people)",IT.NET.BBND.P2,2012,0.3051083629,"Sub-Saharan Africa","Lower middle income"
Eswatini,SWZ,"Fixed broadband subscriptions (per 100 people)",IT.NET.BBND.P2,2013,0.3716847052,"Sub-Saharan Africa","Lower middle income"
Eswatini,SWZ,"Fixed broadband subscriptions (per 100 people)",IT.NET.BBND.P2,2014,0.4488255292,"Sub-Saharan Africa","Lower middle income"
Eswatini,SWZ,"Fixed broadband subscriptions (per 100 people)",IT.NET.BBND.P2,2015,0.5250202789,"Sub-Saharan Africa","Lower middle income"
Eswatini,SWZ,"Fixed broadband subscriptions (per 100 people)",IT.NET.BBND.P2,2016,0.6089567093,"Sub-Saharan Africa","Lower middle income"
Eswatini,SWZ,"Fixed broadband subscriptions (per 100 people)",IT.NET.BBND.P2,2017,1.3419156532,"Sub-Saharan Africa","Lower middle income"
Eswatini,SWZ,"Fixed broadband subscriptions (per 100 people)",IT.NET.BBND.P2,2018,1.8710289504,"Sub-Saharan Africa","Lower middle income"
Eswatini,SWZ,"Fixed broadband subscriptions (per 100 people)",IT.NET.BBND.P2,2019,2.0436928011,"Sub-Saharan Africa","Lower middle income"
Eswatini,SWZ,"Fixed broadband subscriptions (per 100 people)",IT.NET.BBND.P2,2020,2.2900424153,"Sub-Saharan Africa","Lower middle income"
Eswatini,SWZ,"Fixed broadband subscriptions (per 100 people)",IT.NET.BBND.P2,2021,2.5528077819,"Sub-Saharan Africa","Lower middle income"
Eswatini,SWZ,"Fixed broadband subscriptions (per 100 people)",IT.NET.BBND.P2,2022,2.1853005578,"Sub-Saharan Africa","Lower middle income"
Eswatini,SWZ,"Fixed broadband subscriptions (per 100 people)",IT.NET.BBND.P2,2023,2.7636598277,"Sub-Saharan Africa","Lower middle income"
Eswatini,SWZ,"Fixed broadband subscriptions (per 100 people)",IT.NET.BBND.P2,2024,2.5065536336,"Sub-Saharan Africa","Lower middle income"
Eswatini,SWZ,"Individuals using the Internet (% of population)",IT.NET.USER.ZS,2000,0.9261917773,"Sub-Saharan Africa","Lower middle income"
Eswatini,SWZ,"Individuals using the Internet (% of population)",IT.NET.USER.ZS,2001,1.2815900505,"Sub-Saharan Africa","Lower middle income"
Eswatini,SWZ,"Individuals using the Internet (% of population)",IT.NET.USER.ZS,2002,1.8162038071,"Sub-Saharan Africa","Lower middle income"
Eswatini,SWZ,"Individuals using the Internet (% of population)",IT.NET.USER.ZS,2003,2.4370738506,"Sub-Saharan Africa","Lower middle income"
Eswatini,SWZ,"Individuals using the Internet (% of population)",IT.NET.USER.ZS,2004,3.2286850732,"Sub-Saharan Africa","Lower middle income"
Eswatini,SWZ,"Individuals using the Internet (% of population)",IT.NET.USER.ZS,2005,3.6970000270,"Sub-Saharan Africa","Lower middle income"
Eswatini,SWZ,"Individuals using the Internet (% of population)",IT.NET.USER.ZS,2006,3.6965387891,"Sub-Saharan Africa","Lower middle income"
Eswatini,SWZ,"Individuals using the Internet (% of population)",IT.NET.USER.ZS,2007,4.1000000000,"Sub-Saharan Africa","Lower middle income"
Eswatini,SWZ,"Individuals using the Internet (% of population)",IT.NET.USER.ZS,2008,6.8500000000,"Sub-Saharan Africa","Lower middle income"
Eswatini,SWZ,"Individuals using the Internet (% of population)",IT.NET.USER.ZS,2009,8.9400000000,"Sub-Saharan Africa","Lower middle income"
Eswatini,SWZ,"Individuals using the Internet (% of population)",IT.NET.USER.ZS,2010,11.0400000000,"Sub-Saharan Africa","Lower middle income"
Eswatini,SWZ,"Individuals using the Internet (% of population)",IT.NET.USER.ZS,2011,18.1300000000,"Sub-Saharan Africa","Lower middle income"
Eswatini,SWZ,"Individuals using the Internet (% of population)",IT.NET.USER.ZS,2012,20.7817993200,"Sub-Saharan Africa","Lower middle income"
Eswatini,SWZ,"Individuals using the Internet (% of population)",IT.NET.USER.ZS,2013,24.7000007600,"Sub-Saharan Africa","Lower middle income"
Eswatini,SWZ,"Individuals using the Internet (% of population)",IT.NET.USER.ZS,2014,25.0000000000,"Sub-Saharan Africa","Lower middle income"
Eswatini,SWZ,"Individuals using the Internet (% of population)",IT.NET.USER.ZS,2015,25.6429996500,"Sub-Saharan Africa","Lower middle income"
Eswatini,SWZ,"Individuals using the Internet (% of population)",IT.NET.USER.ZS,2016,28.5699996900,"Sub-Saharan Africa","Lower middle income"
Eswatini,SWZ,"Individuals using the Internet (% of population)",IT.NET.USER.ZS,2017,35.3316001900,"Sub-Saharan Africa","Lower middle income"
Eswatini,SWZ,"Individuals using the Internet (% of population)",IT.NET.USER.ZS,2018,39.3810005200,"Sub-Saharan Africa","Lower middle income"
Eswatini,SWZ,"Individuals using the Internet (% of population)",IT.NET.USER.ZS,2019,43.9338989300,"Sub-Saharan Africa","Lower middle income"
Eswatini,SWZ,"Individuals using the Internet (% of population)",IT.NET.USER.ZS,2020,49.0130004900,"Sub-Saharan Africa","Lower middle income"
Eswatini,SWZ,"Individuals using the Internet (% of population)",IT.NET.USER.ZS,2021,53.9953002900,"Sub-Saharan Africa","Lower middle income"
Eswatini,SWZ,"Individuals using the Internet (% of population)",IT.NET.USER.ZS,2022,57.3437004100,"Sub-Saharan Africa","Lower middle income"
Eswatini,SWZ,"Individuals using the Internet (% of population)",IT.NET.USER.ZS,2023,61.3333015400,"Sub-Saharan Africa","Lower middle income"
Eswatini,SWZ,"Individuals using the Internet (% of population)",IT.NET.USER.ZS,2024,63.4030990600,"Sub-Saharan Africa","Lower middle income"
Eswatini,SWZ,"Mobile cellular subscriptions (per 100 people)",IT.CEL.SETS.P2,2000,3.1687686165,"Sub-Saharan Africa","Lower middle income"
Eswatini,SWZ,"Mobile cellular subscriptions (per 100 people)",IT.CEL.SETS.P2,2001,5.2327926749,"Sub-Saharan Africa","Lower middle income"
Eswatini,SWZ,"Mobile cellular subscriptions (per 100 people)",IT.CEL.SETS.P2,2002,6.4184791791,"Sub-Saharan Africa","Lower middle income"
Eswatini,SWZ,"Mobile cellular subscriptions (per 100 people)",IT.CEL.SETS.P2,2003,7.9685009843,"Sub-Saharan Africa","Lower middle income"
Eswatini,SWZ,"Mobile cellular subscriptions (per 100 people)",IT.CEL.SETS.P2,2004,13.5115113417,"Sub-Saharan Africa","Lower middle income"
Eswatini,SWZ,"Mobile cellular subscriptions (per 100 people)",IT.CEL.SETS.P2,2005,18.5353032654,"Sub-Saharan Africa","Lower middle income"
Eswatini,SWZ,"Mobile cellular subscriptions (per 100 people)",IT.CEL.SETS.P2,2006,23.0534582032,"Sub-Saharan Africa","Lower middle income"
Eswatini,SWZ,"Mobile cellular subscriptions (per 100 people)",IT.CEL.SETS.P2,2007,34.8398512888,"Sub-Saharan Africa","Lower middle income"
Eswatini,SWZ,"Mobile cellular subscriptions (per 100 people)",IT.CEL.SETS.P2,2008,48.4152042044,"Sub-Saharan Africa","Lower middle income"
Eswatini,SWZ,"Mobile cellular subscriptions (per 100 people)",IT.CEL.SETS.P2,2009,60.1212682769,"Sub-Saharan Africa","Lower middle income"
Eswatini,SWZ,"Mobile cellular subscriptions (per 100 people)",IT.CEL.SETS.P2,2010,65.2905141007,"Sub-Saharan Africa","Lower middle income"
Eswatini,SWZ,"Mobile cellular subscriptions (per 100 people)",IT.CEL.SETS.P2,2011,68.5737493883,"Sub-Saharan Africa","Lower middle income"
Eswatini,SWZ,"Mobile cellular subscriptions (per 100 people)",IT.CEL.SETS.P2,2012,71.6279475345,"Sub-Saharan Africa","Lower middle income"
Eswatini,SWZ,"Mobile cellular subscriptions (per 100 people)",IT.CEL.SETS.P2,2013,79.0272480287,"Sub-Saharan Africa","Lower middle income"
Eswatini,SWZ,"Mobile cellular subscriptions (per 100 people)",IT.CEL.SETS.P2,2014,80.6829892484,"Sub-Saharan Africa","Lower middle income"
Eswatini,SWZ,"Mobile cellular subscriptions (per 100 people)",IT.CEL.SETS.P2,2015,82.3406804088,"Sub-Saharan Africa","Lower middle income"
Eswatini,SWZ,"Mobile cellular subscriptions (per 100 people)",IT.CEL.SETS.P2,2016,86.5588465316,"Sub-Saharan Africa","Lower middle income"
Eswatini,SWZ,"Mobile cellular subscriptions (per 100 people)",IT.CEL.SETS.P2,2017,88.7130405502,"Sub-Saharan Africa","Lower middle income"
Eswatini,SWZ,"Mobile cellular subscriptions (per 100 people)",IT.CEL.SETS.P2,2018,89.2003705956,"Sub-Saharan Africa","Lower middle income"
Eswatini,SWZ,"Mobile cellular subscriptions (per 100 people)",IT.CEL.SETS.P2,2019,91.0519258836,"Sub-Saharan Africa","Lower middle income"
Eswatini,SWZ,"Mobile cellular subscriptions (per 100 people)",IT.CEL.SETS.P2,2020,104.7472644666,"Sub-Saharan Africa","Lower middle income"
Eswatini,SWZ,"Mobile cellular subscriptions (per 100 people)",IT.CEL.SETS.P2,2021,118.6274907943,"Sub-Saharan Africa","Lower middle income"
Eswatini,SWZ,"Mobile cellular subscriptions (per 100 people)",IT.CEL.SETS.P2,2022,121.4917012397,"Sub-Saharan Africa","Lower middle income"
Eswatini,SWZ,"Mobile cellular subscriptions (per 100 people)",IT.CEL.SETS.P2,2023,128.3992113813,"Sub-Saharan Africa","Lower middle income"
Eswatini,SWZ,"Mobile cellular subscriptions (per 100 people)",IT.CEL.SETS.P2,2024,139.8334596587,"Sub-Saharan Africa","Lower middle income"
Eswatini,SWZ,"Secure Internet servers (per 1 million people)",IT.NET.SECR.P6,2010,4.4978185580,"Sub-Saharan Africa","Lower middle income"
Eswatini,SWZ,"Secure Internet servers (per 1 million people)",IT.NET.SECR.P6,2011,6.2621160764,"Sub-Saharan Africa","Lower middle income"
Eswatini,SWZ,"Secure Internet servers (per 1 million people)",IT.NET.SECR.P6,2012,8.0080935132,"Sub-Saharan Africa","Lower middle income"
Eswatini,SWZ,"Secure Internet servers (per 1 million people)",IT.NET.SECR.P6,2013,9.7345994212,"Sub-Saharan Africa","Lower middle income"
Eswatini,SWZ,"Secure Internet servers (per 1 million people)",IT.NET.SECR.P6,2014,18.4810512022,"Sub-Saharan Africa","Lower middle income"
Eswatini,SWZ,"Secure Internet servers (per 1 million people)",IT.NET.SECR.P6,2015,25.3759801472,"Sub-Saharan Africa","Lower middle income"
Eswatini,SWZ,"Secure Internet servers (per 1 million people)",IT.NET.SECR.P6,2016,25.2282065268,"Sub-Saharan Africa","Lower middle income"
Eswatini,SWZ,"Secure Internet servers (per 1 million people)",IT.NET.SECR.P6,2017,39.7169733939,"Sub-Saharan Africa","Lower middle income"
Eswatini,SWZ,"Secure Internet servers (per 1 million people)",IT.NET.SECR.P6,2018,52.1845210445,"Sub-Saharan Africa","Lower middle income"
Eswatini,SWZ,"Secure Internet servers (per 1 million people)",IT.NET.SECR.P6,2019,90.6876496982,"Sub-Saharan Africa","Lower middle income"
Eswatini,SWZ,"Secure Internet servers (per 1 million people)",IT.NET.SECR.P6,2020,107.3169177575,"Sub-Saharan Africa","Lower middle income"
Eswatini,SWZ,"Secure Internet servers (per 1 million people)",IT.NET.SECR.P6,2021,87.8506671264,"Sub-Saharan Africa","Lower middle income"
Eswatini,SWZ,"Secure Internet servers (per 1 million people)",IT.NET.SECR.P6,2022,109.9336542193,"Sub-Saharan Africa","Lower middle income"
Eswatini,SWZ,"Secure Internet servers (per 1 million people)",IT.NET.SECR.P6,2023,139.7798954251,"Sub-Saharan Africa","Lower middle income"
Eswatini,SWZ,"Secure Internet servers (per 1 million people)",IT.NET.SECR.P6,2024,116.6699656105,"Sub-Saharan Africa","Lower middle income"
Ethiopia,ETH,"Fixed broadband subscriptions (per 100 people)",IT.NET.BBND.P2,2003,0.0000772016,"Sub-Saharan Africa","Low income"
Ethiopia,ETH,"Fixed broadband subscriptions (per 100 people)",IT.NET.BBND.P2,2004,0.0000460059,"Sub-Saharan Africa","Low income"
Ethiopia,ETH,"Fixed broadband subscriptions (per 100 people)",IT.NET.BBND.P2,2005,0.0000778384,"Sub-Saharan Africa","Low income"
Ethiopia,ETH,"Fixed broadband subscriptions (per 100 people)",IT.NET.BBND.P2,2006,0.0003234061,"Sub-Saharan Africa","Low income"
Ethiopia,ETH,"Fixed broadband subscriptions (per 100 people)",IT.NET.BBND.P2,2007,0.0012466425,"Sub-Saharan Africa","Low income"
Ethiopia,ETH,"Fixed broadband subscriptions (per 100 people)",IT.NET.BBND.P2,2008,0.0017488144,"Sub-Saharan Africa","Low income"
Ethiopia,ETH,"Fixed broadband subscriptions (per 100 people)",IT.NET.BBND.P2,2009,0.0039746551,"Sub-Saharan Africa","Low income"
Ethiopia,ETH,"Fixed broadband subscriptions (per 100 people)",IT.NET.BBND.P2,2010,0.0045361911,"Sub-Saharan Africa","Low income"
Ethiopia,ETH,"Fixed broadband subscriptions (per 100 people)",IT.NET.BBND.P2,2011,0.0068201847,"Sub-Saharan Africa","Low income"
Ethiopia,ETH,"Fixed broadband subscriptions (per 100 people)",IT.NET.BBND.P2,2012,0.0089093005,"Sub-Saharan Africa","Low income"
Ethiopia,ETH,"Fixed broadband subscriptions (per 100 people)",IT.NET.BBND.P2,2013,0.2418427678,"Sub-Saharan Africa","Low income"
Ethiopia,ETH,"Fixed broadband subscriptions (per 100 people)",IT.NET.BBND.P2,2014,0.4660853057,"Sub-Saharan Africa","Low income"
Ethiopia,ETH,"Fixed broadband subscriptions (per 100 people)",IT.NET.BBND.P2,2015,0.4602033165,"Sub-Saharan Africa","Low income"
Ethiopia,ETH,"Fixed broadband subscriptions (per 100 people)",IT.NET.BBND.P2,2016,0.5238096211,"Sub-Saharan Africa","Low income"
Ethiopia,ETH,"Fixed broadband subscriptions (per 100 people)",IT.NET.BBND.P2,2017,0.0574013130,"Sub-Saharan Africa","Low income"
Ethiopia,ETH,"Fixed broadband subscriptions (per 100 people)",IT.NET.BBND.P2,2019,0.1373799855,"Sub-Saharan Africa","Low income"
Ethiopia,ETH,"Fixed broadband subscriptions (per 100 people)",IT.NET.BBND.P2,2020,0.1782745981,"Sub-Saharan Africa","Low income"
Ethiopia,ETH,"Fixed broadband subscriptions (per 100 people)",IT.NET.BBND.P2,2021,0.3993823803,"Sub-Saharan Africa","Low income"
Ethiopia,ETH,"Fixed broadband subscriptions (per 100 people)",IT.NET.BBND.P2,2022,0.4515765201,"Sub-Saharan Africa","Low income"
Ethiopia,ETH,"Fixed broadband subscriptions (per 100 people)",IT.NET.BBND.P2,2023,0.5348231803,"Sub-Saharan Africa","Low income"
Ethiopia,ETH,"Fixed broadband subscriptions (per 100 people)",IT.NET.BBND.P2,2024,0.5939174495,"Sub-Saharan Africa","Low income"
Ethiopia,ETH,"Individuals using the Internet (% of population)",IT.NET.USER.ZS,2000,0.0152637672,"Sub-Saharan Africa","Low income"
Ethiopia,ETH,"Individuals using the Internet (% of population)",IT.NET.USER.ZS,2001,0.0371623811,"Sub-Saharan Africa","Low income"
Ethiopia,ETH,"Individuals using the Internet (% of population)",IT.NET.USER.ZS,2002,0.0724022619,"Sub-Saharan Africa","Low income"
Ethiopia,ETH,"Individuals using the Internet (% of population)",IT.NET.USER.ZS,2003,0.1058116588,"Sub-Saharan Africa","Low income"
Ethiopia,ETH,"Individuals using the Internet (% of population)",IT.NET.USER.ZS,2004,0.1553345208,"Sub-Saharan Africa","Low income"
Ethiopia,ETH,"Individuals using the Internet (% of population)",IT.NET.USER.ZS,2005,0.2196598190,"Sub-Saharan Africa","Low income"
Ethiopia,ETH,"Individuals using the Internet (% of population)",IT.NET.USER.ZS,2006,0.3105926569,"Sub-Saharan Africa","Low income"
Ethiopia,ETH,"Individuals using the Internet (% of population)",IT.NET.USER.ZS,2007,0.3700000000,"Sub-Saharan Africa","Low income"
Ethiopia,ETH,"Individuals using the Internet (% of population)",IT.NET.USER.ZS,2008,0.4499999880,"Sub-Saharan Africa","Low income"
Ethiopia,ETH,"Individuals using the Internet (% of population)",IT.NET.USER.ZS,2009,0.5400000210,"Sub-Saharan Africa","Low income"
Ethiopia,ETH,"Individuals using the Internet (% of population)",IT.NET.USER.ZS,2010,0.7500000000,"Sub-Saharan Africa","Low income"
Ethiopia,ETH,"Individuals using the Internet (% of population)",IT.NET.USER.ZS,2011,1.1000000240,"Sub-Saharan Africa","Low income"
Ethiopia,ETH,"Individuals using the Internet (% of population)",IT.NET.USER.ZS,2012,2.9000000950,"Sub-Saharan Africa","Low income"
Ethiopia,ETH,"Individuals using the Internet (% of population)",IT.NET.USER.ZS,2013,4.5999999050,"Sub-Saharan Africa","Low income"
Ethiopia,ETH,"Individuals using the Internet (% of population)",IT.NET.USER.ZS,2014,7.6999998090,"Sub-Saharan Africa","Low income"
Ethiopia,ETH,"Individuals using the Internet (% of population)",IT.NET.USER.ZS,2015,13.8551755556,"Sub-Saharan Africa","Low income"
Ethiopia,ETH,"Individuals using the Internet (% of population)",IT.NET.USER.ZS,2016,15.3669238596,"Sub-Saharan Africa","Low income"
Ethiopia,ETH,"Individuals using the Internet (% of population)",IT.NET.USER.ZS,2017,15.6244001400,"Sub-Saharan Africa","Low income"
Ethiopia,ETH,"Individuals using the Internet (% of population)",IT.NET.USER.ZS,2018,15.8861999500,"Sub-Saharan Africa","Low income"
Ethiopia,ETH,"Individuals using the Internet (% of population)",IT.NET.USER.ZS,2019,15.9846000700,"Sub-Saharan Africa","Low income"
Ethiopia,ETH,"Individuals using the Internet (% of population)",IT.NET.USER.ZS,2020,16.0695991500,"Sub-Saharan Africa","Low income"
Ethiopia,ETH,"Individuals using the Internet (% of population)",IT.NET.USER.ZS,2021,16.6981031000,"Sub-Saharan Africa","Low income"
Ethiopia,ETH,"Individuals using the Internet (% of population)",IT.NET.USER.ZS,2022,17.9836998000,"Sub-Saharan Africa","Low income"
Ethiopia,ETH,"Individuals using the Internet (% of population)",IT.NET.USER.ZS,2023,20.3374996200,"Sub-Saharan Africa","Low income"
Ethiopia,ETH,"Individuals using the Internet (% of population)",IT.NET.USER.ZS,2024,21.9412994400,"Sub-Saharan Africa","Low income"
Ethiopia,ETH,"Mobile cellular subscriptions (per 100 people)",IT.CEL.SETS.P2,2000,0.0263412053,"Sub-Saharan Africa","Low income"
Ethiopia,ETH,"Mobile cellular subscriptions (per 100 people)",IT.CEL.SETS.P2,2001,0.0395753140,"Sub-Saharan Africa","Low income"
Ethiopia,ETH,"Mobile cellular subscriptions (per 100 people)",IT.CEL.SETS.P2,2002,0.0703128868,"Sub-Saharan Africa","Low income"
Ethiopia,ETH,"Mobile cellular subscriptions (per 100 people)",IT.CEL.SETS.P2,2003,0.0695139494,"Sub-Saharan Africa","Low income"
Ethiopia,ETH,"Mobile cellular subscriptions (per 100 people)",IT.CEL.SETS.P2,2004,0.2044423135,"Sub-Saharan Africa","Low income"
Ethiopia,ETH,"Mobile cellular subscriptions (per 100 people)",IT.CEL.SETS.P2,2005,0.5239801668,"Sub-Saharan Africa","Low income"
Ethiopia,ETH,"Mobile cellular subscriptions (per 100 people)",IT.CEL.SETS.P2,2006,1.0739312513,"Sub-Saharan Africa","Low income"
Ethiopia,ETH,"Mobile cellular subscriptions (per 100 people)",IT.CEL.SETS.P2,2007,1.4542132587,"Sub-Saharan Africa","Low income"
Ethiopia,ETH,"Mobile cellular subscriptions (per 100 people)",IT.CEL.SETS.P2,2008,2.2848295446,"Sub-Saharan Africa","Low income"
Ethiopia,ETH,"Mobile cellular subscriptions (per 100 people)",IT.CEL.SETS.P2,2009,4.6038084695,"Sub-Saharan Africa","Low income"
Ethiopia,ETH,"Mobile cellular subscriptions (per 100 people)",IT.CEL.SETS.P2,2010,7.5702589950,"Sub-Saharan Africa","Low income"
Ethiopia,ETH,"Mobile cellular subscriptions (per 100 people)",IT.CEL.SETS.P2,2011,15.1655003217,"Sub-Saharan Africa","Low income"
Ethiopia,ETH,"Mobile cellular subscriptions (per 100 people)",IT.CEL.SETS.P2,2012,21.4239594545,"Sub-Saharan Africa","Low income"
Ethiopia,ETH,"Mobile cellular subscriptions (per 100 people)",IT.CEL.SETS.P2,2013,26.0536269909,"Sub-Saharan Africa","Low income"
Ethiopia,ETH,"Mobile cellular subscriptions (per 100 people)",IT.CEL.SETS.P2,2014,30.1536033853,"Sub-Saharan Africa","Low income"
Ethiopia,ETH,"Mobile cellular subscriptions (per 100 people)",IT.CEL.SETS.P2,2015,40.7363012372,"Sub-Saharan Africa","Low income"
Ethiopia,ETH,"Mobile cellular subscriptions (per 100 people)",IT.CEL.SETS.P2,2016,47.9993274247,"Sub-Saharan Africa","Low income"
Ethiopia,ETH,"Mobile cellular subscriptions (per 100 people)",IT.CEL.SETS.P2,2017,36.1094836261,"Sub-Saharan Africa","Low income"
Ethiopia,ETH,"Mobile cellular subscriptions (per 100 people)",IT.CEL.SETS.P2,2019,36.2199307721,"Sub-Saharan Africa","Low income"
Ethiopia,ETH,"Mobile cellular subscriptions (per 100 people)",IT.CEL.SETS.P2,2020,37.4208472347,"Sub-Saharan Africa","Low income"
Ethiopia,ETH,"Mobile cellular subscriptions (per 100 people)",IT.CEL.SETS.P2,2021,52.8088633217,"Sub-Saharan Africa","Low income"
Ethiopia,ETH,"Mobile cellular subscriptions (per 100 people)",IT.CEL.SETS.P2,2022,56.9642988838,"Sub-Saharan Africa","Low income"
Ethiopia,ETH,"Mobile cellular subscriptions (per 100 people)",IT.CEL.SETS.P2,2023,59.8748744402,"Sub-Saharan Africa","Low income"
Ethiopia,ETH,"Mobile cellular subscriptions (per 100 people)",IT.CEL.SETS.P2,2024,65.0825091945,"Sub-Saharan Africa","Low income"
Ethiopia,ETH,"Secure Internet servers (per 1 million people)",IT.NET.SECR.P6,2010,0.0331350700,"Sub-Saharan Africa","Low income"
Ethiopia,ETH,"Secure Internet servers (per 1 million people)",IT.NET.SECR.P6,2011,0.0429415060,"Sub-Saharan Africa","Low income"
Ethiopia,ETH,"Secure Internet servers (per 1 million people)",IT.NET.SECR.P6,2012,0.2505251451,"Sub-Saharan Africa","Low income"
Ethiopia,ETH,"Secure Internet servers (per 1 million people)",IT.NET.SECR.P6,2013,0.2844408296,"Sub-Saharan Africa","Low income"
Ethiopia,ETH,"Secure Internet servers (per 1 million people)",IT.NET.SECR.P6,2014,0.3560281147,"Sub-Saharan Africa","Low income"
Ethiopia,ETH,"Secure Internet servers (per 1 million people)",IT.NET.SECR.P6,2015,0.3177135867,"Sub-Saharan Africa","Low income"
Ethiopia,ETH,"Secure Internet servers (per 1 million people)",IT.NET.SECR.P6,2016,0.3935600015,"Sub-Saharan Africa","Low income"
Ethiopia,ETH,"Secure Internet servers (per 1 million people)",IT.NET.SECR.P6,2017,0.6930102918,"Sub-Saharan Africa","Low income"
Ethiopia,ETH,"Secure Internet servers (per 1 million people)",IT.NET.SECR.P6,2018,1.4201500403,"Sub-Saharan Africa","Low income"
Ethiopia,ETH,"Secure Internet servers (per 1 million people)",IT.NET.SECR.P6,2019,1.4256413591,"Sub-Saharan Africa","Low income"
Ethiopia,ETH,"Secure Internet servers (per 1 million people)",IT.NET.SECR.P6,2020,5.4996031666,"Sub-Saharan Africa","Low income"
Ethiopia,ETH,"Secure Internet servers (per 1 million people)",IT.NET.SECR.P6,2021,7.1967427690,"Sub-Saharan Africa","Low income"
Ethiopia,ETH,"Secure Internet servers (per 1 million people)",IT.NET.SECR.P6,2022,9.0043180610,"Sub-Saharan Africa","Low income"
Ethiopia,ETH,"Secure Internet servers (per 1 million people)",IT.NET.SECR.P6,2023,17.4681050895,"Sub-Saharan Africa","Low income"
Ethiopia,ETH,"Secure Internet servers (per 1 million people)",IT.NET.SECR.P6,2024,23.7316790056,"Sub-Saharan Africa","Low income"
Gabon,GAB,"Fixed broadband subscriptions (per 100 people)",IT.NET.BBND.P2,2003,0.0122978985,"Sub-Saharan Africa","Upper middle income"
Gabon,GAB,"Fixed broadband subscriptions (per 100 people)",IT.NET.BBND.P2,2004,0.0457228394,"Sub-Saharan Africa","Upper middle income"
Gabon,GAB,"Fixed broadband subscriptions (per 100 people)",IT.NET.BBND.P2,2005,0.1045442588,"Sub-Saharan Africa","Upper middle income"
Gabon,GAB,"Fixed broadband subscriptions (per 100 people)",IT.NET.BBND.P2,2006,0.1168836938,"Sub-Saharan Africa","Upper middle income"
Gabon,GAB,"Fixed broadband subscriptions (per 100 people)",IT.NET.BBND.P2,2007,0.1274227512,"Sub-Saharan Africa","Upper middle income"
Gabon,GAB,"Fixed broadband subscriptions (per 100 people)",IT.NET.BBND.P2,2008,0.1368861512,"Sub-Saharan Africa","Upper middle income"
Gabon,GAB,"Fixed broadband subscriptions (per 100 people)",IT.NET.BBND.P2,2009,0.2225022810,"Sub-Saharan Africa","Upper middle income"
Gabon,GAB,"Fixed broadband subscriptions (per 100 people)",IT.NET.BBND.P2,2010,0.2373422781,"Sub-Saharan Africa","Upper middle income"
Gabon,GAB,"Fixed broadband subscriptions (per 100 people)",IT.NET.BBND.P2,2011,0.2525273782,"Sub-Saharan Africa","Upper middle income"
Gabon,GAB,"Fixed broadband subscriptions (per 100 people)",IT.NET.BBND.P2,2012,0.2707255282,"Sub-Saharan Africa","Upper middle income"
Gabon,GAB,"Fixed broadband subscriptions (per 100 people)",IT.NET.BBND.P2,2013,0.4652234981,"Sub-Saharan Africa","Upper middle income"
Gabon,GAB,"Fixed broadband subscriptions (per 100 people)",IT.NET.BBND.P2,2014,0.5458959492,"Sub-Saharan Africa","Upper middle income"
Gabon,GAB,"Fixed broadband subscriptions (per 100 people)",IT.NET.BBND.P2,2015,0.5429720591,"Sub-Saharan Africa","Upper middle income"
Gabon,GAB,"Fixed broadband subscriptions (per 100 people)",IT.NET.BBND.P2,2016,0.7150386658,"Sub-Saharan Africa","Upper middle income"
Gabon,GAB,"Fixed broadband subscriptions (per 100 people)",IT.NET.BBND.P2,2017,0.6837127359,"Sub-Saharan Africa","Upper middle income"
Gabon,GAB,"Fixed broadband subscriptions (per 100 people)",IT.NET.BBND.P2,2018,0.9531179514,"Sub-Saharan Africa","Upper middle income"
Gabon,GAB,"Fixed broadband subscriptions (per 100 people)",IT.NET.BBND.P2,2019,1.0749629802,"Sub-Saharan Africa","Upper middle income"
Gabon,GAB,"Fixed broadband subscriptions (per 100 people)",IT.NET.BBND.P2,2020,1.9206136043,"Sub-Saharan Africa","Upper middle income"
Gabon,GAB,"Fixed broadband subscriptions (per 100 people)",IT.NET.BBND.P2,2021,2.6514249458,"Sub-Saharan Africa","Upper middle income"
Gabon,GAB,"Fixed broadband subscriptions (per 100 people)",IT.NET.BBND.P2,2022,3.3054859268,"Sub-Saharan Africa","Upper middle income"
Gabon,GAB,"Fixed broadband subscriptions (per 100 people)",IT.NET.BBND.P2,2023,3.9729329130,"Sub-Saharan Africa","Upper middle income"
Gabon,GAB,"Fixed broadband subscriptions (per 100 people)",IT.NET.BBND.P2,2024,4.6941021335,"Sub-Saharan Africa","Upper middle income"
Gabon,GAB,"Individuals using the Internet (% of population)",IT.NET.USER.ZS,2000,1.2161406183,"Sub-Saharan Africa","Upper middle income"
Gabon,GAB,"Individuals using the Internet (% of population)",IT.NET.USER.ZS,2001,1.3476202216,"Sub-Saharan Africa","Upper middle income"
Gabon,GAB,"Individuals using the Internet (% of population)",IT.NET.USER.ZS,2002,1.9395301062,"Sub-Saharan Africa","Upper middle income"
Gabon,GAB,"Individuals using the Internet (% of population)",IT.NET.USER.ZS,2003,2.6595865939,"Sub-Saharan Africa","Upper middle income"
Gabon,GAB,"Individuals using the Internet (% of population)",IT.NET.USER.ZS,2004,2.9790698004,"Sub-Saharan Africa","Upper middle income"
Gabon,GAB,"Individuals using the Internet (% of population)",IT.NET.USER.ZS,2005,4.8932647497,"Sub-Saharan Africa","Upper middle income"
Gabon,GAB,"Individuals using the Internet (% of population)",IT.NET.USER.ZS,2006,5.4892008028,"Sub-Saharan Africa","Upper middle income"
Gabon,GAB,"Individuals using the Internet (% of population)",IT.NET.USER.ZS,2007,5.7670001980,"Sub-Saharan Africa","Upper middle income"
Gabon,GAB,"Individuals using the Internet (% of population)",IT.NET.USER.ZS,2008,7.5000000000,"Sub-Saharan Africa","Upper middle income"
Gabon,GAB,"Individuals using the Internet (% of population)",IT.NET.USER.ZS,2009,9.5000000000,"Sub-Saharan Africa","Upper middle income"
Gabon,GAB,"Individuals using the Internet (% of population)",IT.NET.USER.ZS,2010,13.0000000000,"Sub-Saharan Africa","Upper middle income"
Gabon,GAB,"Individuals using the Internet (% of population)",IT.NET.USER.ZS,2011,18.0000000000,"Sub-Saharan Africa","Upper middle income"
Gabon,GAB,"Individuals using the Internet (% of population)",IT.NET.USER.ZS,2012,24.0000000000,"Sub-Saharan Africa","Upper middle income"
Gabon,GAB,"Individuals using the Internet (% of population)",IT.NET.USER.ZS,2013,30.5380001100,"Sub-Saharan Africa","Upper middle income"
Gabon,GAB,"Individuals using the Internet (% of population)",IT.NET.USER.ZS,2014,38.0712013200,"Sub-Saharan Africa","Upper middle income"
Gabon,GAB,"Individuals using the Internet (% of population)",IT.NET.USER.ZS,2015,45.7845001200,"Sub-Saharan Africa","Upper middle income"
Gabon,GAB,"Individuals using the Internet (% of population)",IT.NET.USER.ZS,2016,48.0522995000,"Sub-Saharan Africa","Upper middle income"
Gabon,GAB,"Individuals using the Internet (% of population)",IT.NET.USER.ZS,2017,51.6049003600,"Sub-Saharan Africa","Upper middle income"
Gabon,GAB,"Individuals using the Internet (% of population)",IT.NET.USER.ZS,2018,55.4202003500,"Sub-Saharan Africa","Upper middle income"
Gabon,GAB,"Individuals using the Internet (% of population)",IT.NET.USER.ZS,2019,59.5176010100,"Sub-Saharan Africa","Upper middle income"
Gabon,GAB,"Individuals using the Internet (% of population)",IT.NET.USER.ZS,2020,63.9179000900,"Sub-Saharan Africa","Upper middle income"
Gabon,GAB,"Individuals using the Internet (% of population)",IT.NET.USER.ZS,2021,65.7680969200,"Sub-Saharan Africa","Upper middle income"
Gabon,GAB,"Individuals using the Internet (% of population)",IT.NET.USER.ZS,2022,67.6716995200,"Sub-Saharan Africa","Upper middle income"
Gabon,GAB,"Individuals using the Internet (% of population)",IT.NET.USER.ZS,2023,68.1978988600,"Sub-Saharan Africa","Upper middle income"
Gabon,GAB,"Individuals using the Internet (% of population)",IT.NET.USER.ZS,2024,68.7209014900,"Sub-Saharan Africa","Upper middle income"
Gabon,GAB,"Mobile cellular subscriptions (per 100 people)",IT.CEL.SETS.P2,2000,9.4075442233,"Sub-Saharan Africa","Upper middle income"
Gabon,GAB,"Mobile cellular subscriptions (per 100 people)",IT.CEL.SETS.P2,2001,11.4539752548,"Sub-Saharan Africa","Upper middle income"
Gabon,GAB,"Mobile cellular subscriptions (per 100 people)",IT.CEL.SETS.P2,2002,20.7628974043,"Sub-Saharan Africa","Upper middle income"
Gabon,GAB,"Mobile cellular subscriptions (per 100 people)",IT.CEL.SETS.P2,2003,21.7021738344,"Sub-Saharan Africa","Upper middle income"
Gabon,GAB,"Mobile cellular subscriptions (per 100 people)",IT.CEL.SETS.P2,2004,34.4234596151,"Sub-Saharan Africa","Upper middle income"
Gabon,GAB,"Mobile cellular subscriptions (per 100 people)",IT.CEL.SETS.P2,2005,50.3377189536,"Sub-Saharan Africa","Upper middle income"
Gabon,GAB,"Mobile cellular subscriptions (per 100 people)",IT.CEL.SETS.P2,2006,59.5349049980,"Sub-Saharan Africa","Upper middle income"
Gabon,GAB,"Mobile cellular subscriptions (per 100 people)",IT.CEL.SETS.P2,2007,75.1170933476,"Sub-Saharan Africa","Upper middle income"
Gabon,GAB,"Mobile cellular subscriptions (per 100 people)",IT.CEL.SETS.P2,2008,80.8872711435,"Sub-Saharan Africa","Upper middle income"
Gabon,GAB,"Mobile cellular subscriptions (per 100 people)",IT.CEL.SETS.P2,2009,87.2675973605,"Sub-Saharan Africa","Upper middle income"
Gabon,GAB,"Mobile cellular subscriptions (per 100 people)",IT.CEL.SETS.P2,2010,93.6112366044,"Sub-Saharan Africa","Upper middle income"
Gabon,GAB,"Mobile cellular subscriptions (per 100 people)",IT.CEL.SETS.P2,2011,133.0104911096,"Sub-Saharan Africa","Upper middle income"
Gabon,GAB,"Mobile cellular subscriptions (per 100 people)",IT.CEL.SETS.P2,2012,138.4884527440,"Sub-Saharan Africa","Upper middle income"
Gabon,GAB,"Mobile cellular subscriptions (per 100 people)",IT.CEL.SETS.P2,2013,143.4994425159,"Sub-Saharan Africa","Upper middle income"
Gabon,GAB,"Mobile cellular subscriptions (per 100 people)",IT.CEL.SETS.P2,2014,148.2375900918,"Sub-Saharan Africa","Upper middle income"
Gabon,GAB,"Mobile cellular subscriptions (per 100 people)",IT.CEL.SETS.P2,2015,138.2444981330,"Sub-Saharan Africa","Upper middle income"
Gabon,GAB,"Mobile cellular subscriptions (per 100 people)",IT.CEL.SETS.P2,2016,141.0502088743,"Sub-Saharan Africa","Upper middle income"
Gabon,GAB,"Mobile cellular subscriptions (per 100 people)",IT.CEL.SETS.P2,2017,123.4754972414,"Sub-Saharan Africa","Upper middle income"
Gabon,GAB,"Mobile cellular subscriptions (per 100 people)",IT.CEL.SETS.P2,2018,132.4653146609,"Sub-Saharan Africa","Upper middle income"
Gabon,GAB,"Mobile cellular subscriptions (per 100 people)",IT.CEL.SETS.P2,2019,131.9752648712,"Sub-Saharan Africa","Upper middle income"
Gabon,GAB,"Mobile cellular subscriptions (per 100 people)",IT.CEL.SETS.P2,2020,131.3015626433,"Sub-Saharan Africa","Upper middle income"
Gabon,GAB,"Mobile cellular subscriptions (per 100 people)",IT.CEL.SETS.P2,2021,132.3086587325,"Sub-Saharan Africa","Upper middle income"
Gabon,GAB,"Mobile cellular subscriptions (per 100 people)",IT.CEL.SETS.P2,2022,123.2331871643,"Sub-Saharan Africa","Upper middle income"
Gabon,GAB,"Mobile cellular subscriptions (per 100 people)",IT.CEL.SETS.P2,2023,122.6066277660,"Sub-Saharan Africa","Upper middle income"
Gabon,GAB,"Mobile cellular subscriptions (per 100 people)",IT.CEL.SETS.P2,2024,125.3371075940,"Sub-Saharan Africa","Upper middle income"
Gabon,GAB,"Secure Internet servers (per 1 million people)",IT.NET.SECR.P6,2010,2.3257450088,"Sub-Saharan Africa","Upper middle income"
Gabon,GAB,"Secure Internet servers (per 1 million people)",IT.NET.SECR.P6,2011,17.3963304966,"Sub-Saharan Africa","Upper middle income"
Gabon,GAB,"Secure Internet servers (per 1 million people)",IT.NET.SECR.P6,2012,7.5803147888,"Sub-Saharan Africa","Upper middle income"
Gabon,GAB,"Secure Internet servers (per 1 million people)",IT.NET.SECR.P6,2013,11.4999066939,"Sub-Saharan Africa","Upper middle income"
Gabon,GAB,"Secure Internet servers (per 1 million people)",IT.NET.SECR.P6,2014,11.6255618811,"Sub-Saharan Africa","Upper middle income"
Gabon,GAB,"Secure Internet servers (per 1 million people)",IT.NET.SECR.P6,2015,15.6786734274,"Sub-Saharan Africa","Upper middle income"
Gabon,GAB,"Secure Internet servers (per 1 million people)",IT.NET.SECR.P6,2016,21.4254494345,"Sub-Saharan Africa","Upper middle income"
Gabon,GAB,"Secure Internet servers (per 1 million people)",IT.NET.SECR.P6,2017,26.8904446196,"Sub-Saharan Africa","Upper middle income"
Gabon,GAB,"Secure Internet servers (per 1 million people)",IT.NET.SECR.P6,2018,25.3128166927,"Sub-Saharan Africa","Upper middle income"
Gabon,GAB,"Secure Internet servers (per 1 million people)",IT.NET.SECR.P6,2019,24.2535849003,"Sub-Saharan Africa","Upper middle income"
Gabon,GAB,"Secure Internet servers (per 1 million people)",IT.NET.SECR.P6,2020,42.1952010278,"Sub-Saharan Africa","Upper middle income"
Gabon,GAB,"Secure Internet servers (per 1 million people)",IT.NET.SECR.P6,2021,39.9710189076,"Sub-Saharan Africa","Upper middle income"
Gabon,GAB,"Secure Internet servers (per 1 million people)",IT.NET.SECR.P6,2022,28.3863355586,"Sub-Saharan Africa","Upper middle income"
Gabon,GAB,"Secure Internet servers (per 1 million people)",IT.NET.SECR.P6,2023,43.0620064722,"Sub-Saharan Africa","Upper middle income"
Gabon,GAB,"Secure Internet servers (per 1 million people)",IT.NET.SECR.P6,2024,87.0437881457,"Sub-Saharan Africa","Upper middle income"
Gambia,GMB,"Fixed broadband subscriptions (per 100 people)",IT.NET.BBND.P2,2004,0.0022204240,"Sub-Saharan Africa","Low income"
Gambia,GMB,"Fixed broadband subscriptions (per 100 people)",IT.NET.BBND.P2,2005,0.0042590536,"Sub-Saharan Africa","Low income"
Gambia,GMB,"Fixed broadband subscriptions (per 100 people)",IT.NET.BBND.P2,2007,0.0152341126,"Sub-Saharan Africa","Low income"
Gambia,GMB,"Fixed broadband subscriptions (per 100 people)",IT.NET.BBND.P2,2008,0.0165029936,"Sub-Saharan Africa","Low income"
Gambia,GMB,"Fixed broadband subscriptions (per 100 people)",IT.NET.BBND.P2,2009,0.0160305906,"Sub-Saharan Africa","Low income"
Gambia,GMB,"Fixed broadband subscriptions (per 100 people)",IT.NET.BBND.P2,2010,0.0181664357,"Sub-Saharan Africa","Low income"
Gambia,GMB,"Fixed broadband subscriptions (per 100 people)",IT.NET.BBND.P2,2011,0.0220286080,"Sub-Saharan Africa","Low income"
Gambia,GMB,"Fixed broadband subscriptions (per 100 people)",IT.NET.BBND.P2,2012,0.0244726870,"Sub-Saharan Africa","Low income"
Gambia,GMB,"Fixed broadband subscriptions (per 100 people)",IT.NET.BBND.P2,2013,0.0208192716,"Sub-Saharan Africa","Low income"
Gambia,GMB,"Fixed broadband subscriptions (per 100 people)",IT.NET.BBND.P2,2014,0.1267250874,"Sub-Saharan Africa","Low income"
Gambia,GMB,"Fixed broadband subscriptions (per 100 people)",IT.NET.BBND.P2,2015,0.1606182702,"Sub-Saharan Africa","Low income"
Gambia,GMB,"Fixed broadband subscriptions (per 100 people)",IT.NET.BBND.P2,2016,0.1642022464,"Sub-Saharan Africa","Low income"
Gambia,GMB,"Fixed broadband subscriptions (per 100 people)",IT.NET.BBND.P2,2017,0.1707804110,"Sub-Saharan Africa","Low income"
Gambia,GMB,"Fixed broadband subscriptions (per 100 people)",IT.NET.BBND.P2,2018,0.1847366596,"Sub-Saharan Africa","Low income"
Gambia,GMB,"Fixed broadband subscriptions (per 100 people)",IT.NET.BBND.P2,2019,0.2035131250,"Sub-Saharan Africa","Low income"
Gambia,GMB,"Fixed broadband subscriptions (per 100 people)",IT.NET.BBND.P2,2020,0.1987492313,"Sub-Saharan Africa","Low income"
Gambia,GMB,"Fixed broadband subscriptions (per 100 people)",IT.NET.BBND.P2,2021,0.1940986254,"Sub-Saharan Africa","Low income"
Gambia,GMB,"Fixed broadband subscriptions (per 100 people)",IT.NET.BBND.P2,2022,0.2158188790,"Sub-Saharan Africa","Low income"
Gambia,GMB,"Fixed broadband subscriptions (per 100 people)",IT.NET.BBND.P2,2023,0.5021415241,"Sub-Saharan Africa","Low income"
Gambia,GMB,"Fixed broadband subscriptions (per 100 people)",IT.NET.BBND.P2,2024,0.5185529792,"Sub-Saharan Africa","Low income"
Gambia,GMB,"Individuals using the Internet (% of population)",IT.NET.USER.ZS,2000,0.9217949191,"Sub-Saharan Africa","Low income"
Gambia,GMB,"Individuals using the Internet (% of population)",IT.NET.USER.ZS,2001,1.3367911665,"Sub-Saharan Africa","Low income"
Gambia,GMB,"Individuals using the Internet (% of population)",IT.NET.USER.ZS,2002,1.7967798830,"Sub-Saharan Africa","Low income"
Gambia,GMB,"Individuals using the Internet (% of population)",IT.NET.USER.ZS,2003,2.4367811931,"Sub-Saharan Africa","Low income"
Gambia,GMB,"Individuals using the Internet (% of population)",IT.NET.USER.ZS,2004,3.3080034781,"Sub-Saharan Africa","Low income"
Gambia,GMB,"Individuals using the Internet (% of population)",IT.NET.USER.ZS,2005,3.7990000250,"Sub-Saharan Africa","Low income"
Gambia,GMB,"Individuals using the Internet (% of population)",IT.NET.USER.ZS,2006,5.2376911584,"Sub-Saharan Africa","Low income"
Gambia,GMB,"Individuals using the Internet (% of population)",IT.NET.USER.ZS,2007,6.2050374185,"Sub-Saharan Africa","Low income"
Gambia,GMB,"Individuals using the Internet (% of population)",IT.NET.USER.ZS,2008,6.8800001140,"Sub-Saharan Africa","Low income"
Gambia,GMB,"Individuals using the Internet (% of population)",IT.NET.USER.ZS,2009,7.6300001140,"Sub-Saharan Africa","Low income"
Gambia,GMB,"Individuals using the Internet (% of population)",IT.NET.USER.ZS,2010,9.2000000000,"Sub-Saharan Africa","Low income"
Gambia,GMB,"Individuals using the Internet (% of population)",IT.NET.USER.ZS,2011,10.8703002900,"Sub-Saharan Africa","Low income"
Gambia,GMB,"Individuals using the Internet (% of population)",IT.NET.USER.ZS,2012,12.4491996800,"Sub-Saharan Africa","Low income"
Gambia,GMB,"Individuals using the Internet (% of population)",IT.NET.USER.ZS,2013,14.0000000000,"Sub-Saharan Africa","Low income"
Gambia,GMB,"Individuals using the Internet (% of population)",IT.NET.USER.ZS,2014,15.5600004200,"Sub-Saharan Africa","Low income"
Gambia,GMB,"Individuals using the Internet (% of population)",IT.NET.USER.ZS,2015,17.5995006600,"Sub-Saharan Africa","Low income"
Gambia,GMB,"Individuals using the Internet (% of population)",IT.NET.USER.ZS,2016,19.9064006800,"Sub-Saharan Africa","Low income"
Gambia,GMB,"Individuals using the Internet (% of population)",IT.NET.USER.ZS,2017,22.5156002000,"Sub-Saharan Africa","Low income"
Gambia,GMB,"Individuals using the Internet (% of population)",IT.NET.USER.ZS,2018,28.3090000200,"Sub-Saharan Africa","Low income"
Gambia,GMB,"Individuals using the Internet (% of population)",IT.NET.USER.ZS,2019,31.1182994800,"Sub-Saharan Africa","Low income"
Gambia,GMB,"Individuals using the Internet (% of population)",IT.NET.USER.ZS,2020,36.0110015900,"Sub-Saharan Africa","Low income"
Gambia,GMB,"Individuals using the Internet (% of population)",IT.NET.USER.ZS,2021,41.6730995200,"Sub-Saharan Africa","Low income"
Gambia,GMB,"Individuals using the Internet (% of population)",IT.NET.USER.ZS,2022,48.2253990200,"Sub-Saharan Africa","Low income"
Gambia,GMB,"Individuals using the Internet (% of population)",IT.NET.USER.ZS,2023,48.7282981900,"Sub-Saharan Africa","Low income"
Gambia,GMB,"Individuals using the Internet (% of population)",IT.NET.USER.ZS,2024,49.4943008400,"Sub-Saharan Africa","Low income"
Gambia,GMB,"Mobile cellular subscriptions (per 100 people)",IT.CEL.SETS.P2,2000,0.3848575065,"Sub-Saharan Africa","Low income"
Gambia,GMB,"Mobile cellular subscriptions (per 100 people)",IT.CEL.SETS.P2,2001,3.6845882739,"Sub-Saharan Africa","Low income"
Gambia,GMB,"Mobile cellular subscriptions (per 100 people)",IT.CEL.SETS.P2,2002,6.5117266429,"Sub-Saharan Africa","Low income"
Gambia,GMB,"Mobile cellular subscriptions (per 100 people)",IT.CEL.SETS.P2,2003,9.4636764069,"Sub-Saharan Africa","Low income"
Gambia,GMB,"Mobile cellular subscriptions (per 100 people)",IT.CEL.SETS.P2,2004,10.7937275490,"Sub-Saharan Africa","Low income"
Gambia,GMB,"Mobile cellular subscriptions (per 100 people)",IT.CEL.SETS.P2,2005,14.8453813563,"Sub-Saharan Africa","Low income"
Gambia,GMB,"Mobile cellular subscriptions (per 100 people)",IT.CEL.SETS.P2,2006,23.5731879728,"Sub-Saharan Africa","Low income"
Gambia,GMB,"Mobile cellular subscriptions (per 100 people)",IT.CEL.SETS.P2,2007,45.3269217918,"Sub-Saharan Africa","Low income"
Gambia,GMB,"Mobile cellular subscriptions (per 100 people)",IT.CEL.SETS.P2,2008,64.1491166498,"Sub-Saharan Africa","Low income"
Gambia,GMB,"Mobile cellular subscriptions (per 100 people)",IT.CEL.SETS.P2,2009,70.1538188607,"Sub-Saharan Africa","Low income"
Gambia,GMB,"Mobile cellular subscriptions (per 100 people)",IT.CEL.SETS.P2,2010,76.7322734516,"Sub-Saharan Africa","Low income"
Gambia,GMB,"Mobile cellular subscriptions (per 100 people)",IT.CEL.SETS.P2,2011,70.6308247269,"Sub-Saharan Africa","Low income"
Gambia,GMB,"Mobile cellular subscriptions (per 100 people)",IT.CEL.SETS.P2,2012,74.6999893299,"Sub-Saharan Africa","Low income"
Gambia,GMB,"Mobile cellular subscriptions (per 100 people)",IT.CEL.SETS.P2,2013,87.8808072934,"Sub-Saharan Africa","Low income"
Gambia,GMB,"Mobile cellular subscriptions (per 100 people)",IT.CEL.SETS.P2,2014,105.5052648892,"Sub-Saharan Africa","Low income"
Gambia,GMB,"Mobile cellular subscriptions (per 100 people)",IT.CEL.SETS.P2,2015,122.0785163961,"Sub-Saharan Africa","Low income"
Gambia,GMB,"Mobile cellular subscriptions (per 100 people)",IT.CEL.SETS.P2,2016,124.2738210388,"Sub-Saharan Africa","Low income"
Gambia,GMB,"Mobile cellular subscriptions (per 100 people)",IT.CEL.SETS.P2,2017,126.6336747376,"Sub-Saharan Africa","Low income"
Gambia,GMB,"Mobile cellular subscriptions (per 100 people)",IT.CEL.SETS.P2,2018,132.5783703501,"Sub-Saharan Africa","Low income"
Gambia,GMB,"Mobile cellular subscriptions (per 100 people)",IT.CEL.SETS.P2,2019,105.2046446579,"Sub-Saharan Africa","Low income"
Gambia,GMB,"Mobile cellular subscriptions (per 100 people)",IT.CEL.SETS.P2,2020,106.4482598114,"Sub-Saharan Africa","Low income"
Gambia,GMB,"Mobile cellular subscriptions (per 100 people)",IT.CEL.SETS.P2,2021,108.8474035427,"Sub-Saharan Africa","Low income"
Gambia,GMB,"Mobile cellular subscriptions (per 100 people)",IT.CEL.SETS.P2,2022,106.7822505092,"Sub-Saharan Africa","Low income"
Gambia,GMB,"Mobile cellular subscriptions (per 100 people)",IT.CEL.SETS.P2,2023,117.1156608330,"Sub-Saharan Africa","Low income"
Gambia,GMB,"Mobile cellular subscriptions (per 100 people)",IT.CEL.SETS.P2,2024,126.2437735237,"Sub-Saharan Africa","Low income"
Gambia,GMB,"Secure Internet servers (per 1 million people)",IT.NET.SECR.P6,2010,4.1523281585,"Sub-Saharan Africa","Low income"
Gambia,GMB,"Secure Internet servers (per 1 million people)",IT.NET.SECR.P6,2011,2.0163485541,"Sub-Saharan Africa","Low income"
Gambia,GMB,"Secure Internet servers (per 1 million people)",IT.NET.SECR.P6,2012,2.9367224416,"Sub-Saharan Africa","Low income"
Gambia,GMB,"Secure Internet servers (per 1 million people)",IT.NET.SECR.P6,2013,3.8026066869,"Sub-Saharan Africa","Low income"
Gambia,GMB,"Secure Internet servers (per 1 million people)",IT.NET.SECR.P6,2014,7.3919117701,"Sub-Saharan Africa","Low income"
Gambia,GMB,"Secure Internet servers (per 1 million people)",IT.NET.SECR.P6,2015,7.6420671522,"Sub-Saharan Africa","Low income"
Gambia,GMB,"Secure Internet servers (per 1 million people)",IT.NET.SECR.P6,2016,8.3195804830,"Sub-Saharan Africa","Low income"
Gambia,GMB,"Secure Internet servers (per 1 million people)",IT.NET.SECR.P6,2017,45.2568089082,"Sub-Saharan Africa","Low income"
Gambia,GMB,"Secure Internet servers (per 1 million people)",IT.NET.SECR.P6,2018,23.3369116598,"Sub-Saharan Africa","Low income"
Gambia,GMB,"Secure Internet servers (per 1 million people)",IT.NET.SECR.P6,2019,21.1653649967,"Sub-Saharan Africa","Low income"
Gambia,GMB,"Secure Internet servers (per 1 million people)",IT.NET.SECR.P6,2020,27.8248923872,"Sub-Saharan Africa","Low income"
Gambia,GMB,"Secure Internet servers (per 1 million people)",IT.NET.SECR.P6,2021,46.1954728437,"Sub-Saharan Africa","Low income"
Gambia,GMB,"Secure Internet servers (per 1 million people)",IT.NET.SECR.P6,2022,49.6876505327,"Sub-Saharan Africa","Low income"
Gambia,GMB,"Secure Internet servers (per 1 million people)",IT.NET.SECR.P6,2023,52.2639365864,"Sub-Saharan Africa","Low income"
Gambia,GMB,"Secure Internet servers (per 1 million people)",IT.NET.SECR.P6,2024,58.6959073735,"Sub-Saharan Africa","Low income"
Ghana,GHA,"Fixed broadband subscriptions (per 100 people)",IT.NET.BBND.P2,2004,0.0041155466,"Sub-Saharan Africa","Lower middle income"
Ghana,GHA,"Fixed broadband subscriptions (per 100 people)",IT.NET.BBND.P2,2005,0.0084812814,"Sub-Saharan Africa","Lower middle income"
Ghana,GHA,"Fixed broadband subscriptions (per 100 people)",IT.NET.BBND.P2,2006,0.0553325155,"Sub-Saharan Africa","Lower middle income"
Ghana,GHA,"Fixed broadband subscriptions (per 100 people)",IT.NET.BBND.P2,2007,0.0685086239,"Sub-Saharan Africa","Lower middle income"
Ghana,GHA,"Fixed broadband subscriptions (per 100 people)",IT.NET.BBND.P2,2008,0.0947630976,"Sub-Saharan Africa","Lower middle income"
Ghana,GHA,"Fixed broadband subscriptions (per 100 people)",IT.NET.BBND.P2,2009,0.1142315240,"Sub-Saharan Africa","Lower middle income"
Ghana,GHA,"Fixed broadband subscriptions (per 100 people)",IT.NET.BBND.P2,2010,0.2044553885,"Sub-Saharan Africa","Lower middle income"
Ghana,GHA,"Fixed broadband subscriptions (per 100 people)",IT.NET.BBND.P2,2011,0.2496600126,"Sub-Saharan Africa","Lower middle income"
Ghana,GHA,"Fixed broadband subscriptions (per 100 people)",IT.NET.BBND.P2,2012,0.2548489452,"Sub-Saharan Africa","Lower middle income"
Ghana,GHA,"Fixed broadband subscriptions (per 100 people)",IT.NET.BBND.P2,2013,0.2512032249,"Sub-Saharan Africa","Lower middle income"
Ghana,GHA,"Fixed broadband subscriptions (per 100 people)",IT.NET.BBND.P2,2014,0.2502354360,"Sub-Saharan Africa","Lower middle income"
Ghana,GHA,"Fixed broadband subscriptions (per 100 people)",IT.NET.BBND.P2,2015,0.2548502464,"Sub-Saharan Africa","Lower middle income"
Ghana,GHA,"Fixed broadband subscriptions (per 100 people)",IT.NET.BBND.P2,2016,0.2949782370,"Sub-Saharan Africa","Lower middle income"
Ghana,GHA,"Fixed broadband subscriptions (per 100 people)",IT.NET.BBND.P2,2017,0.1893139490,"Sub-Saharan Africa","Lower middle income"
Ghana,GHA,"Fixed broadband subscriptions (per 100 people)",IT.NET.BBND.P2,2018,0.1999765974,"Sub-Saharan Africa","Lower middle income"
Ghana,GHA,"Fixed broadband subscriptions (per 100 people)",IT.NET.BBND.P2,2019,0.1872040147,"Sub-Saharan Africa","Lower middle income"
Ghana,GHA,"Fixed broadband subscriptions (per 100 people)",IT.NET.BBND.P2,2020,0.2457710406,"Sub-Saharan Africa","Lower middle income"
Ghana,GHA,"Fixed broadband subscriptions (per 100 people)",IT.NET.BBND.P2,2021,0.3522377072,"Sub-Saharan Africa","Lower middle income"
Ghana,GHA,"Fixed broadband subscriptions (per 100 people)",IT.NET.BBND.P2,2022,0.6249450966,"Sub-Saharan Africa","Lower middle income"
Ghana,GHA,"Fixed broadband subscriptions (per 100 people)",IT.NET.BBND.P2,2023,0.5554767305,"Sub-Saharan Africa","Lower middle income"
Ghana,GHA,"Fixed broadband subscriptions (per 100 people)",IT.NET.BBND.P2,2024,0.6647289860,"Sub-Saharan Africa","Lower middle income"
Ghana,GHA,"Individuals using the Internet (% of population)",IT.NET.USER.ZS,2000,0.1536152976,"Sub-Saharan Africa","Lower middle income"
Ghana,GHA,"Individuals using the Internet (% of population)",IT.NET.USER.ZS,2001,0.2000080603,"Sub-Saharan Africa","Lower middle income"
Ghana,GHA,"Individuals using the Internet (% of population)",IT.NET.USER.ZS,2002,0.8302840338,"Sub-Saharan Africa","Lower middle income"
Ghana,GHA,"Individuals using the Internet (% of population)",IT.NET.USER.ZS,2003,1.1930579110,"Sub-Saharan Africa","Lower middle income"
Ghana,GHA,"Individuals using the Internet (% of population)",IT.NET.USER.ZS,2004,1.7167977039,"Sub-Saharan Africa","Lower middle income"
Ghana,GHA,"Individuals using the Internet (% of population)",IT.NET.USER.ZS,2005,1.8311974610,"Sub-Saharan Africa","Lower middle income"
Ghana,GHA,"Individuals using the Internet (% of population)",IT.NET.USER.ZS,2006,2.7231759731,"Sub-Saharan Africa","Lower middle income"
Ghana,GHA,"Individuals using the Internet (% of population)",IT.NET.USER.ZS,2007,3.8500000000,"Sub-Saharan Africa","Lower middle income"
Ghana,GHA,"Individuals using the Internet (% of population)",IT.NET.USER.ZS,2008,4.2700000000,"Sub-Saharan Africa","Lower middle income"
Ghana,GHA,"Individuals using the Internet (% of population)",IT.NET.USER.ZS,2009,5.4400000000,"Sub-Saharan Africa","Lower middle income"
Ghana,GHA,"Individuals using the Internet (% of population)",IT.NET.USER.ZS,2010,7.8000000000,"Sub-Saharan Africa","Lower middle income"
Ghana,GHA,"Individuals using the Internet (% of population)",IT.NET.USER.ZS,2011,9.0000000000,"Sub-Saharan Africa","Lower middle income"
Ghana,GHA,"Individuals using the Internet (% of population)",IT.NET.USER.ZS,2012,10.6000000000,"Sub-Saharan Africa","Lower middle income"
Ghana,GHA,"Individuals using the Internet (% of population)",IT.NET.USER.ZS,2013,15.0000000000,"Sub-Saharan Africa","Lower middle income"
Ghana,GHA,"Individuals using the Internet (% of population)",IT.NET.USER.ZS,2014,19.0000000000,"Sub-Saharan Africa","Lower middle income"
Ghana,GHA,"Individuals using the Internet (% of population)",IT.NET.USER.ZS,2015,23.0000000000,"Sub-Saharan Africa","Lower middle income"
Ghana,GHA,"Individuals using the Internet (% of population)",IT.NET.USER.ZS,2016,28.0000000000,"Sub-Saharan Africa","Lower middle income"
Ghana,GHA,"Individuals using the Internet (% of population)",IT.NET.USER.ZS,2017,37.8842010500,"Sub-Saharan Africa","Lower middle income"
Ghana,GHA,"Individuals using the Internet (% of population)",IT.NET.USER.ZS,2018,43.0000000000,"Sub-Saharan Africa","Lower middle income"
Ghana,GHA,"Individuals using the Internet (% of population)",IT.NET.USER.ZS,2019,22.0732000000,"Sub-Saharan Africa","Lower middle income"
Ghana,GHA,"Individuals using the Internet (% of population)",IT.NET.USER.ZS,2020,62.5176010100,"Sub-Saharan Africa","Lower middle income"
Ghana,GHA,"Individuals using the Internet (% of population)",IT.NET.USER.ZS,2021,68.6000000000,"Sub-Saharan Africa","Lower middle income"
Ghana,GHA,"Individuals using the Internet (% of population)",IT.NET.USER.ZS,2022,69.9132995600,"Sub-Saharan Africa","Lower middle income"
Ghana,GHA,"Individuals using the Internet (% of population)",IT.NET.USER.ZS,2023,70.6743011500,"Sub-Saharan Africa","Lower middle income"
Ghana,GHA,"Individuals using the Internet (% of population)",IT.NET.USER.ZS,2024,72.1756973300,"Sub-Saharan Africa","Lower middle income"
Ghana,GHA,"Mobile cellular subscriptions (per 100 people)",IT.CEL.SETS.P2,2000,0.6622418081,"Sub-Saharan Africa","Lower middle income"
Ghana,GHA,"Mobile cellular subscriptions (per 100 people)",IT.CEL.SETS.P2,2001,1.2088866260,"Sub-Saharan Africa","Lower middle income"
Ghana,GHA,"Mobile cellular subscriptions (per 100 people)",IT.CEL.SETS.P2,2002,1.8658293240,"Sub-Saharan Africa","Lower middle income"
Ghana,GHA,"Mobile cellular subscriptions (per 100 people)",IT.CEL.SETS.P2,2003,3.7354557900,"Sub-Saharan Africa","Lower middle income"
Ghana,GHA,"Mobile cellular subscriptions (per 100 people)",IT.CEL.SETS.P2,2004,7.7509461413,"Sub-Saharan Africa","Lower middle income"
Ghana,GHA,"Mobile cellular subscriptions (per 100 people)",IT.CEL.SETS.P2,2005,12.8045967120,"Sub-Saharan Africa","Lower middle income"
Ghana,GHA,"Mobile cellular subscriptions (per 100 people)",IT.CEL.SETS.P2,2006,22.6001881366,"Sub-Saharan Africa","Lower middle income"
Ghana,GHA,"Mobile cellular subscriptions (per 100 people)",IT.CEL.SETS.P2,2007,32.1629441899,"Sub-Saharan Africa","Lower middle income"
Ghana,GHA,"Mobile cellular subscriptions (per 100 people)",IT.CEL.SETS.P2,2008,47.7132196501,"Sub-Saharan Africa","Lower middle income"
Ghana,GHA,"Mobile cellular subscriptions (per 100 people)",IT.CEL.SETS.P2,2009,60.7694975888,"Sub-Saharan Africa","Lower middle income"
Ghana,GHA,"Mobile cellular subscriptions (per 100 people)",IT.CEL.SETS.P2,2010,68.4473107846,"Sub-Saharan Africa","Lower middle income"
Ghana,GHA,"Mobile cellular subscriptions (per 100 people)",IT.CEL.SETS.P2,2011,81.1104488324,"Sub-Saharan Africa","Lower middle income"
Ghana,GHA,"Mobile cellular subscriptions (per 100 people)",IT.CEL.SETS.P2,2012,95.8261770997,"Sub-Saharan Africa","Lower middle income"
Ghana,GHA,"Mobile cellular subscriptions (per 100 people)",IT.CEL.SETS.P2,2013,102.3379992977,"Sub-Saharan Africa","Lower middle income"
Ghana,GHA,"Mobile cellular subscriptions (per 100 people)",IT.CEL.SETS.P2,2014,108.2704969104,"Sub-Saharan Africa","Lower middle income"
Ghana,GHA,"Mobile cellular subscriptions (per 100 people)",IT.CEL.SETS.P2,2015,121.9971565442,"Sub-Saharan Africa","Lower middle income"
Ghana,GHA,"Mobile cellular subscriptions (per 100 people)",IT.CEL.SETS.P2,2016,130.4813660862,"Sub-Saharan Africa","Lower middle income"
Ghana,GHA,"Mobile cellular subscriptions (per 100 people)",IT.CEL.SETS.P2,2017,122.4717656956,"Sub-Saharan Africa","Lower middle income"
Ghana,GHA,"Mobile cellular subscriptions (per 100 people)",IT.CEL.SETS.P2,2018,133.6099924325,"Sub-Saharan Africa","Lower middle income"
Ghana,GHA,"Mobile cellular subscriptions (per 100 people)",IT.CEL.SETS.P2,2019,130.7052333340,"Sub-Saharan Africa","Lower middle income"
Ghana,GHA,"Mobile cellular subscriptions (per 100 people)",IT.CEL.SETS.P2,2020,126.8873913539,"Sub-Saharan Africa","Lower middle income"
Ghana,GHA,"Mobile cellular subscriptions (per 100 people)",IT.CEL.SETS.P2,2021,124.4026253845,"Sub-Saharan Africa","Lower middle income"
Ghana,GHA,"Mobile cellular subscriptions (per 100 people)",IT.CEL.SETS.P2,2022,120.8034160271,"Sub-Saharan Africa","Lower middle income"
Ghana,GHA,"Mobile cellular subscriptions (per 100 people)",IT.CEL.SETS.P2,2023,98.8059221413,"Sub-Saharan Africa","Lower middle income"
Ghana,GHA,"Mobile cellular subscriptions (per 100 people)",IT.CEL.SETS.P2,2024,113.6479667047,"Sub-Saharan Africa","Lower middle income"
Ghana,GHA,"Secure Internet servers (per 1 million people)",IT.NET.SECR.P6,2010,0.8635919261,"Sub-Saharan Africa","Lower middle income"
Ghana,GHA,"Secure Internet servers (per 1 million people)",IT.NET.SECR.P6,2011,1.2646058139,"Sub-Saharan Africa","Lower middle income"
Ghana,GHA,"Secure Internet servers (per 1 million people)",IT.NET.SECR.P6,2012,2.6183623206,"Sub-Saharan Africa","Lower middle income"
Ghana,GHA,"Secure Internet servers (per 1 million people)",IT.NET.SECR.P6,2013,4.1261667878,"Sub-Saharan Africa","Lower middle income"
Ghana,GHA,"Secure Internet servers (per 1 million people)",IT.NET.SECR.P6,2014,5.2778743803,"Sub-Saharan Africa","Lower middle income"
Ghana,GHA,"Secure Internet servers (per 1 million people)",IT.NET.SECR.P6,2015,6.9695959739,"Sub-Saharan Africa","Lower middle income"
Ghana,GHA,"Secure Internet servers (per 1 million people)",IT.NET.SECR.P6,2016,94.0499460056,"Sub-Saharan Africa","Lower middle income"
Ghana,GHA,"Secure Internet servers (per 1 million people)",IT.NET.SECR.P6,2017,91.4412033396,"Sub-Saharan Africa","Lower middle income"
Ghana,GHA,"Secure Internet servers (per 1 million people)",IT.NET.SECR.P6,2018,21.1831317645,"Sub-Saharan Africa","Lower middle income"
Ghana,GHA,"Secure Internet servers (per 1 million people)",IT.NET.SECR.P6,2019,43.7954639864,"Sub-Saharan Africa","Lower middle income"
Ghana,GHA,"Secure Internet servers (per 1 million people)",IT.NET.SECR.P6,2020,57.8904621512,"Sub-Saharan Africa","Lower middle income"
Ghana,GHA,"Secure Internet servers (per 1 million people)",IT.NET.SECR.P6,2021,50.0020526673,"Sub-Saharan Africa","Lower middle income"
Ghana,GHA,"Secure Internet servers (per 1 million people)",IT.NET.SECR.P6,2022,49.1415285676,"Sub-Saharan Africa","Lower middle income"
Ghana,GHA,"Secure Internet servers (per 1 million people)",IT.NET.SECR.P6,2023,48.1533130456,"Sub-Saharan Africa","Lower middle income"
Ghana,GHA,"Secure Internet servers (per 1 million people)",IT.NET.SECR.P6,2024,48.9145074910,"Sub-Saharan Africa","Lower middle income"
Guinea,GIN,"Fixed broadband subscriptions (per 100 people)",IT.NET.BBND.P2,2010,0.0048095023,"Sub-Saharan Africa","Lower middle income"
Guinea,GIN,"Fixed broadband subscriptions (per 100 people)",IT.NET.BBND.P2,2011,0.0056302027,"Sub-Saharan Africa","Lower middle income"
Guinea,GIN,"Fixed broadband subscriptions (per 100 people)",IT.NET.BBND.P2,2012,0.0064093285,"Sub-Saharan Africa","Lower middle income"
Guinea,GIN,"Fixed broadband subscriptions (per 100 people)",IT.NET.BBND.P2,2013,0.0071480439,"Sub-Saharan Africa","Lower middle income"
Guinea,GIN,"Fixed broadband subscriptions (per 100 people)",IT.NET.BBND.P2,2014,0.0078445565,"Sub-Saharan Africa","Lower middle income"
Guinea,GIN,"Fixed broadband subscriptions (per 100 people)",IT.NET.BBND.P2,2015,0.0084982923,"Sub-Saharan Africa","Lower middle income"
Guinea,GIN,"Fixed broadband subscriptions (per 100 people)",IT.NET.BBND.P2,2016,0.0091112173,"Sub-Saharan Africa","Lower middle income"
Guinea,GIN,"Fixed broadband subscriptions (per 100 people)",IT.NET.BBND.P2,2017,0.0090992332,"Sub-Saharan Africa","Lower middle income"
Guinea,GIN,"Fixed broadband subscriptions (per 100 people)",IT.NET.BBND.P2,2018,0.0095475921,"Sub-Saharan Africa","Lower middle income"
Guinea,GIN,"Fixed broadband subscriptions (per 100 people)",IT.NET.BBND.P2,2019,0.0095900477,"Sub-Saharan Africa","Lower middle income"
Guinea,GIN,"Fixed broadband subscriptions (per 100 people)",IT.NET.BBND.P2,2020,0.0074787698,"Sub-Saharan Africa","Lower middle income"
Guinea,GIN,"Fixed broadband subscriptions (per 100 people)",IT.NET.BBND.P2,2021,0.0072936731,"Sub-Saharan Africa","Lower middle income"
Guinea,GIN,"Fixed broadband subscriptions (per 100 people)",IT.NET.BBND.P2,2022,0.0062752857,"Sub-Saharan Africa","Lower middle income"
Guinea,GIN,"Individuals using the Internet (% of population)",IT.NET.USER.ZS,2000,0.0954249236,"Sub-Saharan Africa","Lower middle income"
Guinea,GIN,"Individuals using the Internet (% of population)",IT.NET.USER.ZS,2001,0.1755418685,"Sub-Saharan Africa","Lower middle income"
Guinea,GIN,"Individuals using the Internet (% of population)",IT.NET.USER.ZS,2002,0.4020227487,"Sub-Saharan Africa","Lower middle income"
Guinea,GIN,"Individuals using the Internet (% of population)",IT.NET.USER.ZS,2003,0.4509603708,"Sub-Saharan Africa","Lower middle income"
Guinea,GIN,"Individuals using the Internet (% of population)",IT.NET.USER.ZS,2004,0.5088193323,"Sub-Saharan Africa","Lower middle income"
Guinea,GIN,"Individuals using the Internet (% of population)",IT.NET.USER.ZS,2005,0.5422999860,"Sub-Saharan Africa","Lower middle income"
Guinea,GIN,"Individuals using the Internet (% of population)",IT.NET.USER.ZS,2006,0.6374999880,"Sub-Saharan Africa","Lower middle income"
Guinea,GIN,"Individuals using the Internet (% of population)",IT.NET.USER.ZS,2007,0.7800252791,"Sub-Saharan Africa","Lower middle income"
Guinea,GIN,"Individuals using the Internet (% of population)",IT.NET.USER.ZS,2008,0.9200000000,"Sub-Saharan Africa","Lower middle income"
Guinea,GIN,"Individuals using the Internet (% of population)",IT.NET.USER.ZS,2009,0.9400000000,"Sub-Saharan Africa","Lower middle income"
Guinea,GIN,"Individuals using the Internet (% of population)",IT.NET.USER.ZS,2010,1.0000000000,"Sub-Saharan Africa","Lower middle income"
Guinea,GIN,"Individuals using the Internet (% of population)",IT.NET.USER.ZS,2011,2.0000000000,"Sub-Saharan Africa","Lower middle income"
Guinea,GIN,"Individuals using the Internet (% of population)",IT.NET.USER.ZS,2012,3.0999999050,"Sub-Saharan Africa","Lower middle income"
Guinea,GIN,"Individuals using the Internet (% of population)",IT.NET.USER.ZS,2013,4.5000000000,"Sub-Saharan Africa","Lower middle income"
Guinea,GIN,"Individuals using the Internet (% of population)",IT.NET.USER.ZS,2014,6.4000000950,"Sub-Saharan Africa","Lower middle income"
Guinea,GIN,"Individuals using the Internet (% of population)",IT.NET.USER.ZS,2015,9.1999998090,"Sub-Saharan Africa","Lower middle income"
Guinea,GIN,"Individuals using the Internet (% of population)",IT.NET.USER.ZS,2016,13.1000003800,"Sub-Saharan Africa","Lower middle income"
Guinea,GIN,"Individuals using the Internet (% of population)",IT.NET.USER.ZS,2017,18.7000007600,"Sub-Saharan Africa","Lower middle income"
Guinea,GIN,"Individuals using the Internet (% of population)",IT.NET.USER.ZS,2018,21.8300230431,"Sub-Saharan Africa","Lower middle income"
Guinea,GIN,"Individuals using the Internet (% of population)",IT.NET.USER.ZS,2019,23.8904991100,"Sub-Saharan Africa","Lower middle income"
Guinea,GIN,"Individuals using the Internet (% of population)",IT.NET.USER.ZS,2020,26.1455001800,"Sub-Saharan Africa","Lower middle income"
Guinea,GIN,"Individuals using the Internet (% of population)",IT.NET.USER.ZS,2021,28.6133003200,"Sub-Saharan Africa","Lower middle income"
Guinea,GIN,"Individuals using the Internet (% of population)",IT.NET.USER.ZS,2022,31.3139991800,"Sub-Saharan Africa","Lower middle income"
Guinea,GIN,"Individuals using the Internet (% of population)",IT.NET.USER.ZS,2023,32.3156013500,"Sub-Saharan Africa","Lower middle income"
Guinea,GIN,"Individuals using the Internet (% of population)",IT.NET.USER.ZS,2024,33.3046989400,"Sub-Saharan Africa","Lower middle income"
Guinea,GIN,"Mobile cellular subscriptions (per 100 people)",IT.CEL.SETS.P2,2000,0.4996184525,"Sub-Saharan Africa","Lower middle income"
Guinea,GIN,"Mobile cellular subscriptions (per 100 people)",IT.CEL.SETS.P2,2001,0.6518765896,"Sub-Saharan Africa","Lower middle income"
Guinea,GIN,"Mobile cellular subscriptions (per 100 people)",IT.CEL.SETS.P2,2002,1.0464757819,"Sub-Saharan Africa","Lower middle income"
Guinea,GIN,"Mobile cellular subscriptions (per 100 people)",IT.CEL.SETS.P2,2003,1.2569355505,"Sub-Saharan Africa","Lower middle income"
Guinea,GIN,"Mobile cellular subscriptions (per 100 people)",IT.CEL.SETS.P2,2004,1.7091987554,"Sub-Saharan Africa","Lower middle income"
Guinea,GIN,"Mobile cellular subscriptions (per 100 people)",IT.CEL.SETS.P2,2005,2.0441616796,"Sub-Saharan Africa","Lower middle income"
Guinea,GIN,"Mobile cellular subscriptions (per 100 people)",IT.CEL.SETS.P2,2007,20.6990461155,"Sub-Saharan Africa","Lower middle income"
Guinea,GIN,"Mobile cellular subscriptions (per 100 people)",IT.CEL.SETS.P2,2008,27.7809487346,"Sub-Saharan Africa","Lower middle income"
Guinea,GIN,"Mobile cellular subscriptions (per 100 people)",IT.CEL.SETS.P2,2009,34.3962962021,"Sub-Saharan Africa","Lower middle income"
Guinea,GIN,"Mobile cellular subscriptions (per 100 people)",IT.CEL.SETS.P2,2010,38.4760187632,"Sub-Saharan Africa","Lower middle income"
Guinea,GIN,"Mobile cellular subscriptions (per 100 people)",IT.CEL.SETS.P2,2011,45.6101779050,"Sub-Saharan Africa","Lower middle income"
Guinea,GIN,"Mobile cellular subscriptions (per 100 people)",IT.CEL.SETS.P2,2012,51.1345381223,"Sub-Saharan Africa","Lower middle income"
Guinea,GIN,"Mobile cellular subscriptions (per 100 people)",IT.CEL.SETS.P2,2013,66.4452768540,"Sub-Saharan Africa","Lower middle income"
Guinea,GIN,"Mobile cellular subscriptions (per 100 people)",IT.CEL.SETS.P2,2014,75.6868955116,"Sub-Saharan Africa","Lower middle income"
Guinea,GIN,"Mobile cellular subscriptions (per 100 people)",IT.CEL.SETS.P2,2015,91.4756179746,"Sub-Saharan Africa","Lower middle income"
Guinea,GIN,"Mobile cellular subscriptions (per 100 people)",IT.CEL.SETS.P2,2016,92.0232948978,"Sub-Saharan Africa","Lower middle income"
Guinea,GIN,"Mobile cellular subscriptions (per 100 people)",IT.CEL.SETS.P2,2017,94.4640894764,"Sub-Saharan Africa","Lower middle income"
Guinea,GIN,"Mobile cellular subscriptions (per 100 people)",IT.CEL.SETS.P2,2018,94.5550074326,"Sub-Saharan Africa","Lower middle income"
Guinea,GIN,"Mobile cellular subscriptions (per 100 people)",IT.CEL.SETS.P2,2019,98.7621473298,"Sub-Saharan Africa","Lower middle income"
Guinea,GIN,"Mobile cellular subscriptions (per 100 people)",IT.CEL.SETS.P2,2020,107.7765520074,"Sub-Saharan Africa","Lower middle income"
Guinea,GIN,"Mobile cellular subscriptions (per 100 people)",IT.CEL.SETS.P2,2021,110.1855196811,"Sub-Saharan Africa","Lower middle income"
Guinea,GIN,"Mobile cellular subscriptions (per 100 people)",IT.CEL.SETS.P2,2022,95.3174629319,"Sub-Saharan Africa","Lower middle income"
Guinea,GIN,"Mobile cellular subscriptions (per 100 people)",IT.CEL.SETS.P2,2023,97.8794996456,"Sub-Saharan Africa","Lower middle income"
Guinea,GIN,"Secure Internet servers (per 1 million people)",IT.NET.SECR.P6,2010,0.0961900469,"Sub-Saharan Africa","Lower middle income"
Guinea,GIN,"Secure Internet servers (per 1 million people)",IT.NET.SECR.P6,2011,0.0938367110,"Sub-Saharan Africa","Lower middle income"
Guinea,GIN,"Secure Internet servers (per 1 million people)",IT.NET.SECR.P6,2012,0.3662473409,"Sub-Saharan Africa","Lower middle income"
Guinea,GIN,"Secure Internet servers (per 1 million people)",IT.NET.SECR.P6,2013,0.3574021971,"Sub-Saharan Africa","Lower middle income"
Guinea,GIN,"Secure Internet servers (per 1 million people)",IT.NET.SECR.P6,2014,0.5229704302,"Sub-Saharan Africa","Lower middle income"
Guinea,GIN,"Secure Internet servers (per 1 million people)",IT.NET.SECR.P6,2015,0.7648463041,"Sub-Saharan Africa","Lower middle income"
Guinea,GIN,"Secure Internet servers (per 1 million people)",IT.NET.SECR.P6,2016,0.9111217317,"Sub-Saharan Africa","Lower middle income"
Guinea,GIN,"Secure Internet servers (per 1 million people)",IT.NET.SECR.P6,2017,1.5340322223,"Sub-Saharan Africa","Lower middle income"
Guinea,GIN,"Secure Internet servers (per 1 million people)",IT.NET.SECR.P6,2018,3.2271333595,"Sub-Saharan Africa","Lower middle income"
Guinea,GIN,"Secure Internet servers (per 1 million people)",IT.NET.SECR.P6,2019,4.8333840455,"Sub-Saharan Africa","Lower middle income"
Guinea,GIN,"Secure Internet servers (per 1 million people)",IT.NET.SECR.P6,2020,6.6561051479,"Sub-Saharan Africa","Lower middle income"
Guinea,GIN,"Secure Internet servers (per 1 million people)",IT.NET.SECR.P6,2021,7.0748629172,"Sub-Saharan Africa","Lower middle income"
Guinea,GIN,"Secure Internet servers (per 1 million people)",IT.NET.SECR.P6,2022,7.6128749225,"Sub-Saharan Africa","Lower middle income"
Guinea,GIN,"Secure Internet servers (per 1 million people)",IT.NET.SECR.P6,2023,10.4821308131,"Sub-Saharan Africa","Lower middle income"
Guinea,GIN,"Secure Internet servers (per 1 million people)",IT.NET.SECR.P6,2024,12.2672068756,"Sub-Saharan Africa","Lower middle income"
Guinea-Bissau,GNB,"Fixed broadband subscriptions (per 100 people)",IT.NET.BBND.P2,2010,0.0510742511,"Sub-Saharan Africa","Low income"
Guinea-Bissau,GNB,"Fixed broadband subscriptions (per 100 people)",IT.NET.BBND.P2,2011,0.0621861156,"Sub-Saharan Africa","Low income"
Guinea-Bissau,GNB,"Fixed broadband subscriptions (per 100 people)",IT.NET.BBND.P2,2012,0.0728465312,"Sub-Saharan Africa","Low income"
Guinea-Bissau,GNB,"Fixed broadband subscriptions (per 100 people)",IT.NET.BBND.P2,2013,0.0856145705,"Sub-Saharan Africa","Low income"
Guinea-Bissau,GNB,"Fixed broadband subscriptions (per 100 people)",IT.NET.BBND.P2,2014,0.0801207497,"Sub-Saharan Africa","Low income"
Guinea-Bissau,GNB,"Fixed broadband subscriptions (per 100 people)",IT.NET.BBND.P2,2015,0.0588315308,"Sub-Saharan Africa","Low income"
Guinea-Bissau,GNB,"Fixed broadband subscriptions (per 100 people)",IT.NET.BBND.P2,2016,0.0483652702,"Sub-Saharan Africa","Low income"
Guinea-Bissau,GNB,"Fixed broadband subscriptions (per 100 people)",IT.NET.BBND.P2,2017,0.0454431157,"Sub-Saharan Africa","Low income"
Guinea-Bissau,GNB,"Fixed broadband subscriptions (per 100 people)",IT.NET.BBND.P2,2018,0.0626376050,"Sub-Saharan Africa","Low income"
Guinea-Bissau,GNB,"Fixed broadband subscriptions (per 100 people)",IT.NET.BBND.P2,2019,0.0623571934,"Sub-Saharan Africa","Low income"
Guinea-Bissau,GNB,"Fixed broadband subscriptions (per 100 people)",IT.NET.BBND.P2,2020,0.1183655324,"Sub-Saharan Africa","Low income"
Guinea-Bissau,GNB,"Fixed broadband subscriptions (per 100 people)",IT.NET.BBND.P2,2021,0.1604300672,"Sub-Saharan Africa","Low income"
Guinea-Bissau,GNB,"Fixed broadband subscriptions (per 100 people)",IT.NET.BBND.P2,2022,0.2191848224,"Sub-Saharan Africa","Low income"
Guinea-Bissau,GNB,"Fixed broadband subscriptions (per 100 people)",IT.NET.BBND.P2,2023,0.3104480994,"Sub-Saharan Africa","Low income"
Guinea-Bissau,GNB,"Fixed broadband subscriptions (per 100 people)",IT.NET.BBND.P2,2024,0.3860809175,"Sub-Saharan Africa","Low income"
Guinea-Bissau,GNB,"Individuals using the Internet (% of population)",IT.NET.USER.ZS,2000,0.2301031706,"Sub-Saharan Africa","Low income"
Guinea-Bissau,GNB,"Individuals using the Internet (% of population)",IT.NET.USER.ZS,2001,0.2995691447,"Sub-Saharan Africa","Low income"
Guinea-Bissau,GNB,"Individuals using the Internet (% of population)",IT.NET.USER.ZS,2002,1.0229932344,"Sub-Saharan Africa","Low income"
Guinea-Bissau,GNB,"Individuals using the Internet (% of population)",IT.NET.USER.ZS,2003,1.3541974776,"Sub-Saharan Africa","Low income"
Guinea-Bissau,GNB,"Individuals using the Internet (% of population)",IT.NET.USER.ZS,2004,1.8081422034,"Sub-Saharan Africa","Low income"
Guinea-Bissau,GNB,"Individuals using the Internet (% of population)",IT.NET.USER.ZS,2005,1.9013999700,"Sub-Saharan Africa","Low income"
Guinea-Bissau,GNB,"Individuals using the Internet (% of population)",IT.NET.USER.ZS,2006,2.0571999550,"Sub-Saharan Africa","Low income"
Guinea-Bissau,GNB,"Individuals using the Internet (% of population)",IT.NET.USER.ZS,2007,2.2063000200,"Sub-Saharan Africa","Low income"
Guinea-Bissau,GNB,"Individuals using the Internet (% of population)",IT.NET.USER.ZS,2008,2.3548887109,"Sub-Saharan Africa","Low income"
Guinea-Bissau,GNB,"Individuals using the Internet (% of population)",IT.NET.USER.ZS,2009,2.3032805917,"Sub-Saharan Africa","Low income"
Guinea-Bissau,GNB,"Individuals using the Internet (% of population)",IT.NET.USER.ZS,2010,2.4500000480,"Sub-Saharan Africa","Low income"
Guinea-Bissau,GNB,"Individuals using the Internet (% of population)",IT.NET.USER.ZS,2011,2.6719999310,"Sub-Saharan Africa","Low income"
Guinea-Bissau,GNB,"Individuals using the Internet (% of population)",IT.NET.USER.ZS,2012,2.8940000530,"Sub-Saharan Africa","Low income"
Guinea-Bissau,GNB,"Individuals using the Internet (% of population)",IT.NET.USER.ZS,2013,3.0999999050,"Sub-Saharan Africa","Low income"
Guinea-Bissau,GNB,"Individuals using the Internet (% of population)",IT.NET.USER.ZS,2014,3.3199999330,"Sub-Saharan Africa","Low income"
Guinea-Bissau,GNB,"Individuals using the Internet (% of population)",IT.NET.USER.ZS,2015,6.0999999050,"Sub-Saharan Africa","Low income"
Guinea-Bissau,GNB,"Individuals using the Internet (% of population)",IT.NET.USER.ZS,2016,13.8000001900,"Sub-Saharan Africa","Low income"
Guinea-Bissau,GNB,"Individuals using the Internet (% of population)",IT.NET.USER.ZS,2017,14.8000001900,"Sub-Saharan Africa","Low income"
Guinea-Bissau,GNB,"Individuals using the Internet (% of population)",IT.NET.USER.ZS,2018,15.6999998100,"Sub-Saharan Africa","Low income"
Guinea-Bissau,GNB,"Individuals using the Internet (% of population)",IT.NET.USER.ZS,2019,17.9214992500,"Sub-Saharan Africa","Low income"
Guinea-Bissau,GNB,"Individuals using the Internet (% of population)",IT.NET.USER.ZS,2020,20.4573001900,"Sub-Saharan Africa","Low income"
Guinea-Bissau,GNB,"Individuals using the Internet (% of population)",IT.NET.USER.ZS,2021,23.3519001000,"Sub-Saharan Africa","Low income"
Guinea-Bissau,GNB,"Individuals using the Internet (% of population)",IT.NET.USER.ZS,2022,27.6737995100,"Sub-Saharan Africa","Low income"
Guinea-Bissau,GNB,"Individuals using the Internet (% of population)",IT.NET.USER.ZS,2023,28.7124004400,"Sub-Saharan Africa","Low income"
Guinea-Bissau,GNB,"Individuals using the Internet (% of population)",IT.NET.USER.ZS,2024,29.7773990600,"Sub-Saharan Africa","Low income"
Guinea-Bissau,GNB,"Mobile cellular subscriptions (per 100 people)",IT.CEL.SETS.P2,2000,0.0000000000,"Sub-Saharan Africa","Low income"
Guinea-Bissau,GNB,"Mobile cellular subscriptions (per 100 people)",IT.CEL.SETS.P2,2001,0.0000000000,"Sub-Saharan Africa","Low income"
Guinea-Bissau,GNB,"Mobile cellular subscriptions (per 100 people)",IT.CEL.SETS.P2,2002,0.0000000000,"Sub-Saharan Africa","Low income"
Guinea-Bissau,GNB,"Mobile cellular subscriptions (per 100 people)",IT.CEL.SETS.P2,2003,0.0966783591,"Sub-Saharan Africa","Low income"
Guinea-Bissau,GNB,"Mobile cellular subscriptions (per 100 people)",IT.CEL.SETS.P2,2004,2.9232425607,"Sub-Saharan Africa","Low income"
Guinea-Bissau,GNB,"Mobile cellular subscriptions (per 100 people)",IT.CEL.SETS.P2,2005,7.1530162820,"Sub-Saharan Africa","Low income"
Guinea-Bissau,GNB,"Mobile cellular subscriptions (per 100 people)",IT.CEL.SETS.P2,2006,11.1163475242,"Sub-Saharan Africa","Low income"
Guinea-Bissau,GNB,"Mobile cellular subscriptions (per 100 people)",IT.CEL.SETS.P2,2007,20.4152900166,"Sub-Saharan Africa","Low income"
Guinea-Bissau,GNB,"Mobile cellular subscriptions (per 100 people)",IT.CEL.SETS.P2,2008,33.6114146395,"Sub-Saharan Africa","Low income"
Guinea-Bissau,GNB,"Mobile cellular subscriptions (per 100 people)",IT.CEL.SETS.P2,2009,36.7107863916,"Sub-Saharan Africa","Low income"
Guinea-Bissau,GNB,"Mobile cellular subscriptions (per 100 people)",IT.CEL.SETS.P2,2010,43.2448876271,"Sub-Saharan Africa","Low income"
Guinea-Bissau,GNB,"Mobile cellular subscriptions (per 100 people)",IT.CEL.SETS.P2,2011,45.5596626030,"Sub-Saharan Africa","Low income"
Guinea-Bissau,GNB,"Mobile cellular subscriptions (per 100 people)",IT.CEL.SETS.P2,2012,63.5328932668,"Sub-Saharan Africa","Low income"
Guinea-Bissau,GNB,"Mobile cellular subscriptions (per 100 people)",IT.CEL.SETS.P2,2013,55.4200450125,"Sub-Saharan Africa","Low income"
Guinea-Bissau,GNB,"Mobile cellular subscriptions (per 100 people)",IT.CEL.SETS.P2,2014,63.6541839113,"Sub-Saharan Africa","Low income"
Guinea-Bissau,GNB,"Mobile cellular subscriptions (per 100 people)",IT.CEL.SETS.P2,2015,69.3267736083,"Sub-Saharan Africa","Low income"
Guinea-Bissau,GNB,"Mobile cellular subscriptions (per 100 people)",IT.CEL.SETS.P2,2016,70.1915996185,"Sub-Saharan Africa","Low income"
Guinea-Bissau,GNB,"Mobile cellular subscriptions (per 100 people)",IT.CEL.SETS.P2,2017,76.4393694009,"Sub-Saharan Africa","Low income"
Guinea-Bissau,GNB,"Mobile cellular subscriptions (per 100 people)",IT.CEL.SETS.P2,2018,77.0219356477,"Sub-Saharan Africa","Low income"
Guinea-Bissau,GNB,"Mobile cellular subscriptions (per 100 people)",IT.CEL.SETS.P2,2019,80.8245277726,"Sub-Saharan Africa","Low income"
Guinea-Bissau,GNB,"Mobile cellular subscriptions (per 100 people)",IT.CEL.SETS.P2,2020,95.0628708236,"Sub-Saharan Africa","Low income"
Guinea-Bissau,GNB,"Mobile cellular subscriptions (per 100 people)",IT.CEL.SETS.P2,2021,108.6296124859,"Sub-Saharan Africa","Low income"
Guinea-Bissau,GNB,"Mobile cellular subscriptions (per 100 people)",IT.CEL.SETS.P2,2022,125.9346700995,"Sub-Saharan Africa","Low income"
Guinea-Bissau,GNB,"Mobile cellular subscriptions (per 100 people)",IT.CEL.SETS.P2,2023,128.1105297401,"Sub-Saharan Africa","Low income"
Guinea-Bissau,GNB,"Mobile cellular subscriptions (per 100 people)",IT.CEL.SETS.P2,2024,147.1976312739,"Sub-Saharan Africa","Low income"
Guinea-Bissau,GNB,"Secure Internet servers (per 1 million people)",IT.NET.SECR.P6,2014,0.5743422919,"Sub-Saharan Africa","Low income"
Guinea-Bissau,GNB,"Secure Internet servers (per 1 million people)",IT.NET.SECR.P6,2015,1.6793015449,"Sub-Saharan Africa","Low income"
Guinea-Bissau,GNB,"Secure Internet servers (per 1 million people)",IT.NET.SECR.P6,2016,1.6376502339,"Sub-Saharan Africa","Low income"
Guinea-Bissau,GNB,"Secure Internet servers (per 1 million people)",IT.NET.SECR.P6,2017,2.6637230751,"Sub-Saharan Africa","Low income"
Guinea-Bissau,GNB,"Secure Internet servers (per 1 million people)",IT.NET.SECR.P6,2018,2.0809835561,"Sub-Saharan Africa","Low income"
Guinea-Bissau,GNB,"Secure Internet servers (per 1 million people)",IT.NET.SECR.P6,2019,3.5574600955,"Sub-Saharan Africa","Low income"
Guinea-Bissau,GNB,"Secure Internet servers (per 1 million people)",IT.NET.SECR.P6,2020,2.9802484037,"Sub-Saharan Africa","Low income"
Guinea-Bissau,GNB,"Secure Internet servers (per 1 million people)",IT.NET.SECR.P6,2021,5.8285219694,"Sub-Saharan Africa","Low income"
Guinea-Bissau,GNB,"Secure Internet servers (per 1 million people)",IT.NET.SECR.P6,2022,5.2243402964,"Sub-Saharan Africa","Low income"
Guinea-Bissau,GNB,"Secure Internet servers (per 1 million people)",IT.NET.SECR.P6,2023,6.5015308783,"Sub-Saharan Africa","Low income"
Guinea-Bissau,GNB,"Secure Internet servers (per 1 million people)",IT.NET.SECR.P6,2024,10.9023908943,"Sub-Saharan Africa","Low income"
Kenya,KEN,"Fixed broadband subscriptions (per 100 people)",IT.NET.BBND.P2,2005,0.0150824869,"Sub-Saharan Africa","Lower middle income"
Kenya,KEN,"Fixed broadband subscriptions (per 100 people)",IT.NET.BBND.P2,2006,0.0480245940,"Sub-Saharan Africa","Lower middle income"
Kenya,KEN,"Fixed broadband subscriptions (per 100 people)",IT.NET.BBND.P2,2007,0.0466317101,"Sub-Saharan Africa","Lower middle income"
Kenya,KEN,"Fixed broadband subscriptions (per 100 people)",IT.NET.BBND.P2,2008,0.0083710927,"Sub-Saharan Africa","Lower middle income"
Kenya,KEN,"Fixed broadband subscriptions (per 100 people)",IT.NET.BBND.P2,2009,0.0450395929,"Sub-Saharan Africa","Lower middle income"
Kenya,KEN,"Fixed broadband subscriptions (per 100 people)",IT.NET.BBND.P2,2010,0.0165053763,"Sub-Saharan Africa","Lower middle income"
Kenya,KEN,"Fixed broadband subscriptions (per 100 people)",IT.NET.BBND.P2,2011,0.1266275697,"Sub-Saharan Africa","Lower middle income"
Kenya,KEN,"Fixed broadband subscriptions (per 100 people)",IT.NET.BBND.P2,2012,0.1238325392,"Sub-Saharan Africa","Lower middle income"
Kenya,KEN,"Fixed broadband subscriptions (per 100 people)",IT.NET.BBND.P2,2013,0.1648128225,"Sub-Saharan Africa","Lower middle income"
Kenya,KEN,"Fixed broadband subscriptions (per 100 people)",IT.NET.BBND.P2,2014,0.2210853776,"Sub-Saharan Africa","Lower middle income"
Kenya,KEN,"Fixed broadband subscriptions (per 100 people)",IT.NET.BBND.P2,2015,0.2869212767,"Sub-Saharan Africa","Lower middle income"
Kenya,KEN,"Fixed broadband subscriptions (per 100 people)",IT.NET.BBND.P2,2016,0.2756602884,"Sub-Saharan Africa","Lower middle income"
Kenya,KEN,"Fixed broadband subscriptions (per 100 people)",IT.NET.BBND.P2,2017,0.5860083159,"Sub-Saharan Africa","Lower middle income"
Kenya,KEN,"Fixed broadband subscriptions (per 100 people)",IT.NET.BBND.P2,2018,0.7399311018,"Sub-Saharan Africa","Lower middle income"
Kenya,KEN,"Fixed broadband subscriptions (per 100 people)",IT.NET.BBND.P2,2019,0.9592888299,"Sub-Saharan Africa","Lower middle income"
Kenya,KEN,"Fixed broadband subscriptions (per 100 people)",IT.NET.BBND.P2,2020,1.2911248973,"Sub-Saharan Africa","Lower middle income"
Kenya,KEN,"Fixed broadband subscriptions (per 100 people)",IT.NET.BBND.P2,2021,1.4825410830,"Sub-Saharan Africa","Lower middle income"
Kenya,KEN,"Fixed broadband subscriptions (per 100 people)",IT.NET.BBND.P2,2022,1.4764694269,"Sub-Saharan Africa","Lower middle income"
Kenya,KEN,"Fixed broadband subscriptions (per 100 people)",IT.NET.BBND.P2,2023,2.3888251113,"Sub-Saharan Africa","Lower middle income"
Kenya,KEN,"Fixed broadband subscriptions (per 100 people)",IT.NET.BBND.P2,2024,3.0438266698,"Sub-Saharan Africa","Lower middle income"
Kenya,KEN,"Individuals using the Internet (% of population)",IT.NET.USER.ZS,2000,0.3180597136,"Sub-Saharan Africa","Lower middle income"
Kenya,KEN,"Individuals using the Internet (% of population)",IT.NET.USER.ZS,2001,0.6197822662,"Sub-Saharan Africa","Lower middle income"
Kenya,KEN,"Individuals using the Internet (% of population)",IT.NET.USER.ZS,2002,1.2077738849,"Sub-Saharan Africa","Lower middle income"
Kenya,KEN,"Individuals using the Internet (% of population)",IT.NET.USER.ZS,2003,2.9419028610,"Sub-Saharan Africa","Lower middle income"
Kenya,KEN,"Individuals using the Internet (% of population)",IT.NET.USER.ZS,2004,3.0235280421,"Sub-Saharan Africa","Lower middle income"
Kenya,KEN,"Individuals using the Internet (% of population)",IT.NET.USER.ZS,2005,3.1019001010,"Sub-Saharan Africa","Lower middle income"
Kenya,KEN,"Individuals using the Internet (% of population)",IT.NET.USER.ZS,2006,3.5999999050,"Sub-Saharan Africa","Lower middle income"
Kenya,KEN,"Individuals using the Internet (% of population)",IT.NET.USER.ZS,2007,4.4000000950,"Sub-Saharan Africa","Lower middle income"
Kenya,KEN,"Individuals using the Internet (% of population)",IT.NET.USER.ZS,2008,5.1999998090,"Sub-Saharan Africa","Lower middle income"
Kenya,KEN,"Individuals using the Internet (% of population)",IT.NET.USER.ZS,2009,6.1000000000,"Sub-Saharan Africa","Lower middle income"
Kenya,KEN,"Individuals using the Internet (% of population)",IT.NET.USER.ZS,2010,7.2000000000,"Sub-Saharan Africa","Lower middle income"
Kenya,KEN,"Individuals using the Internet (% of population)",IT.NET.USER.ZS,2011,8.8000001910,"Sub-Saharan Africa","Lower middle income"
Kenya,KEN,"Individuals using the Internet (% of population)",IT.NET.USER.ZS,2012,10.5000000000,"Sub-Saharan Africa","Lower middle income"
Kenya,KEN,"Individuals using the Internet (% of population)",IT.NET.USER.ZS,2013,13.0000000000,"Sub-Saharan Africa","Lower middle income"
Kenya,KEN,"Individuals using the Internet (% of population)",IT.NET.USER.ZS,2014,16.5000000000,"Sub-Saharan Africa","Lower middle income"
Kenya,KEN,"Individuals using the Internet (% of population)",IT.NET.USER.ZS,2015,16.5878548476,"Sub-Saharan Africa","Lower middle income"
Kenya,KEN,"Individuals using the Internet (% of population)",IT.NET.USER.ZS,2016,16.6000000000,"Sub-Saharan Africa","Lower middle income"
Kenya,KEN,"Individuals using the Internet (% of population)",IT.NET.USER.ZS,2017,17.8271007500,"Sub-Saharan Africa","Lower middle income"
Kenya,KEN,"Individuals using the Internet (% of population)",IT.NET.USER.ZS,2018,19.5000000000,"Sub-Saharan Africa","Lower middle income"
Kenya,KEN,"Individuals using the Internet (% of population)",IT.NET.USER.ZS,2019,22.6687733618,"Sub-Saharan Africa","Lower middle income"
Kenya,KEN,"Individuals using the Internet (% of population)",IT.NET.USER.ZS,2020,24.7227993000,"Sub-Saharan Africa","Lower middle income"
Kenya,KEN,"Individuals using the Internet (% of population)",IT.NET.USER.ZS,2021,26.9629001600,"Sub-Saharan Africa","Lower middle income"
Kenya,KEN,"Individuals using the Internet (% of population)",IT.NET.USER.ZS,2022,29.4058990500,"Sub-Saharan Africa","Lower middle income"
Kenya,KEN,"Individuals using the Internet (% of population)",IT.NET.USER.ZS,2023,32.0704002400,"Sub-Saharan Africa","Lower middle income"
Kenya,KEN,"Individuals using the Internet (% of population)",IT.NET.USER.ZS,2024,34.9762251300,"Sub-Saharan Africa","Lower middle income"
Kenya,KEN,"Mobile cellular subscriptions (per 100 people)",IT.CEL.SETS.P2,2000,0.4157701836,"Sub-Saharan Africa","Lower middle income"
Kenya,KEN,"Mobile cellular subscriptions (per 100 people)",IT.CEL.SETS.P2,2001,1.8975830169,"Sub-Saharan Africa","Lower middle income"
Kenya,KEN,"Mobile cellular subscriptions (per 100 people)",IT.CEL.SETS.P2,2002,3.6381519622,"Sub-Saharan Africa","Lower middle income"
Kenya,KEN,"Mobile cellular subscriptions (per 100 people)",IT.CEL.SETS.P2,2003,4.7271319936,"Sub-Saharan Africa","Lower middle income"
Kenya,KEN,"Mobile cellular subscriptions (per 100 people)",IT.CEL.SETS.P2,2004,7.3347841637,"Sub-Saharan Africa","Lower middle income"
Kenya,KEN,"Mobile cellular subscriptions (per 100 people)",IT.CEL.SETS.P2,2005,12.8838631191,"Sub-Saharan Africa","Lower middle income"
Kenya,KEN,"Mobile cellular subscriptions (per 100 people)",IT.CEL.SETS.P2,2006,19.8902975525,"Sub-Saharan Africa","Lower middle income"
Kenya,KEN,"Mobile cellular subscriptions (per 100 people)",IT.CEL.SETS.P2,2007,29.8383317495,"Sub-Saharan Africa","Lower middle income"
Kenya,KEN,"Mobile cellular subscriptions (per 100 people)",IT.CEL.SETS.P2,2008,41.5840102028,"Sub-Saharan Africa","Lower middle income"
Kenya,KEN,"Mobile cellular subscriptions (per 100 people)",IT.CEL.SETS.P2,2009,47.9215304374,"Sub-Saharan Africa","Lower middle income"
Kenya,KEN,"Mobile cellular subscriptions (per 100 people)",IT.CEL.SETS.P2,2010,60.0234402305,"Sub-Saharan Africa","Lower middle income"
Kenya,KEN,"Mobile cellular subscriptions (per 100 people)",IT.CEL.SETS.P2,2011,65.6730161546,"Sub-Saharan Africa","Lower middle income"
Kenya,KEN,"Mobile cellular subscriptions (per 100 people)",IT.CEL.SETS.P2,2012,70.0226527328,"Sub-Saharan Africa","Lower middle income"
Kenya,KEN,"Mobile cellular subscriptions (per 100 people)",IT.CEL.SETS.P2,2013,70.7541086894,"Sub-Saharan Africa","Lower middle income"
Kenya,KEN,"Mobile cellular subscriptions (per 100 people)",IT.CEL.SETS.P2,2014,73.0327455558,"Sub-Saharan Africa","Lower middle income"
Kenya,KEN,"Mobile cellular subscriptions (per 100 people)",IT.CEL.SETS.P2,2015,80.0958263166,"Sub-Saharan Africa","Lower middle income"
Kenya,KEN,"Mobile cellular subscriptions (per 100 people)",IT.CEL.SETS.P2,2016,80.9772361004,"Sub-Saharan Africa","Lower middle income"
Kenya,KEN,"Mobile cellular subscriptions (per 100 people)",IT.CEL.SETS.P2,2017,87.0265308388,"Sub-Saharan Africa","Lower middle income"
Kenya,KEN,"Mobile cellular subscriptions (per 100 people)",IT.CEL.SETS.P2,2018,98.5944679107,"Sub-Saharan Africa","Lower middle income"
Kenya,KEN,"Mobile cellular subscriptions (per 100 people)",IT.CEL.SETS.P2,2019,106.5478220568,"Sub-Saharan Africa","Lower middle income"
Kenya,KEN,"Mobile cellular subscriptions (per 100 people)",IT.CEL.SETS.P2,2020,117.6025263948,"Sub-Saharan Africa","Lower middle income"
Kenya,KEN,"Mobile cellular subscriptions (per 100 people)",IT.CEL.SETS.P2,2021,122.2975196567,"Sub-Saharan Africa","Lower middle income"
Kenya,KEN,"Mobile cellular subscriptions (per 100 people)",IT.CEL.SETS.P2,2022,121.1689991354,"Sub-Saharan Africa","Lower middle income"
Kenya,KEN,"Mobile cellular subscriptions (per 100 people)",IT.CEL.SETS.P2,2023,120.6124168880,"Sub-Saharan Africa","Lower middle income"
Kenya,KEN,"Mobile cellular subscriptions (per 100 people)",IT.CEL.SETS.P2,2024,126.4777060009,"Sub-Saharan Africa","Lower middle income"
Kenya,KEN,"Secure Internet servers (per 1 million people)",IT.NET.SECR.P6,2010,1.5625538255,"Sub-Saharan Africa","Lower middle income"
Kenya,KEN,"Secure Internet servers (per 1 million people)",IT.NET.SECR.P6,2011,2.2217824912,"Sub-Saharan Africa","Lower middle income"
Kenya,KEN,"Secure Internet servers (per 1 million people)",IT.NET.SECR.P6,2012,5.2177911732,"Sub-Saharan Africa","Lower middle income"
Kenya,KEN,"Secure Internet servers (per 1 million people)",IT.NET.SECR.P6,2013,7.0242840837,"Sub-Saharan Africa","Lower middle income"
Kenya,KEN,"Secure Internet servers (per 1 million people)",IT.NET.SECR.P6,2014,9.9454001873,"Sub-Saharan Africa","Lower middle income"
Kenya,KEN,"Secure Internet servers (per 1 million people)",IT.NET.SECR.P6,2015,13.1454528859,"Sub-Saharan Africa","Lower middle income"
Kenya,KEN,"Secure Internet servers (per 1 million people)",IT.NET.SECR.P6,2016,19.5680541089,"Sub-Saharan Africa","Lower middle income"
Kenya,KEN,"Secure Internet servers (per 1 million people)",IT.NET.SECR.P6,2017,37.3390938117,"Sub-Saharan Africa","Lower middle income"
Kenya,KEN,"Secure Internet servers (per 1 million people)",IT.NET.SECR.P6,2018,222.3589580654,"Sub-Saharan Africa","Lower middle income"
Kenya,KEN,"Secure Internet servers (per 1 million people)",IT.NET.SECR.P6,2019,254.8101494474,"Sub-Saharan Africa","Lower middle income"
Kenya,KEN,"Secure Internet servers (per 1 million people)",IT.NET.SECR.P6,2020,246.5847835127,"Sub-Saharan Africa","Lower middle income"
Kenya,KEN,"Secure Internet servers (per 1 million people)",IT.NET.SECR.P6,2021,260.2070088810,"Sub-Saharan Africa","Lower middle income"
Kenya,KEN,"Secure Internet servers (per 1 million people)",IT.NET.SECR.P6,2022,280.1531897327,"Sub-Saharan Africa","Lower middle income"
Kenya,KEN,"Secure Internet servers (per 1 million people)",IT.NET.SECR.P6,2023,297.1322052911,"Sub-Saharan Africa","Lower middle income"
Kenya,KEN,"Secure Internet servers (per 1 million people)",IT.NET.SECR.P6,2024,399.6956104222,"Sub-Saharan Africa","Lower middle income"
Lesotho,LSO,"Fixed broadband subscriptions (per 100 people)",IT.NET.BBND.P2,2004,0.0011161116,"Sub-Saharan Africa","Lower middle income"
Lesotho,LSO,"Fixed broadband subscriptions (per 100 people)",IT.NET.BBND.P2,2005,0.0023040578,"Sub-Saharan Africa","Lower middle income"
Lesotho,LSO,"Fixed broadband subscriptions (per 100 people)",IT.NET.BBND.P2,2007,0.0056315877,"Sub-Saharan Africa","Lower middle income"
Lesotho,LSO,"Fixed broadband subscriptions (per 100 people)",IT.NET.BBND.P2,2008,0.0071190990,"Sub-Saharan Africa","Lower middle income"
Lesotho,LSO,"Fixed broadband subscriptions (per 100 people)",IT.NET.BBND.P2,2009,0.0201930149,"Sub-Saharan Africa","Lower middle income"
Lesotho,LSO,"Fixed broadband subscriptions (per 100 people)",IT.NET.BBND.P2,2010,0.0200375604,"Sub-Saharan Africa","Lower middle income"
Lesotho,LSO,"Fixed broadband subscriptions (per 100 people)",IT.NET.BBND.P2,2011,0.0664843106,"Sub-Saharan Africa","Lower middle income"
Lesotho,LSO,"Fixed broadband subscriptions (per 100 people)",IT.NET.BBND.P2,2012,0.0804186489,"Sub-Saharan Africa","Lower middle income"
Lesotho,LSO,"Fixed broadband subscriptions (per 100 people)",IT.NET.BBND.P2,2013,0.1106246329,"Sub-Saharan Africa","Lower middle income"
Lesotho,LSO,"Fixed broadband subscriptions (per 100 people)",IT.NET.BBND.P2,2014,0.0722084488,"Sub-Saharan Africa","Lower middle income"
Lesotho,LSO,"Fixed broadband subscriptions (per 100 people)",IT.NET.BBND.P2,2015,0.0979753503,"Sub-Saharan Africa","Lower middle income"
Lesotho,LSO,"Fixed broadband subscriptions (per 100 people)",IT.NET.BBND.P2,2016,0.1046740974,"Sub-Saharan Africa","Lower middle income"
Lesotho,LSO,"Fixed broadband subscriptions (per 100 people)",IT.NET.BBND.P2,2017,0.2234934704,"Sub-Saharan Africa","Lower middle income"
Lesotho,LSO,"Fixed broadband subscriptions (per 100 people)",IT.NET.BBND.P2,2018,0.2639216011,"Sub-Saharan Africa","Lower middle income"
Lesotho,LSO,"Fixed broadband subscriptions (per 100 people)",IT.NET.BBND.P2,2019,0.2090155494,"Sub-Saharan Africa","Lower middle income"
Lesotho,LSO,"Fixed broadband subscriptions (per 100 people)",IT.NET.BBND.P2,2020,0.2263245915,"Sub-Saharan Africa","Lower middle income"
Lesotho,LSO,"Fixed broadband subscriptions (per 100 people)",IT.NET.BBND.P2,2021,0.3536525079,"Sub-Saharan Africa","Lower middle income"
Lesotho,LSO,"Fixed broadband subscriptions (per 100 people)",IT.NET.BBND.P2,2022,0.3975311774,"Sub-Saharan Africa","Lower middle income"
Lesotho,LSO,"Fixed broadband subscriptions (per 100 people)",IT.NET.BBND.P2,2023,0.3837381547,"Sub-Saharan Africa","Lower middle income"
Lesotho,LSO,"Fixed broadband subscriptions (per 100 people)",IT.NET.BBND.P2,2024,0.3794349589,"Sub-Saharan Africa","Lower middle income"
Lesotho,LSO,"Individuals using the Internet (% of population)",IT.NET.USER.ZS,2000,0.2118060704,"Sub-Saharan Africa","Lower middle income"
Lesotho,LSO,"Individuals using the Internet (% of population)",IT.NET.USER.ZS,2001,0.2611500631,"Sub-Saharan Africa","Lower middle income"
Lesotho,LSO,"Individuals using the Internet (% of population)",IT.NET.USER.ZS,2002,1.0839431374,"Sub-Saharan Africa","Lower middle income"
Lesotho,LSO,"Individuals using the Internet (% of population)",IT.NET.USER.ZS,2003,1.5324965902,"Sub-Saharan Africa","Lower middle income"
Lesotho,LSO,"Individuals using the Internet (% of population)",IT.NET.USER.ZS,2004,2.1755243393,"Sub-Saharan Africa","Lower middle income"
Lesotho,LSO,"Individuals using the Internet (% of population)",IT.NET.USER.ZS,2005,2.5801999570,"Sub-Saharan Africa","Lower middle income"
Lesotho,LSO,"Individuals using the Internet (% of population)",IT.NET.USER.ZS,2006,2.9797081872,"Sub-Saharan Africa","Lower middle income"
Lesotho,LSO,"Individuals using the Internet (% of population)",IT.NET.USER.ZS,2007,3.4454312597,"Sub-Saharan Africa","Lower middle income"
Lesotho,LSO,"Individuals using the Internet (% of population)",IT.NET.USER.ZS,2008,3.5800000000,"Sub-Saharan Africa","Lower middle income"
Lesotho,LSO,"Individuals using the Internet (% of population)",IT.NET.USER.ZS,2009,3.7200000000,"Sub-Saharan Africa","Lower middle income"
Lesotho,LSO,"Individuals using the Internet (% of population)",IT.NET.USER.ZS,2010,3.8599998950,"Sub-Saharan Africa","Lower middle income"
Lesotho,LSO,"Individuals using the Internet (% of population)",IT.NET.USER.ZS,2011,7.0000000000,"Sub-Saharan Africa","Lower middle income"
Lesotho,LSO,"Individuals using the Internet (% of population)",IT.NET.USER.ZS,2012,10.0000000000,"Sub-Saharan Africa","Lower middle income"
Lesotho,LSO,"Individuals using the Internet (% of population)",IT.NET.USER.ZS,2013,15.0000000000,"Sub-Saharan Africa","Lower middle income"
Lesotho,LSO,"Individuals using the Internet (% of population)",IT.NET.USER.ZS,2014,22.0000000000,"Sub-Saharan Africa","Lower middle income"
Lesotho,LSO,"Individuals using the Internet (% of population)",IT.NET.USER.ZS,2015,25.0000000000,"Sub-Saharan Africa","Lower middle income"
Lesotho,LSO,"Individuals using the Internet (% of population)",IT.NET.USER.ZS,2016,32.4538569477,"Sub-Saharan Africa","Lower middle income"
Lesotho,LSO,"Individuals using the Internet (% of population)",IT.NET.USER.ZS,2017,39.0000000000,"Sub-Saharan Africa","Lower middle income"
Lesotho,LSO,"Individuals using the Internet (% of population)",IT.NET.USER.ZS,2018,40.7999992400,"Sub-Saharan Africa","Lower middle income"
Lesotho,LSO,"Individuals using the Internet (% of population)",IT.NET.USER.ZS,2019,42.3017335693,"Sub-Saharan Africa","Lower middle income"
Lesotho,LSO,"Individuals using the Internet (% of population)",IT.NET.USER.ZS,2020,43.6575012200,"Sub-Saharan Africa","Lower middle income"
Lesotho,LSO,"Individuals using the Internet (% of population)",IT.NET.USER.ZS,2021,45.0567016600,"Sub-Saharan Africa","Lower middle income"
Lesotho,LSO,"Individuals using the Internet (% of population)",IT.NET.USER.ZS,2022,48.0695991500,"Sub-Saharan Africa","Lower middle income"
Lesotho,LSO,"Individuals using the Internet (% of population)",IT.NET.USER.ZS,2023,48.9859008800,"Sub-Saharan Africa","Lower middle income"
Lesotho,LSO,"Individuals using the Internet (% of population)",IT.NET.USER.ZS,2024,51.7966003400,"Sub-Saharan Africa","Lower middle income"
Lesotho,LSO,"Mobile cellular subscriptions (per 100 people)",IT.CEL.SETS.P2,2000,1.0778911061,"Sub-Saharan Africa","Lower middle income"
Lesotho,LSO,"Mobile cellular subscriptions (per 100 people)",IT.CEL.SETS.P2,2001,2.8487849932,"Sub-Saharan Africa","Lower middle income"
Lesotho,LSO,"Mobile cellular subscriptions (per 100 people)",IT.CEL.SETS.P2,2002,6.9160501514,"Sub-Saharan Africa","Lower middle income"
Lesotho,LSO,"Mobile cellular subscriptions (per 100 people)",IT.CEL.SETS.P2,2003,6.3448995723,"Sub-Saharan Africa","Lower middle income"
Lesotho,LSO,"Mobile cellular subscriptions (per 100 people)",IT.CEL.SETS.P2,2004,9.9543459611,"Sub-Saharan Africa","Lower middle income"
Lesotho,LSO,"Mobile cellular subscriptions (per 100 people)",IT.CEL.SETS.P2,2005,12.7893640596,"Sub-Saharan Africa","Lower middle income"
Lesotho,LSO,"Mobile cellular subscriptions (per 100 people)",IT.CEL.SETS.P2,2006,18.4011006327,"Sub-Saharan Africa","Lower middle income"
Lesotho,LSO,"Mobile cellular subscriptions (per 100 people)",IT.CEL.SETS.P2,2007,24.6998875730,"Sub-Saharan Africa","Lower middle income"
Lesotho,LSO,"Mobile cellular subscriptions (per 100 people)",IT.CEL.SETS.P2,2008,30.1654529450,"Sub-Saharan Africa","Lower middle income"
Lesotho,LSO,"Mobile cellular subscriptions (per 100 people)",IT.CEL.SETS.P2,2009,33.3689571772,"Sub-Saharan Africa","Lower middle income"
Lesotho,LSO,"Mobile cellular subscriptions (per 100 people)",IT.CEL.SETS.P2,2010,49.4651223719,"Sub-Saharan Africa","Lower middle income"
Lesotho,LSO,"Mobile cellular subscriptions (per 100 people)",IT.CEL.SETS.P2,2011,61.1891009424,"Sub-Saharan Africa","Lower middle income"
Lesotho,LSO,"Mobile cellular subscriptions (per 100 people)",IT.CEL.SETS.P2,2012,75.9363906183,"Sub-Saharan Africa","Lower middle income"
Lesotho,LSO,"Mobile cellular subscriptions (per 100 people)",IT.CEL.SETS.P2,2013,87.0552646627,"Sub-Saharan Africa","Lower middle income"
Lesotho,LSO,"Mobile cellular subscriptions (per 100 people)",IT.CEL.SETS.P2,2014,102.8219946358,"Sub-Saharan Africa","Lower middle income"
Lesotho,LSO,"Mobile cellular subscriptions (per 100 people)",IT.CEL.SETS.P2,2015,101.6881979615,"Sub-Saharan Africa","Lower middle income"
Lesotho,LSO,"Mobile cellular subscriptions (per 100 people)",IT.CEL.SETS.P2,2016,107.1579715193,"Sub-Saharan Africa","Lower middle income"
Lesotho,LSO,"Mobile cellular subscriptions (per 100 people)",IT.CEL.SETS.P2,2017,110.3700784846,"Sub-Saharan Africa","Lower middle income"
Lesotho,LSO,"Mobile cellular subscriptions (per 100 people)",IT.CEL.SETS.P2,2018,72.4555241956,"Sub-Saharan Africa","Lower middle income"
Lesotho,LSO,"Mobile cellular subscriptions (per 100 people)",IT.CEL.SETS.P2,2019,76.1124827725,"Sub-Saharan Africa","Lower middle income"
Lesotho,LSO,"Mobile cellular subscriptions (per 100 people)",IT.CEL.SETS.P2,2020,69.8944012395,"Sub-Saharan Africa","Lower middle income"
Lesotho,LSO,"Mobile cellular subscriptions (per 100 people)",IT.CEL.SETS.P2,2021,80.5368195682,"Sub-Saharan Africa","Lower middle income"
Lesotho,LSO,"Mobile cellular subscriptions (per 100 people)",IT.CEL.SETS.P2,2022,68.1001351641,"Sub-Saharan Africa","Lower middle income"
Lesotho,LSO,"Mobile cellular subscriptions (per 100 people)",IT.CEL.SETS.P2,2023,69.3513051424,"Sub-Saharan Africa","Lower middle income"
Lesotho,LSO,"Mobile cellular subscriptions (per 100 people)",IT.CEL.SETS.P2,2024,70.3280493090,"Sub-Saharan Africa","Lower middle income"
Lesotho,LSO,"Secure Internet servers (per 1 million people)",IT.NET.SECR.P6,2010,0.5009390102,"Sub-Saharan Africa","Lower middle income"
Lesotho,LSO,"Secure Internet servers (per 1 million people)",IT.NET.SECR.P6,2011,0.9930442217,"Sub-Saharan Africa","Lower middle income"
Lesotho,LSO,"Secure Internet servers (per 1 million people)",IT.NET.SECR.P6,2012,0.9831130669,"Sub-Saharan Africa","Lower middle income"
Lesotho,LSO,"Secure Internet servers (per 1 million people)",IT.NET.SECR.P6,2013,1.9450484901,"Sub-Saharan Africa","Lower middle income"
Lesotho,LSO,"Secure Internet servers (per 1 million people)",IT.NET.SECR.P6,2014,1.9229946411,"Sub-Saharan Africa","Lower middle income"
Lesotho,LSO,"Secure Internet servers (per 1 million people)",IT.NET.SECR.P6,2015,6.6520606421,"Sub-Saharan Africa","Lower middle income"
Lesotho,LSO,"Secure Internet servers (per 1 million people)",IT.NET.SECR.P6,2016,8.4490302860,"Sub-Saharan Africa","Lower middle income"
Lesotho,LSO,"Secure Internet servers (per 1 million people)",IT.NET.SECR.P6,2017,19.4704952460,"Sub-Saharan Africa","Lower middle income"
Lesotho,LSO,"Secure Internet servers (per 1 million people)",IT.NET.SECR.P6,2018,38.0105724346,"Sub-Saharan Africa","Lower middle income"
Lesotho,LSO,"Secure Internet servers (per 1 million people)",IT.NET.SECR.P6,2019,60.6498129587,"Sub-Saharan Africa","Lower middle income"
Lesotho,LSO,"Secure Internet servers (per 1 million people)",IT.NET.SECR.P6,2020,67.0922702101,"Sub-Saharan Africa","Lower middle income"
Lesotho,LSO,"Secure Internet servers (per 1 million people)",IT.NET.SECR.P6,2021,67.2107791940,"Sub-Saharan Africa","Lower middle income"
Lesotho,LSO,"Secure Internet servers (per 1 million people)",IT.NET.SECR.P6,2022,75.6743988697,"Sub-Saharan Africa","Lower middle income"
Lesotho,LSO,"Secure Internet servers (per 1 million people)",IT.NET.SECR.P6,2023,89.1206988447,"Sub-Saharan Africa","Lower middle income"
Lesotho,LSO,"Secure Internet servers (per 1 million people)",IT.NET.SECR.P6,2024,85.9921374950,"Sub-Saharan Africa","Lower middle income"
Liberia,LBR,"Fixed broadband subscriptions (per 100 people)",IT.NET.BBND.P2,2008,0.0028788253,"Sub-Saharan Africa","Low income"
Liberia,LBR,"Fixed broadband subscriptions (per 100 people)",IT.NET.BBND.P2,2009,0.0038041830,"Sub-Saharan Africa","Low income"
Liberia,LBR,"Fixed broadband subscriptions (per 100 people)",IT.NET.BBND.P2,2010,0.0045825336,"Sub-Saharan Africa","Low income"
Liberia,LBR,"Fixed broadband subscriptions (per 100 people)",IT.NET.BBND.P2,2011,0.0014924744,"Sub-Saharan Africa","Low income"
Liberia,LBR,"Fixed broadband subscriptions (per 100 people)",IT.NET.BBND.P2,2012,0.0119825028,"Sub-Saharan Africa","Low income"
Liberia,LBR,"Fixed broadband subscriptions (per 100 people)",IT.NET.BBND.P2,2013,0.1136404564,"Sub-Saharan Africa","Low income"
Liberia,LBR,"Fixed broadband subscriptions (per 100 people)",IT.NET.BBND.P2,2014,0.1314551892,"Sub-Saharan Africa","Low income"
Liberia,LBR,"Fixed broadband subscriptions (per 100 people)",IT.NET.BBND.P2,2015,0.1502329362,"Sub-Saharan Africa","Low income"
Liberia,LBR,"Fixed broadband subscriptions (per 100 people)",IT.NET.BBND.P2,2016,0.1682224439,"Sub-Saharan Africa","Low income"
Liberia,LBR,"Fixed broadband subscriptions (per 100 people)",IT.NET.BBND.P2,2017,0.1856081503,"Sub-Saharan Africa","Low income"
Liberia,LBR,"Fixed broadband subscriptions (per 100 people)",IT.NET.BBND.P2,2019,0.2180929516,"Sub-Saharan Africa","Low income"
Liberia,LBR,"Fixed broadband subscriptions (per 100 people)",IT.NET.BBND.P2,2020,0.2524535083,"Sub-Saharan Africa","Low income"
Liberia,LBR,"Fixed broadband subscriptions (per 100 people)",IT.NET.BBND.P2,2021,0.2471801028,"Sub-Saharan Africa","Low income"
Liberia,LBR,"Fixed broadband subscriptions (per 100 people)",IT.NET.BBND.P2,2022,0.2746732265,"Sub-Saharan Africa","Low income"
Liberia,LBR,"Individuals using the Internet (% of population)",IT.NET.USER.ZS,2000,0.0177027057,"Sub-Saharan Africa","Low income"
Liberia,LBR,"Individuals using the Internet (% of population)",IT.NET.USER.ZS,2001,0.0338122272,"Sub-Saharan Africa","Low income"
Liberia,LBR,"Individuals using the Internet (% of population)",IT.NET.USER.ZS,2002,0.0327133071,"Sub-Saharan Africa","Low income"
Liberia,LBR,"Individuals using the Internet (% of population)",IT.NET.USER.ZS,2003,0.0318689345,"Sub-Saharan Africa","Low income"
Liberia,LBR,"Individuals using the Internet (% of population)",IT.NET.USER.ZS,2004,0.0310111848,"Sub-Saharan Africa","Low income"
Liberia,LBR,"Individuals using the Internet (% of population)",IT.NET.USER.ZS,2005,0.5514000060,"Sub-Saharan Africa","Low income"
Liberia,LBR,"Individuals using the Internet (% of population)",IT.NET.USER.ZS,2006,0.5299999710,"Sub-Saharan Africa","Low income"
Liberia,LBR,"Individuals using the Internet (% of population)",IT.NET.USER.ZS,2007,0.5514000060,"Sub-Saharan Africa","Low income"
Liberia,LBR,"Individuals using the Internet (% of population)",IT.NET.USER.ZS,2008,0.5299999710,"Sub-Saharan Africa","Low income"
Liberia,LBR,"Individuals using the Internet (% of population)",IT.NET.USER.ZS,2009,2.0000000000,"Sub-Saharan Africa","Low income"
Liberia,LBR,"Individuals using the Internet (% of population)",IT.NET.USER.ZS,2010,2.3000000000,"Sub-Saharan Africa","Low income"
Liberia,LBR,"Individuals using the Internet (% of population)",IT.NET.USER.ZS,2011,2.5000000000,"Sub-Saharan Africa","Low income"
Liberia,LBR,"Individuals using the Internet (% of population)",IT.NET.USER.ZS,2012,2.5999999050,"Sub-Saharan Africa","Low income"
Liberia,LBR,"Individuals using the Internet (% of population)",IT.NET.USER.ZS,2013,3.2000000480,"Sub-Saharan Africa","Low income"
Liberia,LBR,"Individuals using the Internet (% of population)",IT.NET.USER.ZS,2014,5.4099998470,"Sub-Saharan Africa","Low income"
Liberia,LBR,"Individuals using the Internet (% of population)",IT.NET.USER.ZS,2015,10.0000000000,"Sub-Saharan Africa","Low income"
Liberia,LBR,"Individuals using the Internet (% of population)",IT.NET.USER.ZS,2016,15.6999998100,"Sub-Saharan Africa","Low income"
Liberia,LBR,"Individuals using the Internet (% of population)",IT.NET.USER.ZS,2017,16.2999992400,"Sub-Saharan Africa","Low income"
Liberia,LBR,"Individuals using the Internet (% of population)",IT.NET.USER.ZS,2018,17.2777004200,"Sub-Saharan Africa","Low income"
Liberia,LBR,"Individuals using the Internet (% of population)",IT.NET.USER.ZS,2019,19.8957996400,"Sub-Saharan Africa","Low income"
Liberia,LBR,"Individuals using the Internet (% of population)",IT.NET.USER.ZS,2020,22.9106998400,"Sub-Saharan Africa","Low income"
Liberia,LBR,"Individuals using the Internet (% of population)",IT.NET.USER.ZS,2021,26.3822994200,"Sub-Saharan Africa","Low income"
Liberia,LBR,"Individuals using the Internet (% of population)",IT.NET.USER.ZS,2022,30.3801002500,"Sub-Saharan Africa","Low income"
Liberia,LBR,"Individuals using the Internet (% of population)",IT.NET.USER.ZS,2023,31.2241001100,"Sub-Saharan Africa","Low income"
Liberia,LBR,"Individuals using the Internet (% of population)",IT.NET.USER.ZS,2024,32.2336006200,"Sub-Saharan Africa","Low income"
Liberia,LBR,"Mobile cellular subscriptions (per 100 people)",IT.CEL.SETS.P2,2000,0.0512274612,"Sub-Saharan Africa","Low income"
Liberia,LBR,"Mobile cellular subscriptions (per 100 people)",IT.CEL.SETS.P2,2001,0.0663275560,"Sub-Saharan Africa","Low income"
Liberia,LBR,"Mobile cellular subscriptions (per 100 people)",IT.CEL.SETS.P2,2002,0.1615622684,"Sub-Saharan Africa","Low income"
Liberia,LBR,"Mobile cellular subscriptions (per 100 people)",IT.CEL.SETS.P2,2003,1.5146502745,"Sub-Saharan Africa","Low income"
Liberia,LBR,"Mobile cellular subscriptions (per 100 people)",IT.CEL.SETS.P2,2004,2.9893325461,"Sub-Saharan Africa","Low income"
Liberia,LBR,"Mobile cellular subscriptions (per 100 people)",IT.CEL.SETS.P2,2005,4.8469940306,"Sub-Saharan Africa","Low income"
Liberia,LBR,"Mobile cellular subscriptions (per 100 people)",IT.CEL.SETS.P2,2006,8.0211138634,"Sub-Saharan Africa","Low income"
Liberia,LBR,"Mobile cellular subscriptions (per 100 people)",IT.CEL.SETS.P2,2007,15.3445714831,"Sub-Saharan Africa","Low income"
Liberia,LBR,"Mobile cellular subscriptions (per 100 people)",IT.CEL.SETS.P2,2008,22.3665618687,"Sub-Saharan Africa","Low income"
Liberia,LBR,"Mobile cellular subscriptions (per 100 people)",IT.CEL.SETS.P2,2009,27.5184959376,"Sub-Saharan Africa","Low income"
Liberia,LBR,"Mobile cellular subscriptions (per 100 people)",IT.CEL.SETS.P2,2010,38.7127515158,"Sub-Saharan Africa","Low income"
Liberia,LBR,"Mobile cellular subscriptions (per 100 people)",IT.CEL.SETS.P2,2011,47.8690308724,"Sub-Saharan Africa","Low income"
Liberia,LBR,"Mobile cellular subscriptions (per 100 people)",IT.CEL.SETS.P2,2012,54.4220580497,"Sub-Saharan Africa","Low income"
Liberia,LBR,"Mobile cellular subscriptions (per 100 people)",IT.CEL.SETS.P2,2013,57.0612667466,"Sub-Saharan Africa","Low income"
Liberia,LBR,"Mobile cellular subscriptions (per 100 people)",IT.CEL.SETS.P2,2014,70.6628167824,"Sub-Saharan Africa","Low income"
Liberia,LBR,"Mobile cellular subscriptions (per 100 people)",IT.CEL.SETS.P2,2015,78.3786689834,"Sub-Saharan Africa","Low income"
Liberia,LBR,"Mobile cellular subscriptions (per 100 people)",IT.CEL.SETS.P2,2016,65.5437117609,"Sub-Saharan Africa","Low income"
Liberia,LBR,"Mobile cellular subscriptions (per 100 people)",IT.CEL.SETS.P2,2017,54.8575199658,"Sub-Saharan Africa","Low income"
Liberia,LBR,"Mobile cellular subscriptions (per 100 people)",IT.CEL.SETS.P2,2019,38.4041861158,"Sub-Saharan Africa","Low income"
Liberia,LBR,"Mobile cellular subscriptions (per 100 people)",IT.CEL.SETS.P2,2020,32.1004345502,"Sub-Saharan Africa","Low income"
Liberia,LBR,"Mobile cellular subscriptions (per 100 people)",IT.CEL.SETS.P2,2021,31.4299007686,"Sub-Saharan Africa","Low income"
Liberia,LBR,"Mobile cellular subscriptions (per 100 people)",IT.CEL.SETS.P2,2022,32.0638885570,"Sub-Saharan Africa","Low income"
Liberia,LBR,"Secure Internet servers (per 1 million people)",IT.NET.SECR.P6,2010,0.4927455536,"Sub-Saharan Africa","Low income"
Liberia,LBR,"Secure Internet servers (per 1 million people)",IT.NET.SECR.P6,2011,0.2369006945,"Sub-Saharan Africa","Low income"
Liberia,LBR,"Secure Internet servers (per 1 million people)",IT.NET.SECR.P6,2012,0.4573474352,"Sub-Saharan Africa","Low income"
Liberia,LBR,"Secure Internet servers (per 1 million people)",IT.NET.SECR.P6,2013,0.4474033715,"Sub-Saharan Africa","Low income"
Liberia,LBR,"Secure Internet servers (per 1 million people)",IT.NET.SECR.P6,2014,0.8763679282,"Sub-Saharan Africa","Low income"
Liberia,LBR,"Secure Internet servers (per 1 million people)",IT.NET.SECR.P6,2015,0.8584739210,"Sub-Saharan Africa","Low income"
Liberia,LBR,"Secure Internet servers (per 1 million people)",IT.NET.SECR.P6,2016,2.1027805488,"Sub-Saharan Africa","Low income"
Liberia,LBR,"Secure Internet servers (per 1 million people)",IT.NET.SECR.P6,2017,1.8560815026,"Sub-Saharan Africa","Low income"
Liberia,LBR,"Secure Internet servers (per 1 million people)",IT.NET.SECR.P6,2018,2.2245924243,"Sub-Saharan Africa","Low income"
Liberia,LBR,"Secure Internet servers (per 1 million people)",IT.NET.SECR.P6,2019,4.7583916715,"Sub-Saharan Africa","Low income"
Liberia,LBR,"Secure Internet servers (per 1 million people)",IT.NET.SECR.P6,2020,6.0200451969,"Sub-Saharan Africa","Low income"
Liberia,LBR,"Secure Internet servers (per 1 million people)",IT.NET.SECR.P6,2021,6.6548489226,"Sub-Saharan Africa","Low income"
Liberia,LBR,"Secure Internet servers (per 1 million people)",IT.NET.SECR.P6,2022,8.1886455496,"Sub-Saharan Africa","Low income"
Liberia,LBR,"Secure Internet servers (per 1 million people)",IT.NET.SECR.P6,2023,9.2844915676,"Sub-Saharan Africa","Low income"
Liberia,LBR,"Secure Internet servers (per 1 million people)",IT.NET.SECR.P6,2024,13.0059469247,"Sub-Saharan Africa","Low income"
Madagascar,MDG,"Fixed broadband subscriptions (per 100 people)",IT.NET.BBND.P2,2006,0.0068978069,"Sub-Saharan Africa","Low income"
Madagascar,MDG,"Fixed broadband subscriptions (per 100 people)",IT.NET.BBND.P2,2007,0.0115854536,"Sub-Saharan Africa","Low income"
Madagascar,MDG,"Fixed broadband subscriptions (per 100 people)",IT.NET.BBND.P2,2008,0.0166699803,"Sub-Saharan Africa","Low income"
Madagascar,MDG,"Fixed broadband subscriptions (per 100 people)",IT.NET.BBND.P2,2009,0.0212370192,"Sub-Saharan Africa","Low income"
Madagascar,MDG,"Fixed broadband subscriptions (per 100 people)",IT.NET.BBND.P2,2010,0.0243020212,"Sub-Saharan Africa","Low income"
Madagascar,MDG,"Fixed broadband subscriptions (per 100 people)",IT.NET.BBND.P2,2011,0.0300232667,"Sub-Saharan Africa","Low income"
Madagascar,MDG,"Fixed broadband subscriptions (per 100 people)",IT.NET.BBND.P2,2012,0.1324542658,"Sub-Saharan Africa","Low income"
Madagascar,MDG,"Fixed broadband subscriptions (per 100 people)",IT.NET.BBND.P2,2013,0.1575658180,"Sub-Saharan Africa","Low income"
Madagascar,MDG,"Fixed broadband subscriptions (per 100 people)",IT.NET.BBND.P2,2014,0.1002852972,"Sub-Saharan Africa","Low income"
Madagascar,MDG,"Fixed broadband subscriptions (per 100 people)",IT.NET.BBND.P2,2015,0.0931855024,"Sub-Saharan Africa","Low income"
Madagascar,MDG,"Fixed broadband subscriptions (per 100 people)",IT.NET.BBND.P2,2016,0.1010921399,"Sub-Saharan Africa","Low income"
Madagascar,MDG,"Fixed broadband subscriptions (per 100 people)",IT.NET.BBND.P2,2017,0.0935555068,"Sub-Saharan Africa","Low income"
Madagascar,MDG,"Fixed broadband subscriptions (per 100 people)",IT.NET.BBND.P2,2018,0.0989673513,"Sub-Saharan Africa","Low income"
Madagascar,MDG,"Fixed broadband subscriptions (per 100 people)",IT.NET.BBND.P2,2019,0.1063092634,"Sub-Saharan Africa","Low income"
Madagascar,MDG,"Fixed broadband subscriptions (per 100 people)",IT.NET.BBND.P2,2020,0.1105218302,"Sub-Saharan Africa","Low income"
Madagascar,MDG,"Fixed broadband subscriptions (per 100 people)",IT.NET.BBND.P2,2021,0.1041827945,"Sub-Saharan Africa","Low income"
Madagascar,MDG,"Fixed broadband subscriptions (per 100 people)",IT.NET.BBND.P2,2022,0.1074899611,"Sub-Saharan Africa","Low income"
Madagascar,MDG,"Fixed broadband subscriptions (per 100 people)",IT.NET.BBND.P2,2023,0.1244873851,"Sub-Saharan Africa","Low income"
Madagascar,MDG,"Individuals using the Internet (% of population)",IT.NET.USER.ZS,2000,0.1963946910,"Sub-Saharan Africa","Low income"
Madagascar,MDG,"Individuals using the Internet (% of population)",IT.NET.USER.ZS,2001,0.2225115862,"Sub-Saharan Africa","Low income"
Madagascar,MDG,"Individuals using the Internet (% of population)",IT.NET.USER.ZS,2002,0.3397201546,"Sub-Saharan Africa","Low income"
Madagascar,MDG,"Individuals using the Internet (% of population)",IT.NET.USER.ZS,2003,0.4232524193,"Sub-Saharan Africa","Low income"
Madagascar,MDG,"Individuals using the Internet (% of population)",IT.NET.USER.ZS,2004,0.5253536549,"Sub-Saharan Africa","Low income"
Madagascar,MDG,"Individuals using the Internet (% of population)",IT.NET.USER.ZS,2005,0.5677000280,"Sub-Saharan Africa","Low income"
Madagascar,MDG,"Individuals using the Internet (% of population)",IT.NET.USER.ZS,2006,0.6075999740,"Sub-Saharan Africa","Low income"
Madagascar,MDG,"Individuals using the Internet (% of population)",IT.NET.USER.ZS,2007,0.6499999760,"Sub-Saharan Africa","Low income"
Madagascar,MDG,"Individuals using the Internet (% of population)",IT.NET.USER.ZS,2008,1.6499999760,"Sub-Saharan Africa","Low income"
Madagascar,MDG,"Individuals using the Internet (% of population)",IT.NET.USER.ZS,2009,1.6299999950,"Sub-Saharan Africa","Low income"
Madagascar,MDG,"Individuals using the Internet (% of population)",IT.NET.USER.ZS,2010,1.7000000480,"Sub-Saharan Africa","Low income"
Madagascar,MDG,"Individuals using the Internet (% of population)",IT.NET.USER.ZS,2011,1.8999999760,"Sub-Saharan Africa","Low income"
Madagascar,MDG,"Individuals using the Internet (% of population)",IT.NET.USER.ZS,2012,2.2999999520,"Sub-Saharan Africa","Low income"
Madagascar,MDG,"Individuals using the Internet (% of population)",IT.NET.USER.ZS,2013,3.0000000000,"Sub-Saharan Africa","Low income"
Madagascar,MDG,"Individuals using the Internet (% of population)",IT.NET.USER.ZS,2014,3.7000000480,"Sub-Saharan Africa","Low income"
Madagascar,MDG,"Individuals using the Internet (% of population)",IT.NET.USER.ZS,2015,4.1739997860,"Sub-Saharan Africa","Low income"
Madagascar,MDG,"Individuals using the Internet (% of population)",IT.NET.USER.ZS,2016,4.7136998180,"Sub-Saharan Africa","Low income"
Madagascar,MDG,"Individuals using the Internet (% of population)",IT.NET.USER.ZS,2017,6.4060001370,"Sub-Saharan Africa","Low income"
Madagascar,MDG,"Individuals using the Internet (% of population)",IT.NET.USER.ZS,2018,7.7477998730,"Sub-Saharan Africa","Low income"
Madagascar,MDG,"Individuals using the Internet (% of population)",IT.NET.USER.ZS,2019,9.3794002530,"Sub-Saharan Africa","Low income"
Madagascar,MDG,"Individuals using the Internet (% of population)",IT.NET.USER.ZS,2020,11.3547000900,"Sub-Saharan Africa","Low income"
Madagascar,MDG,"Individuals using the Internet (% of population)",IT.NET.USER.ZS,2021,13.7459001500,"Sub-Saharan Africa","Low income"
Madagascar,MDG,"Individuals using the Internet (% of population)",IT.NET.USER.ZS,2022,17.8117008200,"Sub-Saharan Africa","Low income"
Madagascar,MDG,"Individuals using the Internet (% of population)",IT.NET.USER.ZS,2023,18.2408008600,"Sub-Saharan Africa","Low income"
Madagascar,MDG,"Individuals using the Internet (% of population)",IT.NET.USER.ZS,2024,18.6779003100,"Sub-Saharan Africa","Low income"
Madagascar,MDG,"Mobile cellular subscriptions (per 100 people)",IT.CEL.SETS.P2,2000,0.3820096198,"Sub-Saharan Africa","Low income"
Madagascar,MDG,"Mobile cellular subscriptions (per 100 people)",IT.CEL.SETS.P2,2001,0.8659691672,"Sub-Saharan Africa","Low income"
Madagascar,MDG,"Mobile cellular subscriptions (per 100 people)",IT.CEL.SETS.P2,2002,0.9288365133,"Sub-Saharan Africa","Low income"
Madagascar,MDG,"Mobile cellular subscriptions (per 100 people)",IT.CEL.SETS.P2,2003,1.5696563286,"Sub-Saharan Africa","Low income"
Madagascar,MDG,"Mobile cellular subscriptions (per 100 people)",IT.CEL.SETS.P2,2004,1.7944592588,"Sub-Saharan Africa","Low income"
Madagascar,MDG,"Mobile cellular subscriptions (per 100 people)",IT.CEL.SETS.P2,2005,2.6632401007,"Sub-Saharan Africa","Low income"
Madagascar,MDG,"Mobile cellular subscriptions (per 100 people)",IT.CEL.SETS.P2,2006,5.3007593315,"Sub-Saharan Africa","Low income"
Madagascar,MDG,"Mobile cellular subscriptions (per 100 people)",IT.CEL.SETS.P2,2007,10.9142059759,"Sub-Saharan Africa","Low income"
Madagascar,MDG,"Mobile cellular subscriptions (per 100 people)",IT.CEL.SETS.P2,2008,23.1087553719,"Sub-Saharan Africa","Low income"
Madagascar,MDG,"Mobile cellular subscriptions (per 100 people)",IT.CEL.SETS.P2,2009,29.1628409711,"Sub-Saharan Africa","Low income"
Madagascar,MDG,"Mobile cellular subscriptions (per 100 people)",IT.CEL.SETS.P2,2010,34.7635703190,"Sub-Saharan Africa","Low income"
Madagascar,MDG,"Mobile cellular subscriptions (per 100 people)",IT.CEL.SETS.P2,2011,38.0363591750,"Sub-Saharan Africa","Low income"
Madagascar,MDG,"Mobile cellular subscriptions (per 100 people)",IT.CEL.SETS.P2,2012,37.4155490576,"Sub-Saharan Africa","Low income"
Madagascar,MDG,"Mobile cellular subscriptions (per 100 people)",IT.CEL.SETS.P2,2013,35.0948534776,"Sub-Saharan Africa","Low income"
Madagascar,MDG,"Mobile cellular subscriptions (per 100 people)",IT.CEL.SETS.P2,2014,39.2252725571,"Sub-Saharan Africa","Low income"
Madagascar,MDG,"Mobile cellular subscriptions (per 100 people)",IT.CEL.SETS.P2,2015,42.0572239373,"Sub-Saharan Africa","Low income"
Madagascar,MDG,"Mobile cellular subscriptions (per 100 people)",IT.CEL.SETS.P2,2016,30.6447038677,"Sub-Saharan Africa","Low income"
Madagascar,MDG,"Mobile cellular subscriptions (per 100 people)",IT.CEL.SETS.P2,2017,32.5906255979,"Sub-Saharan Africa","Low income"
Madagascar,MDG,"Mobile cellular subscriptions (per 100 people)",IT.CEL.SETS.P2,2018,38.7515500133,"Sub-Saharan Africa","Low income"
Madagascar,MDG,"Mobile cellular subscriptions (per 100 people)",IT.CEL.SETS.P2,2019,46.0779784117,"Sub-Saharan Africa","Low income"
Madagascar,MDG,"Mobile cellular subscriptions (per 100 people)",IT.CEL.SETS.P2,2020,54.8084663590,"Sub-Saharan Africa","Low income"
Madagascar,MDG,"Mobile cellular subscriptions (per 100 people)",IT.CEL.SETS.P2,2021,53.9177233784,"Sub-Saharan Africa","Low income"
Madagascar,MDG,"Mobile cellular subscriptions (per 100 people)",IT.CEL.SETS.P2,2022,64.7494924067,"Sub-Saharan Africa","Low income"
Madagascar,MDG,"Mobile cellular subscriptions (per 100 people)",IT.CEL.SETS.P2,2023,75.4562966736,"Sub-Saharan Africa","Low income"
Madagascar,MDG,"Secure Internet servers (per 1 million people)",IT.NET.SECR.P6,2010,0.2704732470,"Sub-Saharan Africa","Low income"
Madagascar,MDG,"Secure Internet servers (per 1 million people)",IT.NET.SECR.P6,2011,0.3943511390,"Sub-Saharan Africa","Low income"
Madagascar,MDG,"Secure Internet servers (per 1 million people)",IT.NET.SECR.P6,2012,0.6393197501,"Sub-Saharan Africa","Low income"
Madagascar,MDG,"Secure Internet servers (per 1 million people)",IT.NET.SECR.P6,2013,0.6636445951,"Sub-Saharan Africa","Low income"
Madagascar,MDG,"Secure Internet servers (per 1 million people)",IT.NET.SECR.P6,2014,1.0902770386,"Sub-Saharan Africa","Low income"
Madagascar,MDG,"Secure Internet servers (per 1 million people)",IT.NET.SECR.P6,2015,1.5338206268,"Sub-Saharan Africa","Low income"
Madagascar,MDG,"Secure Internet servers (per 1 million people)",IT.NET.SECR.P6,2016,2.9118827498,"Sub-Saharan Africa","Low income"
Madagascar,MDG,"Secure Internet servers (per 1 million people)",IT.NET.SECR.P6,2017,4.7035327824,"Sub-Saharan Africa","Low income"
Madagascar,MDG,"Secure Internet servers (per 1 million people)",IT.NET.SECR.P6,2018,5.2009596243,"Sub-Saharan Africa","Low income"
Madagascar,MDG,"Secure Internet servers (per 1 million people)",IT.NET.SECR.P6,2019,8.0440675994,"Sub-Saharan Africa","Low income"
Madagascar,MDG,"Secure Internet servers (per 1 million people)",IT.NET.SECR.P6,2020,9.8778885744,"Sub-Saharan Africa","Low income"
Madagascar,MDG,"Secure Internet servers (per 1 million people)",IT.NET.SECR.P6,2021,13.8762200085,"Sub-Saharan Africa","Low income"
Madagascar,MDG,"Secure Internet servers (per 1 million people)",IT.NET.SECR.P6,2022,17.8071213438,"Sub-Saharan Africa","Low income"
Madagascar,MDG,"Secure Internet servers (per 1 million people)",IT.NET.SECR.P6,2023,22.1823794205,"Sub-Saharan Africa","Low income"
Madagascar,MDG,"Secure Internet servers (per 1 million people)",IT.NET.SECR.P6,2024,25.0586924005,"Sub-Saharan Africa","Low income"
Malawi,MWI,"Fixed broadband subscriptions (per 100 people)",IT.NET.BBND.P2,2003,0.0005664293,"Sub-Saharan Africa","Low income"
Malawi,MWI,"Fixed broadband subscriptions (per 100 people)",IT.NET.BBND.P2,2004,0.0011039349,"Sub-Saharan Africa","Low income"
Malawi,MWI,"Fixed broadband subscriptions (per 100 people)",IT.NET.BBND.P2,2005,0.0031464098,"Sub-Saharan Africa","Low income"
Malawi,MWI,"Fixed broadband subscriptions (per 100 people)",IT.NET.BBND.P2,2007,0.0068796140,"Sub-Saharan Africa","Low income"
Malawi,MWI,"Fixed broadband subscriptions (per 100 people)",IT.NET.BBND.P2,2008,0.0070547409,"Sub-Saharan Africa","Low income"
Malawi,MWI,"Fixed broadband subscriptions (per 100 people)",IT.NET.BBND.P2,2009,0.0071826565,"Sub-Saharan Africa","Low income"
Malawi,MWI,"Fixed broadband subscriptions (per 100 people)",IT.NET.BBND.P2,2010,0.0073179962,"Sub-Saharan Africa","Low income"
Malawi,MWI,"Fixed broadband subscriptions (per 100 people)",IT.NET.BBND.P2,2011,0.0113330986,"Sub-Saharan Africa","Low income"
Malawi,MWI,"Fixed broadband subscriptions (per 100 people)",IT.NET.BBND.P2,2012,0.0078805432,"Sub-Saharan Africa","Low income"
Malawi,MWI,"Fixed broadband subscriptions (per 100 people)",IT.NET.BBND.P2,2013,0.0543070160,"Sub-Saharan Africa","Low income"
Malawi,MWI,"Fixed broadband subscriptions (per 100 people)",IT.NET.BBND.P2,2014,0.0515054624,"Sub-Saharan Africa","Low income"
Malawi,MWI,"Fixed broadband subscriptions (per 100 people)",IT.NET.BBND.P2,2015,0.0342686499,"Sub-Saharan Africa","Low income"
Malawi,MWI,"Fixed broadband subscriptions (per 100 people)",IT.NET.BBND.P2,2016,0.0495052353,"Sub-Saharan Africa","Low income"
Malawi,MWI,"Fixed broadband subscriptions (per 100 people)",IT.NET.BBND.P2,2017,0.0599566013,"Sub-Saharan Africa","Low income"
Malawi,MWI,"Fixed broadband subscriptions (per 100 people)",IT.NET.BBND.P2,2018,0.0613015455,"Sub-Saharan Africa","Low income"
Malawi,MWI,"Fixed broadband subscriptions (per 100 people)",IT.NET.BBND.P2,2019,0.0596980345,"Sub-Saharan Africa","Low income"
Malawi,MWI,"Fixed broadband subscriptions (per 100 people)",IT.NET.BBND.P2,2020,0.0627371264,"Sub-Saharan Africa","Low income"
Malawi,MWI,"Fixed broadband subscriptions (per 100 people)",IT.NET.BBND.P2,2021,0.0670814931,"Sub-Saharan Africa","Low income"
Malawi,MWI,"Fixed broadband subscriptions (per 100 people)",IT.NET.BBND.P2,2022,0.0724060331,"Sub-Saharan Africa","Low income"
Malawi,MWI,"Fixed broadband subscriptions (per 100 people)",IT.NET.BBND.P2,2023,0.0795565605,"Sub-Saharan Africa","Low income"
Malawi,MWI,"Fixed broadband subscriptions (per 100 people)",IT.NET.BBND.P2,2024,0.0863853749,"Sub-Saharan Africa","Low income"
Malawi,MWI,"Individuals using the Internet (% of population)",IT.NET.USER.ZS,2000,0.1267809448,"Sub-Saharan Africa","Low income"
Malawi,MWI,"Individuals using the Internet (% of population)",IT.NET.USER.ZS,2001,0.1640207253,"Sub-Saharan Africa","Low income"
Malawi,MWI,"Individuals using the Internet (% of population)",IT.NET.USER.ZS,2002,0.2150947265,"Sub-Saharan Africa","Low income"
Malawi,MWI,"Individuals using the Internet (% of population)",IT.NET.USER.ZS,2003,0.2788151163,"Sub-Saharan Africa","Low income"
Malawi,MWI,"Individuals using the Internet (% of population)",IT.NET.USER.ZS,2004,0.3475053350,"Sub-Saharan Africa","Low income"
Malawi,MWI,"Individuals using the Internet (% of population)",IT.NET.USER.ZS,2005,0.3844999970,"Sub-Saharan Africa","Low income"
Malawi,MWI,"Individuals using the Internet (% of population)",IT.NET.USER.ZS,2006,0.4250999990,"Sub-Saharan Africa","Low income"
Malawi,MWI,"Individuals using the Internet (% of population)",IT.NET.USER.ZS,2007,0.9658647366,"Sub-Saharan Africa","Low income"
Malawi,MWI,"Individuals using the Internet (% of population)",IT.NET.USER.ZS,2008,0.7000000000,"Sub-Saharan Africa","Low income"
Malawi,MWI,"Individuals using the Internet (% of population)",IT.NET.USER.ZS,2009,1.0700000000,"Sub-Saharan Africa","Low income"
Malawi,MWI,"Individuals using the Internet (% of population)",IT.NET.USER.ZS,2010,2.2600000000,"Sub-Saharan Africa","Low income"
Malawi,MWI,"Individuals using the Internet (% of population)",IT.NET.USER.ZS,2011,3.3300000000,"Sub-Saharan Africa","Low income"
Malawi,MWI,"Individuals using the Internet (% of population)",IT.NET.USER.ZS,2012,4.3505997660,"Sub-Saharan Africa","Low income"
Malawi,MWI,"Individuals using the Internet (% of population)",IT.NET.USER.ZS,2013,5.0500001910,"Sub-Saharan Africa","Low income"
Malawi,MWI,"Individuals using the Internet (% of population)",IT.NET.USER.ZS,2014,5.8299999240,"Sub-Saharan Africa","Low income"
Malawi,MWI,"Individuals using the Internet (% of population)",IT.NET.USER.ZS,2015,6.0000000000,"Sub-Saharan Africa","Low income"
Malawi,MWI,"Individuals using the Internet (% of population)",IT.NET.USER.ZS,2016,6.3000001910,"Sub-Saharan Africa","Low income"
Malawi,MWI,"Individuals using the Internet (% of population)",IT.NET.USER.ZS,2017,7.0000000000,"Sub-Saharan Africa","Low income"
Malawi,MWI,"Individuals using the Internet (% of population)",IT.NET.USER.ZS,2018,8.7982997890,"Sub-Saharan Africa","Low income"
Malawi,MWI,"Individuals using the Internet (% of population)",IT.NET.USER.ZS,2019,11.0586004300,"Sub-Saharan Africa","Low income"
Malawi,MWI,"Individuals using the Internet (% of population)",IT.NET.USER.ZS,2020,13.8994998900,"Sub-Saharan Africa","Low income"
Malawi,MWI,"Individuals using the Internet (% of population)",IT.NET.USER.ZS,2021,15.3030004500,"Sub-Saharan Africa","Low income"
Malawi,MWI,"Individuals using the Internet (% of population)",IT.NET.USER.ZS,2022,16.8483009300,"Sub-Saharan Africa","Low income"
Malawi,MWI,"Individuals using the Internet (% of population)",IT.NET.USER.ZS,2023,17.9881034600,"Sub-Saharan Africa","Low income"
Malawi,MWI,"Individuals using the Internet (% of population)",IT.NET.USER.ZS,2024,18.9615993500,"Sub-Saharan Africa","Low income"
Malawi,MWI,"Mobile cellular subscriptions (per 100 people)",IT.CEL.SETS.P2,2000,0.4330174191,"Sub-Saharan Africa","Low income"
Malawi,MWI,"Mobile cellular subscriptions (per 100 people)",IT.CEL.SETS.P2,2001,0.4807187198,"Sub-Saharan Africa","Low income"
Malawi,MWI,"Mobile cellular subscriptions (per 100 people)",IT.CEL.SETS.P2,2002,0.7242745218,"Sub-Saharan Africa","Low income"
Malawi,MWI,"Mobile cellular subscriptions (per 100 people)",IT.CEL.SETS.P2,2003,1.1091670091,"Sub-Saharan Africa","Low income"
Malawi,MWI,"Mobile cellular subscriptions (per 100 people)",IT.CEL.SETS.P2,2004,1.7769752295,"Sub-Saharan Africa","Low income"
Malawi,MWI,"Mobile cellular subscriptions (per 100 people)",IT.CEL.SETS.P2,2005,3.2800777506,"Sub-Saharan Africa","Low income"
Malawi,MWI,"Mobile cellular subscriptions (per 100 people)",IT.CEL.SETS.P2,2006,4.6986669370,"Sub-Saharan Africa","Low income"
Malawi,MWI,"Mobile cellular subscriptions (per 100 people)",IT.CEL.SETS.P2,2007,7.7403171090,"Sub-Saharan Africa","Low income"
Malawi,MWI,"Mobile cellular subscriptions (per 100 people)",IT.CEL.SETS.P2,2008,10.7873427074,"Sub-Saharan Africa","Low income"
Malawi,MWI,"Mobile cellular subscriptions (per 100 people)",IT.CEL.SETS.P2,2009,17.2664810012,"Sub-Saharan Africa","Low income"
Malawi,MWI,"Mobile cellular subscriptions (per 100 people)",IT.CEL.SETS.P2,2010,21.0256755101,"Sub-Saharan Africa","Low income"
Malawi,MWI,"Mobile cellular subscriptions (per 100 people)",IT.CEL.SETS.P2,2011,25.8864481165,"Sub-Saharan Africa","Low income"
Malawi,MWI,"Mobile cellular subscriptions (per 100 people)",IT.CEL.SETS.P2,2012,29.5800071511,"Sub-Saharan Africa","Low income"
Malawi,MWI,"Mobile cellular subscriptions (per 100 people)",IT.CEL.SETS.P2,2013,32.7317425220,"Sub-Saharan Africa","Low income"
Malawi,MWI,"Mobile cellular subscriptions (per 100 people)",IT.CEL.SETS.P2,2014,33.8868400746,"Sub-Saharan Africa","Low income"
Malawi,MWI,"Mobile cellular subscriptions (per 100 people)",IT.CEL.SETS.P2,2015,38.4341901744,"Sub-Saharan Africa","Low income"
Malawi,MWI,"Mobile cellular subscriptions (per 100 people)",IT.CEL.SETS.P2,2016,40.8844441759,"Sub-Saharan Africa","Low income"
Malawi,MWI,"Mobile cellular subscriptions (per 100 people)",IT.CEL.SETS.P2,2017,43.0855088343,"Sub-Saharan Africa","Low income"
Malawi,MWI,"Mobile cellular subscriptions (per 100 people)",IT.CEL.SETS.P2,2018,38.1955692011,"Sub-Saharan Africa","Low income"
Malawi,MWI,"Mobile cellular subscriptions (per 100 people)",IT.CEL.SETS.P2,2019,46.7841008334,"Sub-Saharan Africa","Low income"
Malawi,MWI,"Mobile cellular subscriptions (per 100 people)",IT.CEL.SETS.P2,2020,51.2170439392,"Sub-Saharan Africa","Low income"
Malawi,MWI,"Mobile cellular subscriptions (per 100 people)",IT.CEL.SETS.P2,2021,59.5599408158,"Sub-Saharan Africa","Low income"
Malawi,MWI,"Mobile cellular subscriptions (per 100 people)",IT.CEL.SETS.P2,2022,59.6495709409,"Sub-Saharan Africa","Low income"
Malawi,MWI,"Mobile cellular subscriptions (per 100 people)",IT.CEL.SETS.P2,2023,61.0866071008,"Sub-Saharan Africa","Low income"
Malawi,MWI,"Mobile cellular subscriptions (per 100 people)",IT.CEL.SETS.P2,2024,69.2605306621,"Sub-Saharan Africa","Low income"
Malawi,MWI,"Secure Internet servers (per 1 million people)",IT.NET.SECR.P6,2010,0.2023409090,"Sub-Saharan Africa","Low income"
Malawi,MWI,"Secure Internet servers (per 1 million people)",IT.NET.SECR.P6,2011,0.3275462033,"Sub-Saharan Africa","Low income"
Malawi,MWI,"Secure Internet servers (per 1 million people)",IT.NET.SECR.P6,2012,1.2731087540,"Sub-Saharan Africa","Low income"
Malawi,MWI,"Secure Internet servers (per 1 million people)",IT.NET.SECR.P6,2013,1.4231074033,"Sub-Saharan Africa","Low income"
Malawi,MWI,"Secure Internet servers (per 1 million people)",IT.NET.SECR.P6,2014,1.8650500333,"Sub-Saharan Africa","Low income"
Malawi,MWI,"Secure Internet servers (per 1 million people)",IT.NET.SECR.P6,2015,2.2240968367,"Sub-Saharan Africa","Low income"
Malawi,MWI,"Secure Internet servers (per 1 million people)",IT.NET.SECR.P6,2016,5.1259447472,"Sub-Saharan Africa","Low income"
Malawi,MWI,"Secure Internet servers (per 1 million people)",IT.NET.SECR.P6,2017,10.1997176785,"Sub-Saharan Africa","Low income"
Malawi,MWI,"Secure Internet servers (per 1 million people)",IT.NET.SECR.P6,2018,15.0582243245,"Sub-Saharan Africa","Low income"
Malawi,MWI,"Secure Internet servers (per 1 million people)",IT.NET.SECR.P6,2019,16.0309037982,"Sub-Saharan Africa","Low income"
Malawi,MWI,"Secure Internet servers (per 1 million people)",IT.NET.SECR.P6,2020,16.5865597264,"Sub-Saharan Africa","Low income"
Malawi,MWI,"Secure Internet servers (per 1 million people)",IT.NET.SECR.P6,2021,21.1999067404,"Sub-Saharan Africa","Low income"
Malawi,MWI,"Secure Internet servers (per 1 million people)",IT.NET.SECR.P6,2022,23.8225718187,"Sub-Saharan Africa","Low income"
Malawi,MWI,"Secure Internet servers (per 1 million people)",IT.NET.SECR.P6,2023,27.6718471460,"Sub-Saharan Africa","Low income"
Malawi,MWI,"Secure Internet servers (per 1 million people)",IT.NET.SECR.P6,2024,32.4632055194,"Sub-Saharan Africa","Low income"
Mali,MLI,"Fixed broadband subscriptions (per 100 people)",IT.NET.BBND.P2,2006,0.0220512462,"Sub-Saharan Africa","Low income"
Mali,MLI,"Fixed broadband subscriptions (per 100 people)",IT.NET.BBND.P2,2007,0.0221334196,"Sub-Saharan Africa","Low income"
Mali,MLI,"Fixed broadband subscriptions (per 100 people)",IT.NET.BBND.P2,2008,0.0352859710,"Sub-Saharan Africa","Low income"
Mali,MLI,"Fixed broadband subscriptions (per 100 people)",IT.NET.BBND.P2,2009,0.0534092136,"Sub-Saharan Africa","Low income"
Mali,MLI,"Fixed broadband subscriptions (per 100 people)",IT.NET.BBND.P2,2010,0.0502910030,"Sub-Saharan Africa","Low income"
Mali,MLI,"Fixed broadband subscriptions (per 100 people)",IT.NET.BBND.P2,2011,0.0515026703,"Sub-Saharan Africa","Low income"
Mali,MLI,"Fixed broadband subscriptions (per 100 people)",IT.NET.BBND.P2,2012,0.0254761549,"Sub-Saharan Africa","Low income"
Mali,MLI,"Fixed broadband subscriptions (per 100 people)",IT.NET.BBND.P2,2013,0.0166613067,"Sub-Saharan Africa","Low income"
Mali,MLI,"Fixed broadband subscriptions (per 100 people)",IT.NET.BBND.P2,2015,0.0188188881,"Sub-Saharan Africa","Low income"
Mali,MLI,"Fixed broadband subscriptions (per 100 people)",IT.NET.BBND.P2,2016,0.1117381954,"Sub-Saharan Africa","Low income"
Mali,MLI,"Fixed broadband subscriptions (per 100 people)",IT.NET.BBND.P2,2017,0.0777267019,"Sub-Saharan Africa","Low income"
Mali,MLI,"Fixed broadband subscriptions (per 100 people)",IT.NET.BBND.P2,2018,0.5915948661,"Sub-Saharan Africa","Low income"
Mali,MLI,"Fixed broadband subscriptions (per 100 people)",IT.NET.BBND.P2,2019,0.6764726613,"Sub-Saharan Africa","Low income"
Mali,MLI,"Fixed broadband subscriptions (per 100 people)",IT.NET.BBND.P2,2020,1.1228140435,"Sub-Saharan Africa","Low income"
Mali,MLI,"Fixed broadband subscriptions (per 100 people)",IT.NET.BBND.P2,2021,0.6483380180,"Sub-Saharan Africa","Low income"
Mali,MLI,"Fixed broadband subscriptions (per 100 people)",IT.NET.BBND.P2,2022,0.7742200286,"Sub-Saharan Africa","Low income"
Mali,MLI,"Individuals using the Internet (% of population)",IT.NET.USER.ZS,2000,0.1425457550,"Sub-Saharan Africa","Low income"
Mali,MLI,"Individuals using the Internet (% of population)",IT.NET.USER.ZS,2001,0.1858974133,"Sub-Saharan Africa","Low income"
Mali,MLI,"Individuals using the Internet (% of population)",IT.NET.USER.ZS,2002,0.2270455785,"Sub-Saharan Africa","Low income"
Mali,MLI,"Individuals using the Internet (% of population)",IT.NET.USER.ZS,2003,0.3103644432,"Sub-Saharan Africa","Low income"
Mali,MLI,"Individuals using the Internet (% of population)",IT.NET.USER.ZS,2004,0.4328196399,"Sub-Saharan Africa","Low income"
Mali,MLI,"Individuals using the Internet (% of population)",IT.NET.USER.ZS,2005,0.5070999860,"Sub-Saharan Africa","Low income"
Mali,MLI,"Individuals using the Internet (% of population)",IT.NET.USER.ZS,2006,0.7296000120,"Sub-Saharan Africa","Low income"
Mali,MLI,"Individuals using the Internet (% of population)",IT.NET.USER.ZS,2007,0.8100000000,"Sub-Saharan Africa","Low income"
Mali,MLI,"Individuals using the Internet (% of population)",IT.NET.USER.ZS,2008,1.5700000000,"Sub-Saharan Africa","Low income"
Mali,MLI,"Individuals using the Internet (% of population)",IT.NET.USER.ZS,2009,1.7999999520,"Sub-Saharan Africa","Low income"
Mali,MLI,"Individuals using the Internet (% of population)",IT.NET.USER.ZS,2010,2.0000000000,"Sub-Saharan Africa","Low income"
Mali,MLI,"Individuals using the Internet (% of population)",IT.NET.USER.ZS,2011,2.2000000000,"Sub-Saharan Africa","Low income"
Mali,MLI,"Individuals using the Internet (% of population)",IT.NET.USER.ZS,2012,2.7999999520,"Sub-Saharan Africa","Low income"
Mali,MLI,"Individuals using the Internet (% of population)",IT.NET.USER.ZS,2013,3.5000000000,"Sub-Saharan Africa","Low income"
Mali,MLI,"Individuals using the Internet (% of population)",IT.NET.USER.ZS,2014,7.0000000000,"Sub-Saharan Africa","Low income"
Mali,MLI,"Individuals using the Internet (% of population)",IT.NET.USER.ZS,2015,10.3299999200,"Sub-Saharan Africa","Low income"
Mali,MLI,"Individuals using the Internet (% of population)",IT.NET.USER.ZS,2016,14.0000000000,"Sub-Saharan Africa","Low income"
Mali,MLI,"Individuals using the Internet (% of population)",IT.NET.USER.ZS,2017,18.8999996200,"Sub-Saharan Africa","Low income"
Mali,MLI,"Individuals using the Internet (% of population)",IT.NET.USER.ZS,2018,21.3999996200,"Sub-Saharan Africa","Low income"
Mali,MLI,"Individuals using the Internet (% of population)",IT.NET.USER.ZS,2019,24.9603004500,"Sub-Saharan Africa","Low income"
Mali,MLI,"Individuals using the Internet (% of population)",IT.NET.USER.ZS,2020,29.1130008700,"Sub-Saharan Africa","Low income"
Mali,MLI,"Individuals using the Internet (% of population)",IT.NET.USER.ZS,2021,33.9565010100,"Sub-Saharan Africa","Low income"
Mali,MLI,"Individuals using the Internet (% of population)",IT.NET.USER.ZS,2022,35.1991996800,"Sub-Saharan Africa","Low income"
Mali,MLI,"Individuals using the Internet (% of population)",IT.NET.USER.ZS,2023,36.0387992900,"Sub-Saharan Africa","Low income"
Mali,MLI,"Individuals using the Internet (% of population)",IT.NET.USER.ZS,2024,36.8014984100,"Sub-Saharan Africa","Low income"
Mali,MLI,"Mobile cellular subscriptions (per 100 people)",IT.CEL.SETS.P2,2000,0.0899536217,"Sub-Saharan Africa","Low income"
Mali,MLI,"Mobile cellular subscriptions (per 100 people)",IT.CEL.SETS.P2,2001,0.2014496450,"Sub-Saharan Africa","Low income"
Mali,MLI,"Mobile cellular subscriptions (per 100 people)",IT.CEL.SETS.P2,2002,0.3741358474,"Sub-Saharan Africa","Low income"
Mali,MLI,"Mobile cellular subscriptions (per 100 people)",IT.CEL.SETS.P2,2003,1.9489466064,"Sub-Saharan Africa","Low income"
Mali,MLI,"Mobile cellular subscriptions (per 100 people)",IT.CEL.SETS.P2,2004,3.1052381283,"Sub-Saharan Africa","Low income"
Mali,MLI,"Mobile cellular subscriptions (per 100 people)",IT.CEL.SETS.P2,2005,5.6282285815,"Sub-Saharan Africa","Low income"
Mali,MLI,"Mobile cellular subscriptions (per 100 people)",IT.CEL.SETS.P2,2006,10.8143886204,"Sub-Saharan Africa","Low income"
Mali,MLI,"Mobile cellular subscriptions (per 100 people)",IT.CEL.SETS.P2,2007,17.5053976148,"Sub-Saharan Africa","Low income"
Mali,MLI,"Mobile cellular subscriptions (per 100 people)",IT.CEL.SETS.P2,2008,23.0146454182,"Sub-Saharan Africa","Low income"
Mali,MLI,"Mobile cellular subscriptions (per 100 people)",IT.CEL.SETS.P2,2009,28.8978765173,"Sub-Saharan Africa","Low income"
Mali,MLI,"Mobile cellular subscriptions (per 100 people)",IT.CEL.SETS.P2,2010,46.6622176783,"Sub-Saharan Africa","Low income"
Mali,MLI,"Mobile cellular subscriptions (per 100 people)",IT.CEL.SETS.P2,2011,65.7107159011,"Sub-Saharan Africa","Low income"
Mali,MLI,"Mobile cellular subscriptions (per 100 people)",IT.CEL.SETS.P2,2012,86.1756593857,"Sub-Saharan Africa","Low income"
Mali,MLI,"Mobile cellular subscriptions (per 100 people)",IT.CEL.SETS.P2,2013,113.1145847145,"Sub-Saharan Africa","Low income"
Mali,MLI,"Mobile cellular subscriptions (per 100 people)",IT.CEL.SETS.P2,2014,130.4395711784,"Sub-Saharan Africa","Low income"
Mali,MLI,"Mobile cellular subscriptions (per 100 people)",IT.CEL.SETS.P2,2015,122.0829782270,"Sub-Saharan Africa","Low income"
Mali,MLI,"Mobile cellular subscriptions (per 100 people)",IT.CEL.SETS.P2,2016,105.3483015133,"Sub-Saharan Africa","Low income"
Mali,MLI,"Mobile cellular subscriptions (per 100 people)",IT.CEL.SETS.P2,2017,111.2103051878,"Sub-Saharan Africa","Low income"
Mali,MLI,"Mobile cellular subscriptions (per 100 people)",IT.CEL.SETS.P2,2018,107.4040347265,"Sub-Saharan Africa","Low income"
Mali,MLI,"Mobile cellular subscriptions (per 100 people)",IT.CEL.SETS.P2,2019,108.8145115874,"Sub-Saharan Africa","Low income"
Mali,MLI,"Mobile cellular subscriptions (per 100 people)",IT.CEL.SETS.P2,2020,116.5874053760,"Sub-Saharan Africa","Low income"
Mali,MLI,"Mobile cellular subscriptions (per 100 people)",IT.CEL.SETS.P2,2021,108.6931223572,"Sub-Saharan Africa","Low income"
Mali,MLI,"Mobile cellular subscriptions (per 100 people)",IT.CEL.SETS.P2,2022,112.1198527780,"Sub-Saharan Africa","Low income"
Mali,MLI,"Secure Internet servers (per 1 million people)",IT.NET.SECR.P6,2010,0.4390036424,"Sub-Saharan Africa","Low income"
Mali,MLI,"Secure Internet servers (per 1 million people)",IT.NET.SECR.P6,2011,0.4250397215,"Sub-Saharan Africa","Low income"
Mali,MLI,"Secure Internet servers (per 1 million people)",IT.NET.SECR.P6,2012,0.8256161323,"Sub-Saharan Africa","Low income"
Mali,MLI,"Secure Internet servers (per 1 million people)",IT.NET.SECR.P6,2013,0.9164005048,"Sub-Saharan Africa","Low income"
Mali,MLI,"Secure Internet servers (per 1 million people)",IT.NET.SECR.P6,2014,1.3873268359,"Sub-Saharan Africa","Low income"
Mali,MLI,"Secure Internet servers (per 1 million people)",IT.NET.SECR.P6,2015,2.0975611173,"Sub-Saharan Africa","Low income"
Mali,MLI,"Secure Internet servers (per 1 million people)",IT.NET.SECR.P6,2016,2.9700975271,"Sub-Saharan Africa","Low income"
Mali,MLI,"Secure Internet servers (per 1 million people)",IT.NET.SECR.P6,2017,7.1670075790,"Sub-Saharan Africa","Low income"
Mali,MLI,"Secure Internet servers (per 1 million people)",IT.NET.SECR.P6,2018,9.8326829576,"Sub-Saharan Africa","Low income"
Mali,MLI,"Secure Internet servers (per 1 million people)",IT.NET.SECR.P6,2019,9.6352808862,"Sub-Saharan Africa","Low income"
Mali,MLI,"Secure Internet servers (per 1 million people)",IT.NET.SECR.P6,2020,9.9936280259,"Sub-Saharan Africa","Low income"
Mali,MLI,"Secure Internet servers (per 1 million people)",IT.NET.SECR.P6,2021,11.9256962128,"Sub-Saharan Africa","Low income"
Mali,MLI,"Secure Internet servers (per 1 million people)",IT.NET.SECR.P6,2022,14.6927269701,"Sub-Saharan Africa","Low income"
Mali,MLI,"Secure Internet servers (per 1 million people)",IT.NET.SECR.P6,2023,14.0518412813,"Sub-Saharan Africa","Low income"
Mali,MLI,"Secure Internet servers (per 1 million people)",IT.NET.SECR.P6,2024,20.9979371774,"Sub-Saharan Africa","Low income"
Mauritania,MRT,"Fixed broadband subscriptions (per 100 people)",IT.NET.BBND.P2,2005,0.0055800173,"Sub-Saharan Africa","Lower middle income"
Mauritania,MRT,"Fixed broadband subscriptions (per 100 people)",IT.NET.BBND.P2,2006,0.0322863229,"Sub-Saharan Africa","Lower middle income"
Mauritania,MRT,"Fixed broadband subscriptions (per 100 people)",IT.NET.BBND.P2,2007,0.1293218138,"Sub-Saharan Africa","Lower middle income"
Mauritania,MRT,"Fixed broadband subscriptions (per 100 people)",IT.NET.BBND.P2,2008,0.1845901179,"Sub-Saharan Africa","Lower middle income"
Mauritania,MRT,"Fixed broadband subscriptions (per 100 people)",IT.NET.BBND.P2,2009,0.2062751488,"Sub-Saharan Africa","Lower middle income"
Mauritania,MRT,"Fixed broadband subscriptions (per 100 people)",IT.NET.BBND.P2,2010,0.1713081674,"Sub-Saharan Africa","Lower middle income"
Mauritania,MRT,"Fixed broadband subscriptions (per 100 people)",IT.NET.BBND.P2,2011,0.1747168203,"Sub-Saharan Africa","Lower middle income"
Mauritania,MRT,"Fixed broadband subscriptions (per 100 people)",IT.NET.BBND.P2,2012,0.1850493806,"Sub-Saharan Africa","Lower middle income"
Mauritania,MRT,"Fixed broadband subscriptions (per 100 people)",IT.NET.BBND.P2,2013,0.2016968025,"Sub-Saharan Africa","Lower middle income"
Mauritania,MRT,"Fixed broadband subscriptions (per 100 people)",IT.NET.BBND.P2,2014,0.2078724412,"Sub-Saharan Africa","Lower middle income"
Mauritania,MRT,"Fixed broadband subscriptions (per 100 people)",IT.NET.BBND.P2,2015,0.2430181452,"Sub-Saharan Africa","Lower middle income"
Mauritania,MRT,"Fixed broadband subscriptions (per 100 people)",IT.NET.BBND.P2,2016,0.2726189157,"Sub-Saharan Africa","Lower middle income"
Mauritania,MRT,"Fixed broadband subscriptions (per 100 people)",IT.NET.BBND.P2,2017,0.3001234978,"Sub-Saharan Africa","Lower middle income"
Mauritania,MRT,"Fixed broadband subscriptions (per 100 people)",IT.NET.BBND.P2,2018,0.3048630779,"Sub-Saharan Africa","Lower middle income"
Mauritania,MRT,"Fixed broadband subscriptions (per 100 people)",IT.NET.BBND.P2,2019,0.2420704307,"Sub-Saharan Africa","Lower middle income"
Mauritania,MRT,"Fixed broadband subscriptions (per 100 people)",IT.NET.BBND.P2,2020,0.4012277042,"Sub-Saharan Africa","Lower middle income"
Mauritania,MRT,"Fixed broadband subscriptions (per 100 people)",IT.NET.BBND.P2,2021,0.4059030927,"Sub-Saharan Africa","Lower middle income"
Mauritania,MRT,"Fixed broadband subscriptions (per 100 people)",IT.NET.BBND.P2,2022,0.4152277949,"Sub-Saharan Africa","Lower middle income"
Mauritania,MRT,"Fixed broadband subscriptions (per 100 people)",IT.NET.BBND.P2,2023,0.5904101213,"Sub-Saharan Africa","Lower middle income"
Mauritania,MRT,"Fixed broadband subscriptions (per 100 people)",IT.NET.BBND.P2,2024,0.9465130833,"Sub-Saharan Africa","Lower middle income"
Mauritania,MRT,"Individuals using the Internet (% of population)",IT.NET.USER.ZS,2000,0.1920314624,"Sub-Saharan Africa","Lower middle income"
Mauritania,MRT,"Individuals using the Internet (% of population)",IT.NET.USER.ZS,2001,0.2614485520,"Sub-Saharan Africa","Lower middle income"
Mauritania,MRT,"Individuals using the Internet (% of population)",IT.NET.USER.ZS,2002,0.3632294146,"Sub-Saharan Africa","Lower middle income"
Mauritania,MRT,"Individuals using the Internet (% of population)",IT.NET.USER.ZS,2003,0.4240048958,"Sub-Saharan Africa","Lower middle income"
Mauritania,MRT,"Individuals using the Internet (% of population)",IT.NET.USER.ZS,2004,0.4814704382,"Sub-Saharan Africa","Lower middle income"
Mauritania,MRT,"Individuals using the Internet (% of population)",IT.NET.USER.ZS,2005,0.6700000170,"Sub-Saharan Africa","Lower middle income"
Mauritania,MRT,"Individuals using the Internet (% of population)",IT.NET.USER.ZS,2006,0.9797000290,"Sub-Saharan Africa","Lower middle income"
Mauritania,MRT,"Individuals using the Internet (% of population)",IT.NET.USER.ZS,2007,1.4335999490,"Sub-Saharan Africa","Lower middle income"
Mauritania,MRT,"Individuals using the Internet (% of population)",IT.NET.USER.ZS,2008,1.8700000050,"Sub-Saharan Africa","Lower middle income"
Mauritania,MRT,"Individuals using the Internet (% of population)",IT.NET.USER.ZS,2009,2.2799999710,"Sub-Saharan Africa","Lower middle income"
Mauritania,MRT,"Individuals using the Internet (% of population)",IT.NET.USER.ZS,2010,4.0000000000,"Sub-Saharan Africa","Lower middle income"
Mauritania,MRT,"Individuals using the Internet (% of population)",IT.NET.USER.ZS,2011,4.5000000000,"Sub-Saharan Africa","Lower middle income"
Mauritania,MRT,"Individuals using the Internet (% of population)",IT.NET.USER.ZS,2012,5.0000000000,"Sub-Saharan Africa","Lower middle income"
Mauritania,MRT,"Individuals using the Internet (% of population)",IT.NET.USER.ZS,2013,6.1999998090,"Sub-Saharan Africa","Lower middle income"
Mauritania,MRT,"Individuals using the Internet (% of population)",IT.NET.USER.ZS,2014,11.8000001900,"Sub-Saharan Africa","Lower middle income"
Mauritania,MRT,"Individuals using the Internet (% of population)",IT.NET.USER.ZS,2015,17.6000003800,"Sub-Saharan Africa","Lower middle income"
Mauritania,MRT,"Individuals using the Internet (% of population)",IT.NET.USER.ZS,2016,19.2327995300,"Sub-Saharan Africa","Lower middle income"
Mauritania,MRT,"Individuals using the Internet (% of population)",IT.NET.USER.ZS,2017,21.0172004700,"Sub-Saharan Africa","Lower middle income"
Mauritania,MRT,"Individuals using the Internet (% of population)",IT.NET.USER.ZS,2018,22.9669990500,"Sub-Saharan Africa","Lower middle income"
Mauritania,MRT,"Individuals using the Internet (% of population)",IT.NET.USER.ZS,2019,25.0977993000,"Sub-Saharan Africa","Lower middle income"
Mauritania,MRT,"Individuals using the Internet (% of population)",IT.NET.USER.ZS,2020,29.9064998600,"Sub-Saharan Africa","Lower middle income"
Mauritania,MRT,"Individuals using the Internet (% of population)",IT.NET.USER.ZS,2021,35.6366004900,"Sub-Saharan Africa","Lower middle income"
Mauritania,MRT,"Individuals using the Internet (% of population)",IT.NET.USER.ZS,2022,42.4645004300,"Sub-Saharan Africa","Lower middle income"
Mauritania,MRT,"Individuals using the Internet (% of population)",IT.NET.USER.ZS,2023,44.9562988300,"Sub-Saharan Africa","Lower middle income"
Mauritania,MRT,"Individuals using the Internet (% of population)",IT.NET.USER.ZS,2024,45.7793998700,"Sub-Saharan Africa","Lower middle income"
Mauritania,MRT,"Mobile cellular subscriptions (per 100 people)",IT.CEL.SETS.P2,2000,0.5854350643,"Sub-Saharan Africa","Lower middle income"
Mauritania,MRT,"Mobile cellular subscriptions (per 100 people)",IT.CEL.SETS.P2,2001,4.1236616942,"Sub-Saharan Africa","Lower middle income"
Mauritania,MRT,"Mobile cellular subscriptions (per 100 people)",IT.CEL.SETS.P2,2002,9.0277161599,"Sub-Saharan Africa","Lower middle income"
Mauritania,MRT,"Mobile cellular subscriptions (per 100 people)",IT.CEL.SETS.P2,2003,12.5249192911,"Sub-Saharan Africa","Lower middle income"
Mauritania,MRT,"Mobile cellular subscriptions (per 100 people)",IT.CEL.SETS.P2,2004,18.2105677068,"Sub-Saharan Africa","Lower middle income"
Mauritania,MRT,"Mobile cellular subscriptions (per 100 people)",IT.CEL.SETS.P2,2005,25.3691742833,"Sub-Saharan Africa","Lower middle income"
Mauritania,MRT,"Mobile cellular subscriptions (per 100 people)",IT.CEL.SETS.P2,2006,35.1772263626,"Sub-Saharan Africa","Lower middle income"
Mauritania,MRT,"Mobile cellular subscriptions (per 100 people)",IT.CEL.SETS.P2,2007,45.7141942653,"Sub-Saharan Africa","Lower middle income"
Mauritania,MRT,"Mobile cellular subscriptions (per 100 people)",IT.CEL.SETS.P2,2008,65.7183543081,"Sub-Saharan Africa","Lower middle income"
Mauritania,MRT,"Mobile cellular subscriptions (per 100 people)",IT.CEL.SETS.P2,2009,66.4418800359,"Sub-Saharan Africa","Lower middle income"
Mauritania,MRT,"Mobile cellular subscriptions (per 100 people)",IT.CEL.SETS.P2,2010,81.8660764709,"Sub-Saharan Africa","Lower middle income"
Mauritania,MRT,"Mobile cellular subscriptions (per 100 people)",IT.CEL.SETS.P2,2011,94.6316258571,"Sub-Saharan Africa","Lower middle income"
Mauritania,MRT,"Mobile cellular subscriptions (per 100 people)",IT.CEL.SETS.P2,2012,111.2307317367,"Sub-Saharan Africa","Lower middle income"
Mauritania,MRT,"Mobile cellular subscriptions (per 100 people)",IT.CEL.SETS.P2,2013,106.7984836856,"Sub-Saharan Africa","Lower middle income"
Mauritania,MRT,"Mobile cellular subscriptions (per 100 people)",IT.CEL.SETS.P2,2014,97.5267336951,"Sub-Saharan Africa","Lower middle income"
Mauritania,MRT,"Mobile cellular subscriptions (per 100 people)",IT.CEL.SETS.P2,2015,91.8941169084,"Sub-Saharan Africa","Lower middle income"
Mauritania,MRT,"Mobile cellular subscriptions (per 100 people)",IT.CEL.SETS.P2,2016,88.4383494871,"Sub-Saharan Africa","Lower middle income"
Mauritania,MRT,"Mobile cellular subscriptions (per 100 people)",IT.CEL.SETS.P2,2017,96.7595354581,"Sub-Saharan Africa","Lower middle income"
Mauritania,MRT,"Mobile cellular subscriptions (per 100 people)",IT.CEL.SETS.P2,2018,105.2750948951,"Sub-Saharan Africa","Lower middle income"
Mauritania,MRT,"Mobile cellular subscriptions (per 100 people)",IT.CEL.SETS.P2,2019,105.4410897042,"Sub-Saharan Africa","Lower middle income"
Mauritania,MRT,"Mobile cellular subscriptions (per 100 people)",IT.CEL.SETS.P2,2020,126.2770342845,"Sub-Saharan Africa","Lower middle income"
Mauritania,MRT,"Mobile cellular subscriptions (per 100 people)",IT.CEL.SETS.P2,2021,137.5403231427,"Sub-Saharan Africa","Lower middle income"
Mauritania,MRT,"Mobile cellular subscriptions (per 100 people)",IT.CEL.SETS.P2,2022,109.8838982476,"Sub-Saharan Africa","Lower middle income"
Mauritania,MRT,"Mobile cellular subscriptions (per 100 people)",IT.CEL.SETS.P2,2023,90.7724948884,"Sub-Saharan Africa","Lower middle income"
Mauritania,MRT,"Mobile cellular subscriptions (per 100 people)",IT.CEL.SETS.P2,2024,92.0748946443,"Sub-Saharan Africa","Lower middle income"
Mauritania,MRT,"Secure Internet servers (per 1 million people)",IT.NET.SECR.P6,2010,1.7694078234,"Sub-Saharan Africa","Lower middle income"
Mauritania,MRT,"Secure Internet servers (per 1 million people)",IT.NET.SECR.P6,2011,1.1419400019,"Sub-Saharan Africa","Lower middle income"
Mauritania,MRT,"Secure Internet servers (per 1 million people)",IT.NET.SECR.P6,2012,0.2763168293,"Sub-Saharan Africa","Lower middle income"
Mauritania,MRT,"Secure Internet servers (per 1 million people)",IT.NET.SECR.P6,2013,0.5355730283,"Sub-Saharan Africa","Lower middle income"
Mauritania,MRT,"Secure Internet servers (per 1 million people)",IT.NET.SECR.P6,2014,0.2598405514,"Sub-Saharan Africa","Lower middle income"
Mauritania,MRT,"Secure Internet servers (per 1 million people)",IT.NET.SECR.P6,2015,3.5300415360,"Sub-Saharan Africa","Lower middle income"
Mauritania,MRT,"Secure Internet servers (per 1 million people)",IT.NET.SECR.P6,2016,3.4257829811,"Sub-Saharan Africa","Lower middle income"
Mauritania,MRT,"Secure Internet servers (per 1 million people)",IT.NET.SECR.P6,2017,4.2749251888,"Sub-Saharan Africa","Lower middle income"
Mauritania,MRT,"Secure Internet servers (per 1 million people)",IT.NET.SECR.P6,2018,5.5329052248,"Sub-Saharan Africa","Lower middle income"
Mauritania,MRT,"Secure Internet servers (per 1 million people)",IT.NET.SECR.P6,2019,7.3863376926,"Sub-Saharan Africa","Lower middle income"
Mauritania,MRT,"Secure Internet servers (per 1 million people)",IT.NET.SECR.P6,2020,14.1300323839,"Sub-Saharan Africa","Lower middle income"
Mauritania,MRT,"Secure Internet servers (per 1 million people)",IT.NET.SECR.P6,2021,13.7279260230,"Sub-Saharan Africa","Lower middle income"
Mauritania,MRT,"Secure Internet servers (per 1 million people)",IT.NET.SECR.P6,2022,25.2274728410,"Sub-Saharan Africa","Lower middle income"
Mauritania,MRT,"Secure Internet servers (per 1 million people)",IT.NET.SECR.P6,2023,34.6445085169,"Sub-Saharan Africa","Lower middle income"
Mauritania,MRT,"Secure Internet servers (per 1 million people)",IT.NET.SECR.P6,2024,52.2304834512,"Sub-Saharan Africa","Lower middle income"
Mauritius,MUS,"Fixed broadband subscriptions (per 100 people)",IT.NET.BBND.P2,2002,0.0230940332,"Sub-Saharan Africa","Upper middle income"
Mauritius,MUS,"Fixed broadband subscriptions (per 100 people)",IT.NET.BBND.P2,2003,0.0953225145,"Sub-Saharan Africa","Upper middle income"
Mauritius,MUS,"Fixed broadband subscriptions (per 100 people)",IT.NET.BBND.P2,2004,0.2051528245,"Sub-Saharan Africa","Upper middle income"
Mauritius,MUS,"Fixed broadband subscriptions (per 100 people)",IT.NET.BBND.P2,2005,0.4293617241,"Sub-Saharan Africa","Upper middle income"
Mauritius,MUS,"Fixed broadband subscriptions (per 100 people)",IT.NET.BBND.P2,2006,2.2072653411,"Sub-Saharan Africa","Upper middle income"
Mauritius,MUS,"Fixed broadband subscriptions (per 100 people)",IT.NET.BBND.P2,2007,2.7673494980,"Sub-Saharan Africa","Upper middle income"
Mauritius,MUS,"Fixed broadband subscriptions (per 100 people)",IT.NET.BBND.P2,2008,4.1196891659,"Sub-Saharan Africa","Upper middle income"
Mauritius,MUS,"Fixed broadband subscriptions (per 100 people)",IT.NET.BBND.P2,2009,5.6979355295,"Sub-Saharan Africa","Upper middle income"
Mauritius,MUS,"Fixed broadband subscriptions (per 100 people)",IT.NET.BBND.P2,2010,7.3221595857,"Sub-Saharan Africa","Upper middle income"
Mauritius,MUS,"Fixed broadband subscriptions (per 100 people)",IT.NET.BBND.P2,2011,9.1921039722,"Sub-Saharan Africa","Upper middle income"
Mauritius,MUS,"Fixed broadband subscriptions (per 100 people)",IT.NET.BBND.P2,2012,10.9217558584,"Sub-Saharan Africa","Upper middle income"
Mauritius,MUS,"Fixed broadband subscriptions (per 100 people)",IT.NET.BBND.P2,2013,12.5795517218,"Sub-Saharan Africa","Upper middle income"
Mauritius,MUS,"Fixed broadband subscriptions (per 100 people)",IT.NET.BBND.P2,2014,14.0866327917,"Sub-Saharan Africa","Upper middle income"
Mauritius,MUS,"Fixed broadband subscriptions (per 100 people)",IT.NET.BBND.P2,2015,15.2753864309,"Sub-Saharan Africa","Upper middle income"
Mauritius,MUS,"Fixed broadband subscriptions (per 100 people)",IT.NET.BBND.P2,2016,16.4576177637,"Sub-Saharan Africa","Upper middle income"
Mauritius,MUS,"Fixed broadband subscriptions (per 100 people)",IT.NET.BBND.P2,2017,19.0600896444,"Sub-Saharan Africa","Upper middle income"
Mauritius,MUS,"Fixed broadband subscriptions (per 100 people)",IT.NET.BBND.P2,2018,21.3138552473,"Sub-Saharan Africa","Upper middle income"
Mauritius,MUS,"Fixed broadband subscriptions (per 100 people)",IT.NET.BBND.P2,2019,23.8830105654,"Sub-Saharan Africa","Upper middle income"
Mauritius,MUS,"Fixed broadband subscriptions (per 100 people)",IT.NET.BBND.P2,2020,25.1865809762,"Sub-Saharan Africa","Upper middle income"
Mauritius,MUS,"Fixed broadband subscriptions (per 100 people)",IT.NET.BBND.P2,2021,25.7028828022,"Sub-Saharan Africa","Upper middle income"
Mauritius,MUS,"Fixed broadband subscriptions (per 100 people)",IT.NET.BBND.P2,2022,26.1963906499,"Sub-Saharan Africa","Upper middle income"
Mauritius,MUS,"Fixed broadband subscriptions (per 100 people)",IT.NET.BBND.P2,2023,26.9082309193,"Sub-Saharan Africa","Upper middle income"
Mauritius,MUS,"Fixed broadband subscriptions (per 100 people)",IT.NET.BBND.P2,2024,27.9742504734,"Sub-Saharan Africa","Upper middle income"
Mauritius,MUS,"Individuals using the Internet (% of population)",IT.NET.USER.ZS,2000,7.2815351150,"Sub-Saharan Africa","Upper middle income"
Mauritius,MUS,"Individuals using the Internet (% of population)",IT.NET.USER.ZS,2001,8.7809040189,"Sub-Saharan Africa","Upper middle income"
Mauritius,MUS,"Individuals using the Internet (% of population)",IT.NET.USER.ZS,2002,10.2526246719,"Sub-Saharan Africa","Upper middle income"
Mauritius,MUS,"Individuals using the Internet (% of population)",IT.NET.USER.ZS,2003,12.1871062041,"Sub-Saharan Africa","Upper middle income"
Mauritius,MUS,"Individuals using the Internet (% of population)",IT.NET.USER.ZS,2004,13.6890885885,"Sub-Saharan Africa","Upper middle income"
Mauritius,MUS,"Individuals using the Internet (% of population)",IT.NET.USER.ZS,2005,15.1722002000,"Sub-Saharan Africa","Upper middle income"
Mauritius,MUS,"Individuals using the Internet (% of population)",IT.NET.USER.ZS,2006,16.7000000000,"Sub-Saharan Africa","Upper middle income"
Mauritius,MUS,"Individuals using the Internet (% of population)",IT.NET.USER.ZS,2007,20.2200000000,"Sub-Saharan Africa","Upper middle income"
Mauritius,MUS,"Individuals using the Internet (% of population)",IT.NET.USER.ZS,2008,21.8100000000,"Sub-Saharan Africa","Upper middle income"
Mauritius,MUS,"Individuals using the Internet (% of population)",IT.NET.USER.ZS,2009,22.5100000000,"Sub-Saharan Africa","Upper middle income"
Mauritius,MUS,"Individuals using the Internet (% of population)",IT.NET.USER.ZS,2010,28.3300000000,"Sub-Saharan Africa","Upper middle income"
Mauritius,MUS,"Individuals using the Internet (% of population)",IT.NET.USER.ZS,2011,34.9500007600,"Sub-Saharan Africa","Upper middle income"
Mauritius,MUS,"Individuals using the Internet (% of population)",IT.NET.USER.ZS,2012,35.4200000000,"Sub-Saharan Africa","Upper middle income"
Mauritius,MUS,"Individuals using the Internet (% of population)",IT.NET.USER.ZS,2013,40.1168251350,"Sub-Saharan Africa","Upper middle income"
Mauritius,MUS,"Individuals using the Internet (% of population)",IT.NET.USER.ZS,2014,44.8032753683,"Sub-Saharan Africa","Upper middle income"
Mauritius,MUS,"Individuals using the Internet (% of population)",IT.NET.USER.ZS,2015,50.1393184767,"Sub-Saharan Africa","Upper middle income"
Mauritius,MUS,"Individuals using the Internet (% of population)",IT.NET.USER.ZS,2016,52.1912994400,"Sub-Saharan Africa","Upper middle income"
Mauritius,MUS,"Individuals using the Internet (% of population)",IT.NET.USER.ZS,2017,55.4032403003,"Sub-Saharan Africa","Upper middle income"
Mauritius,MUS,"Individuals using the Internet (% of population)",IT.NET.USER.ZS,2018,58.5961697043,"Sub-Saharan Africa","Upper middle income"
Mauritius,MUS,"Individuals using the Internet (% of population)",IT.NET.USER.ZS,2019,61.7299551453,"Sub-Saharan Africa","Upper middle income"
Mauritius,MUS,"Individuals using the Internet (% of population)",IT.NET.USER.ZS,2020,67.7329068400,"Sub-Saharan Africa","Upper middle income"
Mauritius,MUS,"Individuals using the Internet (% of population)",IT.NET.USER.ZS,2021,71.5999984700,"Sub-Saharan Africa","Upper middle income"
Mauritius,MUS,"Individuals using the Internet (% of population)",IT.NET.USER.ZS,2022,75.5000000000,"Sub-Saharan Africa","Upper middle income"
Mauritius,MUS,"Individuals using the Internet (% of population)",IT.NET.USER.ZS,2023,79.5000000000,"Sub-Saharan Africa","Upper middle income"
Mauritius,MUS,"Individuals using the Internet (% of population)",IT.NET.USER.ZS,2024,73.3079353300,"Sub-Saharan Africa","Upper middle income"
Mauritius,MUS,"Mobile cellular subscriptions (per 100 people)",IT.CEL.SETS.P2,2000,14.7949785843,"Sub-Saharan Africa","Upper middle income"
Mauritius,MUS,"Mobile cellular subscriptions (per 100 people)",IT.CEL.SETS.P2,2001,22.2235093624,"Sub-Saharan Africa","Upper middle income"
Mauritius,MUS,"Mobile cellular subscriptions (per 100 people)",IT.CEL.SETS.P2,2002,28.1611072171,"Sub-Saharan Africa","Upper middle income"
Mauritius,MUS,"Mobile cellular subscriptions (per 100 people)",IT.CEL.SETS.P2,2003,37.2277089024,"Sub-Saharan Africa","Upper middle income"
Mauritius,MUS,"Mobile cellular subscriptions (per 100 people)",IT.CEL.SETS.P2,2004,43.8266122580,"Sub-Saharan Africa","Upper middle income"
Mauritius,MUS,"Mobile cellular subscriptions (per 100 people)",IT.CEL.SETS.P2,2005,52.2446836858,"Sub-Saharan Africa","Upper middle income"
Mauritius,MUS,"Mobile cellular subscriptions (per 100 people)",IT.CEL.SETS.P2,2006,61.1177886042,"Sub-Saharan Africa","Upper middle income"
Mauritius,MUS,"Mobile cellular subscriptions (per 100 people)",IT.CEL.SETS.P2,2007,73.1476040513,"Sub-Saharan Africa","Upper middle income"
Mauritius,MUS,"Mobile cellular subscriptions (per 100 people)",IT.CEL.SETS.P2,2008,81.0663444829,"Sub-Saharan Africa","Upper middle income"
Mauritius,MUS,"Mobile cellular subscriptions (per 100 people)",IT.CEL.SETS.P2,2009,84.9704293761,"Sub-Saharan Africa","Upper middle income"
Mauritius,MUS,"Mobile cellular subscriptions (per 100 people)",IT.CEL.SETS.P2,2010,92.8425699048,"Sub-Saharan Africa","Upper middle income"
Mauritius,MUS,"Mobile cellular subscriptions (per 100 people)",IT.CEL.SETS.P2,2011,100.6089715432,"Sub-Saharan Africa","Upper middle income"
Mauritius,MUS,"Mobile cellular subscriptions (per 100 people)",IT.CEL.SETS.P2,2012,115.2524492503,"Sub-Saharan Africa","Upper middle income"
Mauritius,MUS,"Mobile cellular subscriptions (per 100 people)",IT.CEL.SETS.P2,2013,118.7931066535,"Sub-Saharan Africa","Upper middle income"
Mauritius,MUS,"Mobile cellular subscriptions (per 100 people)",IT.CEL.SETS.P2,2014,127.8632822628,"Sub-Saharan Africa","Upper middle income"
Mauritius,MUS,"Mobile cellular subscriptions (per 100 people)",IT.CEL.SETS.P2,2015,136.3719022654,"Sub-Saharan Africa","Upper middle income"
Mauritius,MUS,"Mobile cellular subscriptions (per 100 people)",IT.CEL.SETS.P2,2016,140.4238881625,"Sub-Saharan Africa","Upper middle income"
Mauritius,MUS,"Mobile cellular subscriptions (per 100 people)",IT.CEL.SETS.P2,2017,142.5245321174,"Sub-Saharan Africa","Upper middle income"
Mauritius,MUS,"Mobile cellular subscriptions (per 100 people)",IT.CEL.SETS.P2,2018,148.8167978318,"Sub-Saharan Africa","Upper middle income"
Mauritius,MUS,"Mobile cellular subscriptions (per 100 people)",IT.CEL.SETS.P2,2019,145.1172770880,"Sub-Saharan Africa","Upper middle income"
Mauritius,MUS,"Mobile cellular subscriptions (per 100 people)",IT.CEL.SETS.P2,2020,149.0699590017,"Sub-Saharan Africa","Upper middle income"
Mauritius,MUS,"Mobile cellular subscriptions (per 100 people)",IT.CEL.SETS.P2,2021,154.0531859774,"Sub-Saharan Africa","Upper middle income"
Mauritius,MUS,"Mobile cellular subscriptions (per 100 people)",IT.CEL.SETS.P2,2022,164.3092788352,"Sub-Saharan Africa","Upper middle income"
Mauritius,MUS,"Mobile cellular subscriptions (per 100 people)",IT.CEL.SETS.P2,2023,165.2575244113,"Sub-Saharan Africa","Upper middle income"
Mauritius,MUS,"Mobile cellular subscriptions (per 100 people)",IT.CEL.SETS.P2,2024,172.6835692186,"Sub-Saharan Africa","Upper middle income"
Mauritius,MUS,"Secure Internet servers (per 1 million people)",IT.NET.SECR.P6,2010,30.3902751120,"Sub-Saharan Africa","Upper middle income"
Mauritius,MUS,"Secure Internet servers (per 1 million people)",IT.NET.SECR.P6,2011,43.9155416303,"Sub-Saharan Africa","Upper middle income"
Mauritius,MUS,"Secure Internet servers (per 1 million people)",IT.NET.SECR.P6,2012,96.3466312918,"Sub-Saharan Africa","Upper middle income"
Mauritius,MUS,"Secure Internet servers (per 1 million people)",IT.NET.SECR.P6,2013,126.2980299890,"Sub-Saharan Africa","Upper middle income"
Mauritius,MUS,"Secure Internet servers (per 1 million people)",IT.NET.SECR.P6,2014,189.5008594934,"Sub-Saharan Africa","Upper middle income"
Mauritius,MUS,"Secure Internet servers (per 1 million people)",IT.NET.SECR.P6,2015,234.3850836066,"Sub-Saharan Africa","Upper middle income"
Mauritius,MUS,"Secure Internet servers (per 1 million people)",IT.NET.SECR.P6,2016,321.2668358461,"Sub-Saharan Africa","Upper middle income"
Mauritius,MUS,"Secure Internet servers (per 1 million people)",IT.NET.SECR.P6,2017,379.4805385778,"Sub-Saharan Africa","Upper middle income"
Mauritius,MUS,"Secure Internet servers (per 1 million people)",IT.NET.SECR.P6,2018,7843.0628875209,"Sub-Saharan Africa","Upper middle income"
Mauritius,MUS,"Secure Internet servers (per 1 million people)",IT.NET.SECR.P6,2019,515.0140009558,"Sub-Saharan Africa","Upper middle income"
Mauritius,MUS,"Secure Internet servers (per 1 million people)",IT.NET.SECR.P6,2020,914.6818281630,"Sub-Saharan Africa","Upper middle income"
Mauritius,MUS,"Secure Internet servers (per 1 million people)",IT.NET.SECR.P6,2021,1966.3058877042,"Sub-Saharan Africa","Upper middle income"
Mauritius,MUS,"Secure Internet servers (per 1 million people)",IT.NET.SECR.P6,2022,1688.6821071775,"Sub-Saharan Africa","Upper middle income"
Mauritius,MUS,"Secure Internet servers (per 1 million people)",IT.NET.SECR.P6,2023,2490.6959292738,"Sub-Saharan Africa","Upper middle income"
Mauritius,MUS,"Secure Internet servers (per 1 million people)",IT.NET.SECR.P6,2024,2157.6860743358,"Sub-Saharan Africa","Upper middle income"
Mozambique,MOZ,"Fixed broadband subscriptions (per 100 people)",IT.NET.BBND.P2,2006,0.0105883042,"Sub-Saharan Africa","Low income"
Mozambique,MOZ,"Fixed broadband subscriptions (per 100 people)",IT.NET.BBND.P2,2007,0.0299093817,"Sub-Saharan Africa","Low income"
Mozambique,MOZ,"Fixed broadband subscriptions (per 100 people)",IT.NET.BBND.P2,2008,0.0510334187,"Sub-Saharan Africa","Low income"
Mozambique,MOZ,"Fixed broadband subscriptions (per 100 people)",IT.NET.BBND.P2,2009,0.0613976267,"Sub-Saharan Africa","Low income"
Mozambique,MOZ,"Fixed broadband subscriptions (per 100 people)",IT.NET.BBND.P2,2010,0.0753198965,"Sub-Saharan Africa","Low income"
Mozambique,MOZ,"Fixed broadband subscriptions (per 100 people)",IT.NET.BBND.P2,2011,0.1199795053,"Sub-Saharan Africa","Low income"
Mozambique,MOZ,"Fixed broadband subscriptions (per 100 people)",IT.NET.BBND.P2,2012,0.1209556507,"Sub-Saharan Africa","Low income"
Mozambique,MOZ,"Fixed broadband subscriptions (per 100 people)",IT.NET.BBND.P2,2013,0.1151702380,"Sub-Saharan Africa","Low income"
Mozambique,MOZ,"Fixed broadband subscriptions (per 100 people)",IT.NET.BBND.P2,2014,0.1434167782,"Sub-Saharan Africa","Low income"
Mozambique,MOZ,"Fixed broadband subscriptions (per 100 people)",IT.NET.BBND.P2,2015,0.1603536474,"Sub-Saharan Africa","Low income"
Mozambique,MOZ,"Fixed broadband subscriptions (per 100 people)",IT.NET.BBND.P2,2016,0.1704606249,"Sub-Saharan Africa","Low income"
Mozambique,MOZ,"Fixed broadband subscriptions (per 100 people)",IT.NET.BBND.P2,2017,0.2188459133,"Sub-Saharan Africa","Low income"
Mozambique,MOZ,"Fixed broadband subscriptions (per 100 people)",IT.NET.BBND.P2,2018,0.2417135687,"Sub-Saharan Africa","Low income"
Mozambique,MOZ,"Fixed broadband subscriptions (per 100 people)",IT.NET.BBND.P2,2019,0.2341524234,"Sub-Saharan Africa","Low income"
Mozambique,MOZ,"Fixed broadband subscriptions (per 100 people)",IT.NET.BBND.P2,2020,0.2273931571,"Sub-Saharan Africa","Low income"
Mozambique,MOZ,"Fixed broadband subscriptions (per 100 people)",IT.NET.BBND.P2,2021,0.2065580078,"Sub-Saharan Africa","Low income"
Mozambique,MOZ,"Fixed broadband subscriptions (per 100 people)",IT.NET.BBND.P2,2022,0.1977845218,"Sub-Saharan Africa","Low income"
Mozambique,MOZ,"Fixed broadband subscriptions (per 100 people)",IT.NET.BBND.P2,2023,0.1490018183,"Sub-Saharan Africa","Low income"
Mozambique,MOZ,"Fixed broadband subscriptions (per 100 people)",IT.NET.BBND.P2,2024,0.1419996890,"Sub-Saharan Africa","Low income"
Mozambique,MOZ,"Individuals using the Internet (% of population)",IT.NET.USER.ZS,2000,0.1095925300,"Sub-Saharan Africa","Low income"
Mozambique,MOZ,"Individuals using the Internet (% of population)",IT.NET.USER.ZS,2001,0.1600319466,"Sub-Saharan Africa","Low income"
Mozambique,MOZ,"Individuals using the Internet (% of population)",IT.NET.USER.ZS,2002,0.2596126113,"Sub-Saharan Africa","Low income"
Mozambique,MOZ,"Individuals using the Internet (% of population)",IT.NET.USER.ZS,2003,0.4195388439,"Sub-Saharan Africa","Low income"
Mozambique,MOZ,"Individuals using the Internet (% of population)",IT.NET.USER.ZS,2004,0.6794478354,"Sub-Saharan Africa","Low income"
Mozambique,MOZ,"Individuals using the Internet (% of population)",IT.NET.USER.ZS,2005,0.8543999790,"Sub-Saharan Africa","Low income"
Mozambique,MOZ,"Individuals using the Internet (% of population)",IT.NET.USER.ZS,2006,0.8429544880,"Sub-Saharan Africa","Low income"
Mozambique,MOZ,"Individuals using the Internet (% of population)",IT.NET.USER.ZS,2007,0.9100000000,"Sub-Saharan Africa","Low income"
Mozambique,MOZ,"Individuals using the Internet (% of population)",IT.NET.USER.ZS,2008,1.5600000000,"Sub-Saharan Africa","Low income"
Mozambique,MOZ,"Individuals using the Internet (% of population)",IT.NET.USER.ZS,2009,2.6800000000,"Sub-Saharan Africa","Low income"
Mozambique,MOZ,"Individuals using the Internet (% of population)",IT.NET.USER.ZS,2010,4.1700000000,"Sub-Saharan Africa","Low income"
Mozambique,MOZ,"Individuals using the Internet (% of population)",IT.NET.USER.ZS,2011,4.5999999050,"Sub-Saharan Africa","Low income"
Mozambique,MOZ,"Individuals using the Internet (% of population)",IT.NET.USER.ZS,2012,5.0000000000,"Sub-Saharan Africa","Low income"
Mozambique,MOZ,"Individuals using the Internet (% of population)",IT.NET.USER.ZS,2013,5.5000000000,"Sub-Saharan Africa","Low income"
Mozambique,MOZ,"Individuals using the Internet (% of population)",IT.NET.USER.ZS,2014,6.0000000000,"Sub-Saharan Africa","Low income"
Mozambique,MOZ,"Individuals using the Internet (% of population)",IT.NET.USER.ZS,2015,6.5000000000,"Sub-Saharan Africa","Low income"
Mozambique,MOZ,"Individuals using the Internet (% of population)",IT.NET.USER.ZS,2016,7.0000000000,"Sub-Saharan Africa","Low income"
Mozambique,MOZ,"Individuals using the Internet (% of population)",IT.NET.USER.ZS,2017,7.7963266079,"Sub-Saharan Africa","Low income"
Mozambique,MOZ,"Individuals using the Internet (% of population)",IT.NET.USER.ZS,2018,10.8999996200,"Sub-Saharan Africa","Low income"
Mozambique,MOZ,"Individuals using the Internet (% of population)",IT.NET.USER.ZS,2019,12.4792995500,"Sub-Saharan Africa","Low income"
Mozambique,MOZ,"Individuals using the Internet (% of population)",IT.NET.USER.ZS,2020,14.2874002500,"Sub-Saharan Africa","Low income"
Mozambique,MOZ,"Individuals using the Internet (% of population)",IT.NET.USER.ZS,2021,16.3575992600,"Sub-Saharan Africa","Low income"
Mozambique,MOZ,"Individuals using the Internet (% of population)",IT.NET.USER.ZS,2022,18.9622001600,"Sub-Saharan Africa","Low income"
Mozambique,MOZ,"Individuals using the Internet (% of population)",IT.NET.USER.ZS,2023,19.9456005100,"Sub-Saharan Africa","Low income"
Mozambique,MOZ,"Individuals using the Internet (% of population)",IT.NET.USER.ZS,2024,20.5272998800,"Sub-Saharan Africa","Low income"
Mozambique,MOZ,"Mobile cellular subscriptions (per 100 people)",IT.CEL.SETS.P2,2000,0.2816656226,"Sub-Saharan Africa","Low income"
Mozambique,MOZ,"Mobile cellular subscriptions (per 100 people)",IT.CEL.SETS.P2,2001,0.8234665638,"Sub-Saharan Africa","Low income"
Mozambique,MOZ,"Mobile cellular subscriptions (per 100 people)",IT.CEL.SETS.P2,2002,1.3437834055,"Sub-Saharan Africa","Low income"
Mozambique,MOZ,"Mobile cellular subscriptions (per 100 people)",IT.CEL.SETS.P2,2003,2.2470417005,"Sub-Saharan Africa","Low income"
Mozambique,MOZ,"Mobile cellular subscriptions (per 100 people)",IT.CEL.SETS.P2,2004,3.5684920898,"Sub-Saharan Africa","Low income"
Mozambique,MOZ,"Mobile cellular subscriptions (per 100 people)",IT.CEL.SETS.P2,2005,7.4069191028,"Sub-Saharan Africa","Low income"
Mozambique,MOZ,"Mobile cellular subscriptions (per 100 people)",IT.CEL.SETS.P2,2006,11.2537028397,"Sub-Saharan Africa","Low income"
Mozambique,MOZ,"Mobile cellular subscriptions (per 100 people)",IT.CEL.SETS.P2,2007,14.4674737236,"Sub-Saharan Africa","Low income"
Mozambique,MOZ,"Mobile cellular subscriptions (per 100 people)",IT.CEL.SETS.P2,2008,20.1888204410,"Sub-Saharan Africa","Low income"
Mozambique,MOZ,"Mobile cellular subscriptions (per 100 people)",IT.CEL.SETS.P2,2009,26.6650991247,"Sub-Saharan Africa","Low income"
Mozambique,MOZ,"Mobile cellular subscriptions (per 100 people)",IT.CEL.SETS.P2,2010,31.4105056103,"Sub-Saharan Africa","Low income"
Mozambique,MOZ,"Mobile cellular subscriptions (per 100 people)",IT.CEL.SETS.P2,2011,33.2163391502,"Sub-Saharan Africa","Low income"
Mozambique,MOZ,"Mobile cellular subscriptions (per 100 people)",IT.CEL.SETS.P2,2012,36.1781646576,"Sub-Saharan Africa","Low income"
Mozambique,MOZ,"Mobile cellular subscriptions (per 100 people)",IT.CEL.SETS.P2,2013,49.5029641008,"Sub-Saharan Africa","Low income"
Mozambique,MOZ,"Mobile cellular subscriptions (per 100 people)",IT.CEL.SETS.P2,2014,71.6701472266,"Sub-Saharan Africa","Low income"
Mozambique,MOZ,"Mobile cellular subscriptions (per 100 people)",IT.CEL.SETS.P2,2015,75.8447213176,"Sub-Saharan Africa","Low income"
Mozambique,MOZ,"Mobile cellular subscriptions (per 100 people)",IT.CEL.SETS.P2,2016,54.9641156223,"Sub-Saharan Africa","Low income"
Mozambique,MOZ,"Mobile cellular subscriptions (per 100 people)",IT.CEL.SETS.P2,2017,42.1619694080,"Sub-Saharan Africa","Low income"
Mozambique,MOZ,"Mobile cellular subscriptions (per 100 people)",IT.CEL.SETS.P2,2018,48.5007087168,"Sub-Saharan Africa","Low income"
Mozambique,MOZ,"Mobile cellular subscriptions (per 100 people)",IT.CEL.SETS.P2,2019,49.4350694242,"Sub-Saharan Africa","Low income"
Mozambique,MOZ,"Mobile cellular subscriptions (per 100 people)",IT.CEL.SETS.P2,2020,50.2318825477,"Sub-Saharan Africa","Low income"
Mozambique,MOZ,"Mobile cellular subscriptions (per 100 people)",IT.CEL.SETS.P2,2021,43.1636190464,"Sub-Saharan Africa","Low income"
Mozambique,MOZ,"Mobile cellular subscriptions (per 100 people)",IT.CEL.SETS.P2,2022,45.8178199662,"Sub-Saharan Africa","Low income"
Mozambique,MOZ,"Mobile cellular subscriptions (per 100 people)",IT.CEL.SETS.P2,2023,47.5003032541,"Sub-Saharan Africa","Low income"
Mozambique,MOZ,"Mobile cellular subscriptions (per 100 people)",IT.CEL.SETS.P2,2024,49.5047696961,"Sub-Saharan Africa","Low income"
Mozambique,MOZ,"Secure Internet servers (per 1 million people)",IT.NET.SECR.P6,2010,0.7826347268,"Sub-Saharan Africa","Low income"
Mozambique,MOZ,"Secure Internet servers (per 1 million people)",IT.NET.SECR.P6,2011,1.2685504895,"Sub-Saharan Africa","Low income"
Mozambique,MOZ,"Secure Internet servers (per 1 million people)",IT.NET.SECR.P6,2012,1.8489721728,"Sub-Saharan Africa","Low income"
Mozambique,MOZ,"Secure Internet servers (per 1 million people)",IT.NET.SECR.P6,2013,2.4349731440,"Sub-Saharan Africa","Low income"
Mozambique,MOZ,"Secure Internet servers (per 1 million people)",IT.NET.SECR.P6,2014,3.5287080760,"Sub-Saharan Africa","Low income"
Mozambique,MOZ,"Secure Internet servers (per 1 million people)",IT.NET.SECR.P6,2015,4.8968696648,"Sub-Saharan Africa","Low income"
Mozambique,MOZ,"Secure Internet servers (per 1 million people)",IT.NET.SECR.P6,2016,5.7796902781,"Sub-Saharan Africa","Low income"
Mozambique,MOZ,"Secure Internet servers (per 1 million people)",IT.NET.SECR.P6,2017,7.8817333835,"Sub-Saharan Africa","Low income"
Mozambique,MOZ,"Secure Internet servers (per 1 million people)",IT.NET.SECR.P6,2018,12.0267508020,"Sub-Saharan Africa","Low income"
Mozambique,MOZ,"Secure Internet servers (per 1 million people)",IT.NET.SECR.P6,2019,20.8470110472,"Sub-Saharan Africa","Low income"
Mozambique,MOZ,"Secure Internet servers (per 1 million people)",IT.NET.SECR.P6,2020,29.8209883104,"Sub-Saharan Africa","Low income"
Mozambique,MOZ,"Secure Internet servers (per 1 million people)",IT.NET.SECR.P6,2021,32.2002787958,"Sub-Saharan Africa","Low income"
Mozambique,MOZ,"Secure Internet servers (per 1 million people)",IT.NET.SECR.P6,2022,33.4698605590,"Sub-Saharan Africa","Low income"
Mozambique,MOZ,"Secure Internet servers (per 1 million people)",IT.NET.SECR.P6,2023,37.1040304253,"Sub-Saharan Africa","Low income"
Mozambique,MOZ,"Secure Internet servers (per 1 million people)",IT.NET.SECR.P6,2024,37.1624132595,"Sub-Saharan Africa","Low income"
Namibia,NAM,"Fixed broadband subscriptions (per 100 people)",IT.NET.BBND.P2,2005,0.0068138527,"Sub-Saharan Africa","Lower middle income"
Namibia,NAM,"Fixed broadband subscriptions (per 100 people)",IT.NET.BBND.P2,2006,0.0099403179,"Sub-Saharan Africa","Lower middle income"
Namibia,NAM,"Fixed broadband subscriptions (per 100 people)",IT.NET.BBND.P2,2007,0.0126820569,"Sub-Saharan Africa","Lower middle income"
Namibia,NAM,"Fixed broadband subscriptions (per 100 people)",IT.NET.BBND.P2,2008,0.0156322055,"Sub-Saharan Africa","Lower middle income"
Namibia,NAM,"Fixed broadband subscriptions (per 100 people)",IT.NET.BBND.P2,2009,0.0229614604,"Sub-Saharan Africa","Lower middle income"
Namibia,NAM,"Fixed broadband subscriptions (per 100 people)",IT.NET.BBND.P2,2010,0.4471964550,"Sub-Saharan Africa","Lower middle income"
Namibia,NAM,"Fixed broadband subscriptions (per 100 people)",IT.NET.BBND.P2,2011,0.8204722025,"Sub-Saharan Africa","Lower middle income"
Namibia,NAM,"Fixed broadband subscriptions (per 100 people)",IT.NET.BBND.P2,2012,1.0959814167,"Sub-Saharan Africa","Lower middle income"
Namibia,NAM,"Fixed broadband subscriptions (per 100 people)",IT.NET.BBND.P2,2013,1.5866758298,"Sub-Saharan Africa","Lower middle income"
Namibia,NAM,"Fixed broadband subscriptions (per 100 people)",IT.NET.BBND.P2,2014,1.7824187906,"Sub-Saharan Africa","Lower middle income"
Namibia,NAM,"Fixed broadband subscriptions (per 100 people)",IT.NET.BBND.P2,2015,2.9654213874,"Sub-Saharan Africa","Lower middle income"
Namibia,NAM,"Fixed broadband subscriptions (per 100 people)",IT.NET.BBND.P2,2016,2.6378590144,"Sub-Saharan Africa","Lower middle income"
Namibia,NAM,"Fixed broadband subscriptions (per 100 people)",IT.NET.BBND.P2,2017,2.6239671812,"Sub-Saharan Africa","Lower middle income"
Namibia,NAM,"Fixed broadband subscriptions (per 100 people)",IT.NET.BBND.P2,2018,2.4386505864,"Sub-Saharan Africa","Lower middle income"
Namibia,NAM,"Fixed broadband subscriptions (per 100 people)",IT.NET.BBND.P2,2019,2.6017791400,"Sub-Saharan Africa","Lower middle income"
Namibia,NAM,"Fixed broadband subscriptions (per 100 people)",IT.NET.BBND.P2,2020,2.8869501994,"Sub-Saharan Africa","Lower middle income"
Namibia,NAM,"Fixed broadband subscriptions (per 100 people)",IT.NET.BBND.P2,2021,3.1781346556,"Sub-Saharan Africa","Lower middle income"
Namibia,NAM,"Fixed broadband subscriptions (per 100 people)",IT.NET.BBND.P2,2022,3.2919074964,"Sub-Saharan Africa","Lower middle income"
Namibia,NAM,"Fixed broadband subscriptions (per 100 people)",IT.NET.BBND.P2,2023,3.5200693869,"Sub-Saharan Africa","Lower middle income"
Namibia,NAM,"Fixed broadband subscriptions (per 100 people)",IT.NET.BBND.P2,2024,2.8346299219,"Sub-Saharan Africa","Lower middle income"
Namibia,NAM,"Individuals using the Internet (% of population)",IT.NET.USER.ZS,2000,1.6447395473,"Sub-Saharan Africa","Lower middle income"
Namibia,NAM,"Individuals using the Internet (% of population)",IT.NET.USER.ZS,2001,2.4169794417,"Sub-Saharan Africa","Lower middle income"
Namibia,NAM,"Individuals using the Internet (% of population)",IT.NET.USER.ZS,2002,2.6336997688,"Sub-Saharan Africa","Lower middle income"
Namibia,NAM,"Individuals using the Internet (% of population)",IT.NET.USER.ZS,2003,3.3598398855,"Sub-Saharan Africa","Lower middle income"
Namibia,NAM,"Individuals using the Internet (% of population)",IT.NET.USER.ZS,2004,3.8047156153,"Sub-Saharan Africa","Lower middle income"
Namibia,NAM,"Individuals using the Internet (% of population)",IT.NET.USER.ZS,2005,4.0100002290,"Sub-Saharan Africa","Lower middle income"
Namibia,NAM,"Individuals using the Internet (% of population)",IT.NET.USER.ZS,2006,4.3988706473,"Sub-Saharan Africa","Lower middle income"
Namibia,NAM,"Individuals using the Internet (% of population)",IT.NET.USER.ZS,2007,4.8356107783,"Sub-Saharan Africa","Lower middle income"
Namibia,NAM,"Individuals using the Internet (% of population)",IT.NET.USER.ZS,2008,5.3290037721,"Sub-Saharan Africa","Lower middle income"
Namibia,NAM,"Individuals using the Internet (% of population)",IT.NET.USER.ZS,2009,6.5000000000,"Sub-Saharan Africa","Lower middle income"
Namibia,NAM,"Individuals using the Internet (% of population)",IT.NET.USER.ZS,2010,11.6000000000,"Sub-Saharan Africa","Lower middle income"
Namibia,NAM,"Individuals using the Internet (% of population)",IT.NET.USER.ZS,2011,12.0000000000,"Sub-Saharan Africa","Lower middle income"
Namibia,NAM,"Individuals using the Internet (% of population)",IT.NET.USER.ZS,2012,12.9413995700,"Sub-Saharan Africa","Lower middle income"
Namibia,NAM,"Individuals using the Internet (% of population)",IT.NET.USER.ZS,2013,13.8999996200,"Sub-Saharan Africa","Lower middle income"
Namibia,NAM,"Individuals using the Internet (% of population)",IT.NET.USER.ZS,2014,14.8400001500,"Sub-Saharan Africa","Lower middle income"
Namibia,NAM,"Individuals using the Internet (% of population)",IT.NET.USER.ZS,2015,25.6879005400,"Sub-Saharan Africa","Lower middle income"
Namibia,NAM,"Individuals using the Internet (% of population)",IT.NET.USER.ZS,2016,31.0333004000,"Sub-Saharan Africa","Lower middle income"
Namibia,NAM,"Individuals using the Internet (% of population)",IT.NET.USER.ZS,2017,36.8373985300,"Sub-Saharan Africa","Lower middle income"
Namibia,NAM,"Individuals using the Internet (% of population)",IT.NET.USER.ZS,2018,42.8207016000,"Sub-Saharan Africa","Lower middle income"
Namibia,NAM,"Individuals using the Internet (% of population)",IT.NET.USER.ZS,2019,49.7759017900,"Sub-Saharan Africa","Lower middle income"
Namibia,NAM,"Individuals using the Internet (% of population)",IT.NET.USER.ZS,2020,57.8608017000,"Sub-Saharan Africa","Lower middle income"
Namibia,NAM,"Individuals using the Internet (% of population)",IT.NET.USER.ZS,2021,60.2599983200,"Sub-Saharan Africa","Lower middle income"
Namibia,NAM,"Individuals using the Internet (% of population)",IT.NET.USER.ZS,2022,62.9972000100,"Sub-Saharan Africa","Lower middle income"
Namibia,NAM,"Individuals using the Internet (% of population)",IT.NET.USER.ZS,2023,63.6954994200,"Sub-Saharan Africa","Lower middle income"
Namibia,NAM,"Individuals using the Internet (% of population)",IT.NET.USER.ZS,2024,64.8746032700,"Sub-Saharan Africa","Lower middle income"
Namibia,NAM,"Mobile cellular subscriptions (per 100 people)",IT.CEL.SETS.P2,2000,4.5088464116,"Sub-Saharan Africa","Lower middle income"
Namibia,NAM,"Mobile cellular subscriptions (per 100 people)",IT.CEL.SETS.P2,2001,5.7402931965,"Sub-Saharan Africa","Lower middle income"
Namibia,NAM,"Mobile cellular subscriptions (per 100 people)",IT.CEL.SETS.P2,2002,7.9366339148,"Sub-Saharan Africa","Lower middle income"
Namibia,NAM,"Mobile cellular subscriptions (per 100 people)",IT.CEL.SETS.P2,2003,11.6649386899,"Sub-Saharan Africa","Lower middle income"
Namibia,NAM,"Mobile cellular subscriptions (per 100 people)",IT.CEL.SETS.P2,2004,14.7313553187,"Sub-Saharan Africa","Lower middle income"
Namibia,NAM,"Mobile cellular subscriptions (per 100 people)",IT.CEL.SETS.P2,2005,22.8242198901,"Sub-Saharan Africa","Lower middle income"
Namibia,NAM,"Mobile cellular subscriptions (per 100 people)",IT.CEL.SETS.P2,2006,30.5662768188,"Sub-Saharan Africa","Lower middle income"
Namibia,NAM,"Mobile cellular subscriptions (per 100 people)",IT.CEL.SETS.P2,2007,39.6448033290,"Sub-Saharan Africa","Lower middle income"
Namibia,NAM,"Mobile cellular subscriptions (per 100 people)",IT.CEL.SETS.P2,2008,51.3908754817,"Sub-Saharan Africa","Lower middle income"
Namibia,NAM,"Mobile cellular subscriptions (per 100 people)",IT.CEL.SETS.P2,2009,78.5395548461,"Sub-Saharan Africa","Lower middle income"
Namibia,NAM,"Mobile cellular subscriptions (per 100 people)",IT.CEL.SETS.P2,2010,92.4287530968,"Sub-Saharan Africa","Lower middle income"
Namibia,NAM,"Mobile cellular subscriptions (per 100 people)",IT.CEL.SETS.P2,2011,102.2443013057,"Sub-Saharan Africa","Lower middle income"
Namibia,NAM,"Mobile cellular subscriptions (per 100 people)",IT.CEL.SETS.P2,2012,97.8210232684,"Sub-Saharan Africa","Lower middle income"
Namibia,NAM,"Mobile cellular subscriptions (per 100 people)",IT.CEL.SETS.P2,2013,121.1055854186,"Sub-Saharan Africa","Lower middle income"
Namibia,NAM,"Mobile cellular subscriptions (per 100 people)",IT.CEL.SETS.P2,2014,115.5200011764,"Sub-Saharan Africa","Lower middle income"
Namibia,NAM,"Mobile cellular subscriptions (per 100 people)",IT.CEL.SETS.P2,2015,107.3923682770,"Sub-Saharan Africa","Lower middle income"
Namibia,NAM,"Mobile cellular subscriptions (per 100 people)",IT.CEL.SETS.P2,2016,109.0495581977,"Sub-Saharan Africa","Lower middle income"
Namibia,NAM,"Mobile cellular subscriptions (per 100 people)",IT.CEL.SETS.P2,2017,106.9147652455,"Sub-Saharan Africa","Lower middle income"
Namibia,NAM,"Mobile cellular subscriptions (per 100 people)",IT.CEL.SETS.P2,2018,107.0602604947,"Sub-Saharan Africa","Lower middle income"
Namibia,NAM,"Mobile cellular subscriptions (per 100 people)",IT.CEL.SETS.P2,2019,106.5331594790,"Sub-Saharan Africa","Lower middle income"
Namibia,NAM,"Mobile cellular subscriptions (per 100 people)",IT.CEL.SETS.P2,2020,106.2065874561,"Sub-Saharan Africa","Lower middle income"
Namibia,NAM,"Mobile cellular subscriptions (per 100 people)",IT.CEL.SETS.P2,2021,103.7273513920,"Sub-Saharan Africa","Lower middle income"
Namibia,NAM,"Mobile cellular subscriptions (per 100 people)",IT.CEL.SETS.P2,2022,100.5578161044,"Sub-Saharan Africa","Lower middle income"
Namibia,NAM,"Mobile cellular subscriptions (per 100 people)",IT.CEL.SETS.P2,2023,87.6760954340,"Sub-Saharan Africa","Lower middle income"
Namibia,NAM,"Mobile cellular subscriptions (per 100 people)",IT.CEL.SETS.P2,2024,85.1648988113,"Sub-Saharan Africa","Lower middle income"
Namibia,NAM,"Secure Internet servers (per 1 million people)",IT.NET.SECR.P6,2010,6.6356654696,"Sub-Saharan Africa","Lower middle income"
Namibia,NAM,"Secure Internet servers (per 1 million people)",IT.NET.SECR.P6,2011,11.1819039521,"Sub-Saharan Africa","Lower middle income"
Namibia,NAM,"Secure Internet servers (per 1 million people)",IT.NET.SECR.P6,2012,29.1617721973,"Sub-Saharan Africa","Lower middle income"
Namibia,NAM,"Secure Internet servers (per 1 million people)",IT.NET.SECR.P6,2013,32.8522695591,"Sub-Saharan Africa","Lower middle income"
Namibia,NAM,"Secure Internet servers (per 1 million people)",IT.NET.SECR.P6,2014,41.9524950706,"Sub-Saharan Africa","Lower middle income"
Namibia,NAM,"Secure Internet servers (per 1 million people)",IT.NET.SECR.P6,2015,61.4918081119,"Sub-Saharan Africa","Lower middle income"
Namibia,NAM,"Secure Internet servers (per 1 million people)",IT.NET.SECR.P6,2016,75.8441349730,"Sub-Saharan Africa","Lower middle income"
Namibia,NAM,"Secure Internet servers (per 1 million people)",IT.NET.SECR.P6,2017,114.4861705094,"Sub-Saharan Africa","Lower middle income"
Namibia,NAM,"Secure Internet servers (per 1 million people)",IT.NET.SECR.P6,2018,142.0075915862,"Sub-Saharan Africa","Lower middle income"
Namibia,NAM,"Secure Internet servers (per 1 million people)",IT.NET.SECR.P6,2019,138.0874659592,"Sub-Saharan Africa","Lower middle income"
Namibia,NAM,"Secure Internet servers (per 1 million people)",IT.NET.SECR.P6,2020,199.3578040152,"Sub-Saharan Africa","Lower middle income"
Namibia,NAM,"Secure Internet servers (per 1 million people)",IT.NET.SECR.P6,2021,246.2153288256,"Sub-Saharan Africa","Lower middle income"
Namibia,NAM,"Secure Internet servers (per 1 million people)",IT.NET.SECR.P6,2022,315.6078461772,"Sub-Saharan Africa","Lower middle income"
Namibia,NAM,"Secure Internet servers (per 1 million people)",IT.NET.SECR.P6,2023,389.4576447937,"Sub-Saharan Africa","Lower middle income"
Namibia,NAM,"Secure Internet servers (per 1 million people)",IT.NET.SECR.P6,2024,427.3742620369,"Sub-Saharan Africa","Lower middle income"
Niger,NER,"Fixed broadband subscriptions (per 100 people)",IT.NET.BBND.P2,2004,0.0005804384,"Sub-Saharan Africa","Low income"
Niger,NER,"Fixed broadband subscriptions (per 100 people)",IT.NET.BBND.P2,2005,0.0015411242,"Sub-Saharan Africa","Low income"
Niger,NER,"Fixed broadband subscriptions (per 100 people)",IT.NET.BBND.P2,2006,0.0024319167,"Sub-Saharan Africa","Low income"
Niger,NER,"Fixed broadband subscriptions (per 100 people)",IT.NET.BBND.P2,2007,0.0032559626,"Sub-Saharan Africa","Low income"
Niger,NER,"Fixed broadband subscriptions (per 100 people)",IT.NET.BBND.P2,2008,0.0040164263,"Sub-Saharan Africa","Low income"
Niger,NER,"Fixed broadband subscriptions (per 100 people)",IT.NET.BBND.P2,2009,0.0062720797,"Sub-Saharan Africa","Low income"
Niger,NER,"Fixed broadband subscriptions (per 100 people)",IT.NET.BBND.P2,2010,0.0090640822,"Sub-Saharan Africa","Low income"
Niger,NER,"Fixed broadband subscriptions (per 100 people)",IT.NET.BBND.P2,2011,0.0123076687,"Sub-Saharan Africa","Low income"
Niger,NER,"Fixed broadband subscriptions (per 100 people)",IT.NET.BBND.P2,2012,0.0205698689,"Sub-Saharan Africa","Low income"
Niger,NER,"Fixed broadband subscriptions (per 100 people)",IT.NET.BBND.P2,2013,0.0345574257,"Sub-Saharan Africa","Low income"
Niger,NER,"Fixed broadband subscriptions (per 100 people)",IT.NET.BBND.P2,2014,0.1558812544,"Sub-Saharan Africa","Low income"
Niger,NER,"Fixed broadband subscriptions (per 100 people)",IT.NET.BBND.P2,2015,0.1363524799,"Sub-Saharan Africa","Low income"
Niger,NER,"Fixed broadband subscriptions (per 100 people)",IT.NET.BBND.P2,2016,0.0372575270,"Sub-Saharan Africa","Low income"
Niger,NER,"Fixed broadband subscriptions (per 100 people)",IT.NET.BBND.P2,2017,0.0403537207,"Sub-Saharan Africa","Low income"
Niger,NER,"Fixed broadband subscriptions (per 100 people)",IT.NET.BBND.P2,2019,0.0479349681,"Sub-Saharan Africa","Low income"
Niger,NER,"Fixed broadband subscriptions (per 100 people)",IT.NET.BBND.P2,2020,0.0505953108,"Sub-Saharan Africa","Low income"
Niger,NER,"Fixed broadband subscriptions (per 100 people)",IT.NET.BBND.P2,2023,0.1076190487,"Sub-Saharan Africa","Low income"
Niger,NER,"Fixed broadband subscriptions (per 100 people)",IT.NET.BBND.P2,2024,0.1112738294,"Sub-Saharan Africa","Low income"
Niger,NER,"Individuals using the Internet (% of population)",IT.NET.USER.ZS,2000,0.0362612938,"Sub-Saharan Africa","Low income"
Niger,NER,"Individuals using the Internet (% of population)",IT.NET.USER.ZS,2001,0.1051854314,"Sub-Saharan Africa","Low income"
Niger,NER,"Individuals using the Internet (% of population)",IT.NET.USER.ZS,2002,0.1271524688,"Sub-Saharan Africa","Low income"
Niger,NER,"Individuals using the Internet (% of population)",IT.NET.USER.ZS,2003,0.1556987037,"Sub-Saharan Africa","Low income"
Niger,NER,"Individuals using the Internet (% of population)",IT.NET.USER.ZS,2004,0.1899337337,"Sub-Saharan Africa","Low income"
Niger,NER,"Individuals using the Internet (% of population)",IT.NET.USER.ZS,2005,0.2213000060,"Sub-Saharan Africa","Low income"
Niger,NER,"Individuals using the Internet (% of population)",IT.NET.USER.ZS,2006,0.2940000000,"Sub-Saharan Africa","Low income"
Niger,NER,"Individuals using the Internet (% of population)",IT.NET.USER.ZS,2007,0.3903999920,"Sub-Saharan Africa","Low income"
Niger,NER,"Individuals using the Internet (% of population)",IT.NET.USER.ZS,2008,0.7000000000,"Sub-Saharan Africa","Low income"
Niger,NER,"Individuals using the Internet (% of population)",IT.NET.USER.ZS,2009,0.7600000000,"Sub-Saharan Africa","Low income"
Niger,NER,"Individuals using the Internet (% of population)",IT.NET.USER.ZS,2010,0.8299999830,"Sub-Saharan Africa","Low income"
Niger,NER,"Individuals using the Internet (% of population)",IT.NET.USER.ZS,2011,0.9000000000,"Sub-Saharan Africa","Low income"
Niger,NER,"Individuals using the Internet (% of population)",IT.NET.USER.ZS,2012,1.0499999520,"Sub-Saharan Africa","Low income"
Niger,NER,"Individuals using the Internet (% of population)",IT.NET.USER.ZS,2013,1.1499999760,"Sub-Saharan Africa","Low income"
Niger,NER,"Individuals using the Internet (% of population)",IT.NET.USER.ZS,2014,1.2486756890,"Sub-Saharan Africa","Low income"
Niger,NER,"Individuals using the Internet (% of population)",IT.NET.USER.ZS,2015,2.4762001040,"Sub-Saharan Africa","Low income"
Niger,NER,"Individuals using the Internet (% of population)",IT.NET.USER.ZS,2016,4.3228001590,"Sub-Saharan Africa","Low income"
Niger,NER,"Individuals using the Internet (% of population)",IT.NET.USER.ZS,2017,10.2243115587,"Sub-Saharan Africa","Low income"
Niger,NER,"Individuals using the Internet (% of population)",IT.NET.USER.ZS,2018,10.7418003100,"Sub-Saharan Africa","Low income"
Niger,NER,"Individuals using the Internet (% of population)",IT.NET.USER.ZS,2019,11.2854995700,"Sub-Saharan Africa","Low income"
Niger,NER,"Individuals using the Internet (% of population)",IT.NET.USER.ZS,2020,11.8568000800,"Sub-Saharan Africa","Low income"
Niger,NER,"Individuals using the Internet (% of population)",IT.NET.USER.ZS,2021,12.4568996400,"Sub-Saharan Africa","Low income"
Niger,NER,"Individuals using the Internet (% of population)",IT.NET.USER.ZS,2022,13.0874996200,"Sub-Saharan Africa","Low income"
Niger,NER,"Individuals using the Internet (% of population)",IT.NET.USER.ZS,2023,12.9807996700,"Sub-Saharan Africa","Low income"
Niger,NER,"Individuals using the Internet (% of population)",IT.NET.USER.ZS,2024,15.5576000200,"Sub-Saharan Africa","Low income"
Niger,NER,"Mobile cellular subscriptions (per 100 people)",IT.CEL.SETS.P2,2000,0.0178633023,"Sub-Saharan Africa","Low income"
Niger,NER,"Mobile cellular subscriptions (per 100 people)",IT.CEL.SETS.P2,2001,0.0178346024,"Sub-Saharan Africa","Low income"
Niger,NER,"Mobile cellular subscriptions (per 100 people)",IT.CEL.SETS.P2,2002,0.4659513242,"Sub-Saharan Africa","Low income"
Niger,NER,"Mobile cellular subscriptions (per 100 people)",IT.CEL.SETS.P2,2003,0.6436282174,"Sub-Saharan Africa","Low income"
Niger,NER,"Mobile cellular subscriptions (per 100 people)",IT.CEL.SETS.P2,2004,1.2997371594,"Sub-Saharan Africa","Low income"
Niger,NER,"Mobile cellular subscriptions (per 100 people)",IT.CEL.SETS.P2,2005,2.3542343695,"Sub-Saharan Africa","Low income"
Niger,NER,"Mobile cellular subscriptions (per 100 people)",IT.CEL.SETS.P2,2006,3.3850598038,"Sub-Saharan Africa","Low income"
Niger,NER,"Mobile cellular subscriptions (per 100 people)",IT.CEL.SETS.P2,2007,6.0795981521,"Sub-Saharan Africa","Low income"
Niger,NER,"Mobile cellular subscriptions (per 100 people)",IT.CEL.SETS.P2,2008,12.3528088783,"Sub-Saharan Africa","Low income"
Niger,NER,"Mobile cellular subscriptions (per 100 people)",IT.CEL.SETS.P2,2009,16.3011350896,"Sub-Saharan Africa","Low income"
Niger,NER,"Mobile cellular subscriptions (per 100 people)",IT.CEL.SETS.P2,2010,22.1684789292,"Sub-Saharan Africa","Low income"
Niger,NER,"Mobile cellular subscriptions (per 100 people)",IT.CEL.SETS.P2,2011,27.6129532798,"Sub-Saharan Africa","Low income"
Niger,NER,"Mobile cellular subscriptions (per 100 people)",IT.CEL.SETS.P2,2012,30.2495367855,"Sub-Saharan Africa","Low income"
Niger,NER,"Mobile cellular subscriptions (per 100 people)",IT.CEL.SETS.P2,2013,37.8312018781,"Sub-Saharan Africa","Low income"
Niger,NER,"Mobile cellular subscriptions (per 100 people)",IT.CEL.SETS.P2,2014,42.8624011490,"Sub-Saharan Africa","Low income"
Niger,NER,"Mobile cellular subscriptions (per 100 people)",IT.CEL.SETS.P2,2015,44.9309205277,"Sub-Saharan Africa","Low income"
Niger,NER,"Mobile cellular subscriptions (per 100 people)",IT.CEL.SETS.P2,2016,36.1205221778,"Sub-Saharan Africa","Low income"
Niger,NER,"Mobile cellular subscriptions (per 100 people)",IT.CEL.SETS.P2,2017,40.9549864276,"Sub-Saharan Africa","Low income"
Niger,NER,"Mobile cellular subscriptions (per 100 people)",IT.CEL.SETS.P2,2019,52.8112616845,"Sub-Saharan Africa","Low income"
Niger,NER,"Mobile cellular subscriptions (per 100 people)",IT.CEL.SETS.P2,2020,60.0355524816,"Sub-Saharan Africa","Low income"
Niger,NER,"Mobile cellular subscriptions (per 100 people)",IT.CEL.SETS.P2,2021,61.5063092448,"Sub-Saharan Africa","Low income"
Niger,NER,"Mobile cellular subscriptions (per 100 people)",IT.CEL.SETS.P2,2022,63.3770548033,"Sub-Saharan Africa","Low income"
Niger,NER,"Mobile cellular subscriptions (per 100 people)",IT.CEL.SETS.P2,2023,65.7350322156,"Sub-Saharan Africa","Low income"
Niger,NER,"Mobile cellular subscriptions (per 100 people)",IT.CEL.SETS.P2,2024,60.5939862118,"Sub-Saharan Africa","Low income"
Niger,NER,"Secure Internet servers (per 1 million people)",IT.NET.SECR.P6,2010,0.1812816431,"Sub-Saharan Africa","Low income"
Niger,NER,"Secure Internet servers (per 1 million people)",IT.NET.SECR.P6,2011,0.1164396278,"Sub-Saharan Africa","Low income"
Niger,NER,"Secure Internet servers (per 1 million people)",IT.NET.SECR.P6,2012,0.2242558616,"Sub-Saharan Africa","Low income"
Niger,NER,"Secure Internet servers (per 1 million people)",IT.NET.SECR.P6,2013,0.2699798887,"Sub-Saharan Africa","Low income"
Niger,NER,"Secure Internet servers (per 1 million people)",IT.NET.SECR.P6,2014,0.2602010657,"Sub-Saharan Africa","Low income"
Niger,NER,"Secure Internet servers (per 1 million people)",IT.NET.SECR.P6,2015,0.3009102837,"Sub-Saharan Africa","Low income"
Niger,NER,"Secure Internet servers (per 1 million people)",IT.NET.SECR.P6,2016,0.2417122548,"Sub-Saharan Africa","Low income"
Niger,NER,"Secure Internet servers (per 1 million people)",IT.NET.SECR.P6,2017,0.4665170018,"Sub-Saharan Africa","Low income"
Niger,NER,"Secure Internet servers (per 1 million people)",IT.NET.SECR.P6,2018,0.4957619340,"Sub-Saharan Africa","Low income"
Niger,NER,"Secure Internet servers (per 1 million people)",IT.NET.SECR.P6,2019,0.8715448747,"Sub-Saharan Africa","Low income"
Niger,NER,"Secure Internet servers (per 1 million people)",IT.NET.SECR.P6,2020,1.4756965636,"Sub-Saharan Africa","Low income"
Niger,NER,"Secure Internet servers (per 1 million people)",IT.NET.SECR.P6,2021,1.4284466581,"Sub-Saharan Africa","Low income"
Niger,NER,"Secure Internet servers (per 1 million people)",IT.NET.SECR.P6,2022,4.1877415087,"Sub-Saharan Africa","Low income"
Niger,NER,"Secure Internet servers (per 1 million people)",IT.NET.SECR.P6,2023,4.7400852611,"Sub-Saharan Africa","Low income"
Niger,NER,"Secure Internet servers (per 1 million people)",IT.NET.SECR.P6,2024,5.2159607511,"Sub-Saharan Africa","Low income"
Nigeria,NGA,"Fixed broadband subscriptions (per 100 people)",IT.NET.BBND.P2,2005,0.0003447866,"Sub-Saharan Africa","Lower middle income"
Nigeria,NGA,"Fixed broadband subscriptions (per 100 people)",IT.NET.BBND.P2,2007,0.0349676765,"Sub-Saharan Africa","Lower middle income"
Nigeria,NGA,"Fixed broadband subscriptions (per 100 people)",IT.NET.BBND.P2,2008,0.0430064367,"Sub-Saharan Africa","Lower middle income"
Nigeria,NGA,"Fixed broadband subscriptions (per 100 people)",IT.NET.BBND.P2,2009,0.0505759155,"Sub-Saharan Africa","Lower middle income"
Nigeria,NGA,"Fixed broadband subscriptions (per 100 people)",IT.NET.BBND.P2,2010,0.0594732859,"Sub-Saharan Africa","Lower middle income"
Nigeria,NGA,"Fixed broadband subscriptions (per 100 people)",IT.NET.BBND.P2,2012,0.0081038305,"Sub-Saharan Africa","Lower middle income"
Nigeria,NGA,"Fixed broadband subscriptions (per 100 people)",IT.NET.BBND.P2,2013,0.0083098847,"Sub-Saharan Africa","Lower middle income"
Nigeria,NGA,"Fixed broadband subscriptions (per 100 people)",IT.NET.BBND.P2,2014,0.0084670582,"Sub-Saharan Africa","Lower middle income"
Nigeria,NGA,"Fixed broadband subscriptions (per 100 people)",IT.NET.BBND.P2,2015,0.0082277471,"Sub-Saharan Africa","Lower middle income"
Nigeria,NGA,"Fixed broadband subscriptions (per 100 people)",IT.NET.BBND.P2,2016,0.0552235759,"Sub-Saharan Africa","Lower middle income"
Nigeria,NGA,"Fixed broadband subscriptions (per 100 people)",IT.NET.BBND.P2,2017,0.0553465497,"Sub-Saharan Africa","Lower middle income"
Nigeria,NGA,"Fixed broadband subscriptions (per 100 people)",IT.NET.BBND.P2,2018,0.0360912703,"Sub-Saharan Africa","Lower middle income"
Nigeria,NGA,"Fixed broadband subscriptions (per 100 people)",IT.NET.BBND.P2,2019,0.0397927035,"Sub-Saharan Africa","Lower middle income"
Nigeria,NGA,"Fixed broadband subscriptions (per 100 people)",IT.NET.BBND.P2,2020,0.0305206381,"Sub-Saharan Africa","Lower middle income"
Nigeria,NGA,"Fixed broadband subscriptions (per 100 people)",IT.NET.BBND.P2,2021,0.0301639205,"Sub-Saharan Africa","Lower middle income"
Nigeria,NGA,"Fixed broadband subscriptions (per 100 people)",IT.NET.BBND.P2,2022,0.0433814077,"Sub-Saharan Africa","Lower middle income"
Nigeria,NGA,"Fixed broadband subscriptions (per 100 people)",IT.NET.BBND.P2,2023,0.0512837852,"Sub-Saharan Africa","Lower middle income"
Nigeria,NGA,"Fixed broadband subscriptions (per 100 people)",IT.NET.BBND.P2,2024,0.0787379281,"Sub-Saharan Africa","Lower middle income"
Nigeria,NGA,"Individuals using the Internet (% of population)",IT.NET.USER.ZS,2000,0.0640808079,"Sub-Saharan Africa","Lower middle income"
Nigeria,NGA,"Individuals using the Internet (% of population)",IT.NET.USER.ZS,2001,0.0899013705,"Sub-Saharan Africa","Lower middle income"
Nigeria,NGA,"Individuals using the Internet (% of population)",IT.NET.USER.ZS,2002,0.3204619755,"Sub-Saharan Africa","Lower middle income"
Nigeria,NGA,"Individuals using the Internet (% of population)",IT.NET.USER.ZS,2003,0.5585762449,"Sub-Saharan Africa","Lower middle income"
Nigeria,NGA,"Individuals using the Internet (% of population)",IT.NET.USER.ZS,2004,1.2861376413,"Sub-Saharan Africa","Lower middle income"
Nigeria,NGA,"Individuals using the Internet (% of population)",IT.NET.USER.ZS,2005,3.5491557180,"Sub-Saharan Africa","Lower middle income"
Nigeria,NGA,"Individuals using the Internet (% of population)",IT.NET.USER.ZS,2006,5.5450360830,"Sub-Saharan Africa","Lower middle income"
Nigeria,NGA,"Individuals using the Internet (% of population)",IT.NET.USER.ZS,2007,6.7699999810,"Sub-Saharan Africa","Lower middle income"
Nigeria,NGA,"Individuals using the Internet (% of population)",IT.NET.USER.ZS,2008,8.0000000000,"Sub-Saharan Africa","Lower middle income"
Nigeria,NGA,"Individuals using the Internet (% of population)",IT.NET.USER.ZS,2009,9.3000001910,"Sub-Saharan Africa","Lower middle income"
Nigeria,NGA,"Individuals using the Internet (% of population)",IT.NET.USER.ZS,2010,11.5000000000,"Sub-Saharan Africa","Lower middle income"
Nigeria,NGA,"Individuals using the Internet (% of population)",IT.NET.USER.ZS,2011,13.8000001900,"Sub-Saharan Africa","Lower middle income"
Nigeria,NGA,"Individuals using the Internet (% of population)",IT.NET.USER.ZS,2012,16.1000003800,"Sub-Saharan Africa","Lower middle income"
Nigeria,NGA,"Individuals using the Internet (% of population)",IT.NET.USER.ZS,2013,19.1000003800,"Sub-Saharan Africa","Lower middle income"
Nigeria,NGA,"Individuals using the Internet (% of population)",IT.NET.USER.ZS,2014,21.0000000000,"Sub-Saharan Africa","Lower middle income"
Nigeria,NGA,"Individuals using the Internet (% of population)",IT.NET.USER.ZS,2015,22.5142002100,"Sub-Saharan Africa","Lower middle income"
Nigeria,NGA,"Individuals using the Internet (% of population)",IT.NET.USER.ZS,2016,24.1375007600,"Sub-Saharan Africa","Lower middle income"
Nigeria,NGA,"Individuals using the Internet (% of population)",IT.NET.USER.ZS,2017,25.8778991700,"Sub-Saharan Africa","Lower middle income"
Nigeria,NGA,"Individuals using the Internet (% of population)",IT.NET.USER.ZS,2018,27.7437000300,"Sub-Saharan Africa","Lower middle income"
Nigeria,NGA,"Individuals using the Internet (% of population)",IT.NET.USER.ZS,2019,29.7441005700,"Sub-Saharan Africa","Lower middle income"
Nigeria,NGA,"Individuals using the Internet (% of population)",IT.NET.USER.ZS,2020,31.8887996700,"Sub-Saharan Africa","Lower middle income"
Nigeria,NGA,"Individuals using the Internet (% of population)",IT.NET.USER.ZS,2021,35.5097999600,"Sub-Saharan Africa","Lower middle income"
Nigeria,NGA,"Individuals using the Internet (% of population)",IT.NET.USER.ZS,2022,39.1472015400,"Sub-Saharan Africa","Lower middle income"
Nigeria,NGA,"Individuals using the Internet (% of population)",IT.NET.USER.ZS,2023,40.0639991800,"Sub-Saharan Africa","Lower middle income"
Nigeria,NGA,"Individuals using the Internet (% of population)",IT.NET.USER.ZS,2024,41.2113990800,"Sub-Saharan Africa","Lower middle income"
Nigeria,NGA,"Mobile cellular subscriptions (per 100 people)",IT.CEL.SETS.P2,2000,0.0237374648,"Sub-Saharan Africa","Lower middle income"
Nigeria,NGA,"Mobile cellular subscriptions (per 100 people)",IT.CEL.SETS.P2,2001,0.2051868746,"Sub-Saharan Africa","Lower middle income"
Nigeria,NGA,"Mobile cellular subscriptions (per 100 people)",IT.CEL.SETS.P2,2002,1.1755650094,"Sub-Saharan Africa","Lower middle income"
Nigeria,NGA,"Mobile cellular subscriptions (per 100 people)",IT.CEL.SETS.P2,2003,2.2954900199,"Sub-Saharan Africa","Lower middle income"
Nigeria,NGA,"Mobile cellular subscriptions (per 100 people)",IT.CEL.SETS.P2,2004,6.4847587017,"Sub-Saharan Africa","Lower middle income"
Nigeria,NGA,"Mobile cellular subscriptions (per 100 people)",IT.CEL.SETS.P2,2005,12.8170956321,"Sub-Saharan Africa","Lower middle income"
Nigeria,NGA,"Mobile cellular subscriptions (per 100 people)",IT.CEL.SETS.P2,2006,21.6814998852,"Sub-Saharan Africa","Lower middle income"
Nigeria,NGA,"Mobile cellular subscriptions (per 100 people)",IT.CEL.SETS.P2,2007,26.3563208062,"Sub-Saharan Africa","Lower middle income"
Nigeria,NGA,"Mobile cellular subscriptions (per 100 people)",IT.CEL.SETS.P2,2008,39.9685817471,"Sub-Saharan Africa","Lower middle income"
Nigeria,NGA,"Mobile cellular subscriptions (per 100 people)",IT.CEL.SETS.P2,2009,45.9848876760,"Sub-Saharan Africa","Lower middle income"
Nigeria,NGA,"Mobile cellular subscriptions (per 100 people)",IT.CEL.SETS.P2,2010,52.3861480652,"Sub-Saharan Africa","Lower middle income"
Nigeria,NGA,"Mobile cellular subscriptions (per 100 people)",IT.CEL.SETS.P2,2011,55.5301267541,"Sub-Saharan Africa","Lower middle income"
Nigeria,NGA,"Mobile cellular subscriptions (per 100 people)",IT.CEL.SETS.P2,2012,64.0053263148,"Sub-Saharan Africa","Lower middle income"
Nigeria,NGA,"Mobile cellular subscriptions (per 100 people)",IT.CEL.SETS.P2,2013,70.2825095132,"Sub-Saharan Africa","Lower middle income"
Nigeria,NGA,"Mobile cellular subscriptions (per 100 people)",IT.CEL.SETS.P2,2014,74.7512781479,"Sub-Saharan Africa","Lower middle income"
Nigeria,NGA,"Mobile cellular subscriptions (per 100 people)",IT.CEL.SETS.P2,2015,79.1045279367,"Sub-Saharan Africa","Lower middle income"
Nigeria,NGA,"Mobile cellular subscriptions (per 100 people)",IT.CEL.SETS.P2,2016,78.9701422967,"Sub-Saharan Africa","Lower middle income"
Nigeria,NGA,"Mobile cellular subscriptions (per 100 people)",IT.CEL.SETS.P2,2017,72.3679681751,"Sub-Saharan Africa","Lower middle income"
Nigeria,NGA,"Mobile cellular subscriptions (per 100 people)",IT.CEL.SETS.P2,2018,84.2840110939,"Sub-Saharan Africa","Lower middle income"
Nigeria,NGA,"Mobile cellular subscriptions (per 100 people)",IT.CEL.SETS.P2,2019,88.1169010529,"Sub-Saharan Africa","Lower middle income"
Nigeria,NGA,"Mobile cellular subscriptions (per 100 people)",IT.CEL.SETS.P2,2020,95.4356648075,"Sub-Saharan Africa","Lower middle income"
Nigeria,NGA,"Mobile cellular subscriptions (per 100 people)",IT.CEL.SETS.P2,2021,89.2915858426,"Sub-Saharan Africa","Lower middle income"
Nigeria,NGA,"Mobile cellular subscriptions (per 100 people)",IT.CEL.SETS.P2,2022,99.5852151990,"Sub-Saharan Africa","Lower middle income"
Nigeria,NGA,"Mobile cellular subscriptions (per 100 people)",IT.CEL.SETS.P2,2023,98.4772822731,"Sub-Saharan Africa","Lower middle income"
Nigeria,NGA,"Mobile cellular subscriptions (per 100 people)",IT.CEL.SETS.P2,2024,70.7619057835,"Sub-Saharan Africa","Lower middle income"
Nigeria,NGA,"Secure Internet servers (per 1 million people)",IT.NET.SECR.P6,2010,0.6120873351,"Sub-Saharan Africa","Lower middle income"
Nigeria,NGA,"Secure Internet servers (per 1 million people)",IT.NET.SECR.P6,2011,0.9044250413,"Sub-Saharan Africa","Lower middle income"
Nigeria,NGA,"Secure Internet servers (per 1 million people)",IT.NET.SECR.P6,2012,1.6458511427,"Sub-Saharan Africa","Lower middle income"
Nigeria,NGA,"Secure Internet servers (per 1 million people)",IT.NET.SECR.P6,2013,2.1099208795,"Sub-Saharan Africa","Lower middle income"
Nigeria,NGA,"Secure Internet servers (per 1 million people)",IT.NET.SECR.P6,2014,2.8402838207,"Sub-Saharan Africa","Lower middle income"
Nigeria,NGA,"Secure Internet servers (per 1 million people)",IT.NET.SECR.P6,2015,3.3722854505,"Sub-Saharan Africa","Lower middle income"
Nigeria,NGA,"Secure Internet servers (per 1 million people)",IT.NET.SECR.P6,2016,45.0973861015,"Sub-Saharan Africa","Lower middle income"
Nigeria,NGA,"Secure Internet servers (per 1 million people)",IT.NET.SECR.P6,2017,212.3746693453,"Sub-Saharan Africa","Lower middle income"
Nigeria,NGA,"Secure Internet servers (per 1 million people)",IT.NET.SECR.P6,2018,176.0623557999,"Sub-Saharan Africa","Lower middle income"
Nigeria,NGA,"Secure Internet servers (per 1 million people)",IT.NET.SECR.P6,2019,71.7758025239,"Sub-Saharan Africa","Lower middle income"
Nigeria,NGA,"Secure Internet servers (per 1 million people)",IT.NET.SECR.P6,2020,71.2255701423,"Sub-Saharan Africa","Lower middle income"
Nigeria,NGA,"Secure Internet servers (per 1 million people)",IT.NET.SECR.P6,2021,61.5478146943,"Sub-Saharan Africa","Lower middle income"
Nigeria,NGA,"Secure Internet servers (per 1 million people)",IT.NET.SECR.P6,2022,47.0936939460,"Sub-Saharan Africa","Lower middle income"
Nigeria,NGA,"Secure Internet servers (per 1 million people)",IT.NET.SECR.P6,2023,47.5989986877,"Sub-Saharan Africa","Lower middle income"
Nigeria,NGA,"Secure Internet servers (per 1 million people)",IT.NET.SECR.P6,2024,98.3627786891,"Sub-Saharan Africa","Lower middle income"
"Rep. Congo",COG,"Fixed broadband subscriptions (per 100 people)",IT.NET.BBND.P2,2009,0.0029197292,"Sub-Saharan Africa","Lower middle income"
"Rep. Congo",COG,"Fixed broadband subscriptions (per 100 people)",IT.NET.BBND.P2,2010,0.0056025045,"Sub-Saharan Africa","Lower middle income"
"Rep. Congo",COG,"Fixed broadband subscriptions (per 100 people)",IT.NET.BBND.P2,2011,0.0284398806,"Sub-Saharan Africa","Lower middle income"
"Rep. Congo",COG,"Fixed broadband subscriptions (per 100 people)",IT.NET.BBND.P2,2012,0.0293643009,"Sub-Saharan Africa","Lower middle income"
"Rep. Congo",COG,"Fixed broadband subscriptions (per 100 people)",IT.NET.BBND.P2,2013,0.0090177285,"Sub-Saharan Africa","Lower middle income"
"Rep. Congo",COG,"Fixed broadband subscriptions (per 100 people)",IT.NET.BBND.P2,2014,0.0100484738,"Sub-Saharan Africa","Lower middle income"
"Rep. Congo",COG,"Fixed broadband subscriptions (per 100 people)",IT.NET.BBND.P2,2021,0.2568996924,"Sub-Saharan Africa","Lower middle income"
"Rep. Congo",COG,"Fixed broadband subscriptions (per 100 people)",IT.NET.BBND.P2,2022,0.4358831265,"Sub-Saharan Africa","Lower middle income"
"Rep. Congo",COG,"Fixed broadband subscriptions (per 100 people)",IT.NET.BBND.P2,2023,1.2679841207,"Sub-Saharan Africa","Lower middle income"
"Rep. Congo",COG,"Individuals using the Internet (% of population)",IT.NET.USER.ZS,2000,0.0263547321,"Sub-Saharan Africa","Lower middle income"
"Rep. Congo",COG,"Individuals using the Internet (% of population)",IT.NET.USER.ZS,2001,0.0322236164,"Sub-Saharan Africa","Lower middle income"
"Rep. Congo",COG,"Individuals using the Internet (% of population)",IT.NET.USER.ZS,2002,0.1572495172,"Sub-Saharan Africa","Lower middle income"
"Rep. Congo",COG,"Individuals using the Internet (% of population)",IT.NET.USER.ZS,2003,0.4600141868,"Sub-Saharan Africa","Lower middle income"
"Rep. Congo",COG,"Individuals using the Internet (% of population)",IT.NET.USER.ZS,2004,1.0775049296,"Sub-Saharan Africa","Lower middle income"
"Rep. Congo",COG,"Individuals using the Internet (% of population)",IT.NET.USER.ZS,2005,1.4634000060,"Sub-Saharan Africa","Lower middle income"
"Rep. Congo",COG,"Individuals using the Internet (% of population)",IT.NET.USER.ZS,2006,2.0079998970,"Sub-Saharan Africa","Lower middle income"
"Rep. Congo",COG,"Individuals using the Internet (% of population)",IT.NET.USER.ZS,2007,2.7597043737,"Sub-Saharan Africa","Lower middle income"
"Rep. Congo",COG,"Individuals using the Internet (% of population)",IT.NET.USER.ZS,2008,4.2875099028,"Sub-Saharan Africa","Lower middle income"
"Rep. Congo",COG,"Individuals using the Internet (% of population)",IT.NET.USER.ZS,2009,4.5000000000,"Sub-Saharan Africa","Lower middle income"
"Rep. Congo",COG,"Individuals using the Internet (% of population)",IT.NET.USER.ZS,2010,5.0000000000,"Sub-Saharan Africa","Lower middle income"
"Rep. Congo",COG,"Individuals using the Internet (% of population)",IT.NET.USER.ZS,2011,5.6000000000,"Sub-Saharan Africa","Lower middle income"
"Rep. Congo",COG,"Individuals using the Internet (% of population)",IT.NET.USER.ZS,2012,6.1066999440,"Sub-Saharan Africa","Lower middle income"
"Rep. Congo",COG,"Individuals using the Internet (% of population)",IT.NET.USER.ZS,2013,6.5999999050,"Sub-Saharan Africa","Lower middle income"
"Rep. Congo",COG,"Individuals using the Internet (% of population)",IT.NET.USER.ZS,2014,7.1100001340,"Sub-Saharan Africa","Lower middle income"
"Rep. Congo",COG,"Individuals using the Internet (% of population)",IT.NET.USER.ZS,2015,7.6160001750,"Sub-Saharan Africa","Lower middle income"
"Rep. Congo",COG,"Individuals using the Internet (% of population)",IT.NET.USER.ZS,2016,8.1218996050,"Sub-Saharan Africa","Lower middle income"
"Rep. Congo",COG,"Individuals using the Internet (% of population)",IT.NET.USER.ZS,2017,8.6499996190,"Sub-Saharan Africa","Lower middle income"
"Rep. Congo",COG,"Individuals using the Internet (% of population)",IT.NET.USER.ZS,2018,11.8071003000,"Sub-Saharan Africa","Lower middle income"
"Rep. Congo",COG,"Individuals using the Internet (% of population)",IT.NET.USER.ZS,2019,16.1163997700,"Sub-Saharan Africa","Lower middle income"
"Rep. Congo",COG,"Individuals using the Internet (% of population)",IT.NET.USER.ZS,2020,21.9985008200,"Sub-Saharan Africa","Lower middle income"
"Rep. Congo",COG,"Individuals using the Internet (% of population)",IT.NET.USER.ZS,2021,30.0273990600,"Sub-Saharan Africa","Lower middle income"
"Rep. Congo",COG,"Individuals using the Internet (% of population)",IT.NET.USER.ZS,2022,40.9866981500,"Sub-Saharan Africa","Lower middle income"
"Rep. Congo",COG,"Individuals using the Internet (% of population)",IT.NET.USER.ZS,2023,43.1503982500,"Sub-Saharan Africa","Lower middle income"
"Rep. Congo",COG,"Individuals using the Internet (% of population)",IT.NET.USER.ZS,2024,47.2515983600,"Sub-Saharan Africa","Lower middle income"
"Rep. Congo",COG,"Mobile cellular subscriptions (per 100 people)",IT.CEL.SETS.P2,2000,2.2212737736,"Sub-Saharan Africa","Lower middle income"
"Rep. Congo",COG,"Mobile cellular subscriptions (per 100 people)",IT.CEL.SETS.P2,2001,4.5835998187,"Sub-Saharan Africa","Lower middle income"
"Rep. Congo",COG,"Mobile cellular subscriptions (per 100 people)",IT.CEL.SETS.P2,2002,6.6193720788,"Sub-Saharan Africa","Lower middle income"
"Rep. Congo",COG,"Mobile cellular subscriptions (per 100 people)",IT.CEL.SETS.P2,2003,9.5770068255,"Sub-Saharan Africa","Lower middle income"
"Rep. Congo",COG,"Mobile cellular subscriptions (per 100 people)",IT.CEL.SETS.P2,2004,10.7599828806,"Sub-Saharan Africa","Lower middle income"
"Rep. Congo",COG,"Mobile cellular subscriptions (per 100 people)",IT.CEL.SETS.P2,2005,15.1009916965,"Sub-Saharan Africa","Lower middle income"
"Rep. Congo",COG,"Mobile cellular subscriptions (per 100 people)",IT.CEL.SETS.P2,2006,23.9093357002,"Sub-Saharan Africa","Lower middle income"
"Rep. Congo",COG,"Mobile cellular subscriptions (per 100 people)",IT.CEL.SETS.P2,2007,32.3490426914,"Sub-Saharan Africa","Lower middle income"
"Rep. Congo",COG,"Mobile cellular subscriptions (per 100 people)",IT.CEL.SETS.P2,2008,43.9283464733,"Sub-Saharan Africa","Lower middle income"
"Rep. Congo",COG,"Mobile cellular subscriptions (per 100 people)",IT.CEL.SETS.P2,2009,68.8659935406,"Sub-Saharan Africa","Lower middle income"
"Rep. Congo",COG,"Mobile cellular subscriptions (per 100 people)",IT.CEL.SETS.P2,2010,83.3372102665,"Sub-Saharan Africa","Lower middle income"
"Rep. Congo",COG,"Mobile cellular subscriptions (per 100 people)",IT.CEL.SETS.P2,2011,84.2730931396,"Sub-Saharan Africa","Lower middle income"
"Rep. Congo",COG,"Mobile cellular subscriptions (per 100 people)",IT.CEL.SETS.P2,2012,90.3528989864,"Sub-Saharan Africa","Lower middle income"
"Rep. Congo",COG,"Mobile cellular subscriptions (per 100 people)",IT.CEL.SETS.P2,2013,95.9371427266,"Sub-Saharan Africa","Lower middle income"
"Rep. Congo",COG,"Mobile cellular subscriptions (per 100 people)",IT.CEL.SETS.P2,2014,99.0799617354,"Sub-Saharan Africa","Lower middle income"
"Rep. Congo",COG,"Mobile cellular subscriptions (per 100 people)",IT.CEL.SETS.P2,2015,102.3230430277,"Sub-Saharan Africa","Lower middle income"
"Rep. Congo",COG,"Mobile cellular subscriptions (per 100 people)",IT.CEL.SETS.P2,2016,103.8575894929,"Sub-Saharan Africa","Lower middle income"
"Rep. Congo",COG,"Mobile cellular subscriptions (per 100 people)",IT.CEL.SETS.P2,2017,94.4868175378,"Sub-Saharan Africa","Lower middle income"
"Rep. Congo",COG,"Mobile cellular subscriptions (per 100 people)",IT.CEL.SETS.P2,2018,91.1889913732,"Sub-Saharan Africa","Lower middle income"
"Rep. Congo",COG,"Mobile cellular subscriptions (per 100 people)",IT.CEL.SETS.P2,2019,91.0654212529,"Sub-Saharan Africa","Lower middle income"
"Rep. Congo",COG,"Mobile cellular subscriptions (per 100 people)",IT.CEL.SETS.P2,2020,97.6561289990,"Sub-Saharan Africa","Lower middle income"
"Rep. Congo",COG,"Mobile cellular subscriptions (per 100 people)",IT.CEL.SETS.P2,2021,95.8614998889,"Sub-Saharan Africa","Lower middle income"
"Rep. Congo",COG,"Mobile cellular subscriptions (per 100 people)",IT.CEL.SETS.P2,2022,93.6259259161,"Sub-Saharan Africa","Lower middle income"
"Rep. Congo",COG,"Mobile cellular subscriptions (per 100 people)",IT.CEL.SETS.P2,2023,94.8715365076,"Sub-Saharan Africa","Lower middle income"
"Rep. Congo",COG,"Mobile cellular subscriptions (per 100 people)",IT.CEL.SETS.P2,2024,95.5319320615,"Sub-Saharan Africa","Lower middle income"
"Rep. Congo",COG,"Secure Internet servers (per 1 million people)",IT.NET.SECR.P6,2010,0.0000000000,"Sub-Saharan Africa","Lower middle income"
"Rep. Congo",COG,"Secure Internet servers (per 1 million people)",IT.NET.SECR.P6,2011,0.2169327274,"Sub-Saharan Africa","Lower middle income"
"Rep. Congo",COG,"Secure Internet servers (per 1 million people)",IT.NET.SECR.P6,2012,1.6876034976,"Sub-Saharan Africa","Lower middle income"
"Rep. Congo",COG,"Secure Internet servers (per 1 million people)",IT.NET.SECR.P6,2013,1.8529579076,"Sub-Saharan Africa","Lower middle income"
"Rep. Congo",COG,"Secure Internet servers (per 1 million people)",IT.NET.SECR.P6,2014,3.0145421513,"Sub-Saharan Africa","Lower middle income"
"Rep. Congo",COG,"Secure Internet servers (per 1 million people)",IT.NET.SECR.P6,2015,3.5310866075,"Sub-Saharan Africa","Lower middle income"
"Rep. Congo",COG,"Secure Internet servers (per 1 million people)",IT.NET.SECR.P6,2016,4.4039907049,"Sub-Saharan Africa","Lower middle income"
"Rep. Congo",COG,"Secure Internet servers (per 1 million people)",IT.NET.SECR.P6,2017,4.4851337439,"Sub-Saharan Africa","Lower middle income"
"Rep. Congo",COG,"Secure Internet servers (per 1 million people)",IT.NET.SECR.P6,2018,5.8360954479,"Sub-Saharan Africa","Lower middle income"
"Rep. Congo",COG,"Secure Internet servers (per 1 million people)",IT.NET.SECR.P6,2019,5.8753768476,"Sub-Saharan Africa","Lower middle income"
"Rep. Congo",COG,"Secure Internet servers (per 1 million people)",IT.NET.SECR.P6,2020,7.9961187535,"Sub-Saharan Africa","Lower middle income"
"Rep. Congo",COG,"Secure Internet servers (per 1 million people)",IT.NET.SECR.P6,2021,10.1829831151,"Sub-Saharan Africa","Lower middle income"
"Rep. Congo",COG,"Secure Internet servers (per 1 million people)",IT.NET.SECR.P6,2022,11.7645031469,"Sub-Saharan Africa","Lower middle income"
"Rep. Congo",COG,"Secure Internet servers (per 1 million people)",IT.NET.SECR.P6,2023,18.5997313552,"Sub-Saharan Africa","Lower middle income"
"Rep. Congo",COG,"Secure Internet servers (per 1 million people)",IT.NET.SECR.P6,2024,16.5799220933,"Sub-Saharan Africa","Lower middle income"
Rwanda,RWA,"Fixed broadband subscriptions (per 100 people)",IT.NET.BBND.P2,2004,0.0130205321,"Sub-Saharan Africa","Low income"
Rwanda,RWA,"Fixed broadband subscriptions (per 100 people)",IT.NET.BBND.P2,2005,0.0130321536,"Sub-Saharan Africa","Low income"
Rwanda,RWA,"Fixed broadband subscriptions (per 100 people)",IT.NET.BBND.P2,2006,0.0183240663,"Sub-Saharan Africa","Low income"
Rwanda,RWA,"Fixed broadband subscriptions (per 100 people)",IT.NET.BBND.P2,2007,0.0266284591,"Sub-Saharan Africa","Low income"
Rwanda,RWA,"Fixed broadband subscriptions (per 100 people)",IT.NET.BBND.P2,2008,0.0114235952,"Sub-Saharan Africa","Low income"
Rwanda,RWA,"Fixed broadband subscriptions (per 100 people)",IT.NET.BBND.P2,2009,0.0220070073,"Sub-Saharan Africa","Low income"
Rwanda,RWA,"Fixed broadband subscriptions (per 100 people)",IT.NET.BBND.P2,2010,0.0382067337,"Sub-Saharan Africa","Low income"
Rwanda,RWA,"Fixed broadband subscriptions (per 100 people)",IT.NET.BBND.P2,2011,0.0817592046,"Sub-Saharan Africa","Low income"
Rwanda,RWA,"Fixed broadband subscriptions (per 100 people)",IT.NET.BBND.P2,2012,0.0507668537,"Sub-Saharan Africa","Low income"
Rwanda,RWA,"Fixed broadband subscriptions (per 100 people)",IT.NET.BBND.P2,2013,0.0250690955,"Sub-Saharan Africa","Low income"
Rwanda,RWA,"Fixed broadband subscriptions (per 100 people)",IT.NET.BBND.P2,2014,0.0256670688,"Sub-Saharan Africa","Low income"
Rwanda,RWA,"Fixed broadband subscriptions (per 100 people)",IT.NET.BBND.P2,2015,0.1814859113,"Sub-Saharan Africa","Low income"
Rwanda,RWA,"Fixed broadband subscriptions (per 100 people)",IT.NET.BBND.P2,2016,0.1822356448,"Sub-Saharan Africa","Low income"
Rwanda,RWA,"Fixed broadband subscriptions (per 100 people)",IT.NET.BBND.P2,2017,0.1784944509,"Sub-Saharan Africa","Low income"
Rwanda,RWA,"Fixed broadband subscriptions (per 100 people)",IT.NET.BBND.P2,2018,0.0600656823,"Sub-Saharan Africa","Low income"
Rwanda,RWA,"Fixed broadband subscriptions (per 100 people)",IT.NET.BBND.P2,2019,0.0695438977,"Sub-Saharan Africa","Low income"
Rwanda,RWA,"Fixed broadband subscriptions (per 100 people)",IT.NET.BBND.P2,2020,0.1353529820,"Sub-Saharan Africa","Low income"
Rwanda,RWA,"Fixed broadband subscriptions (per 100 people)",IT.NET.BBND.P2,2021,0.2388721747,"Sub-Saharan Africa","Low income"
Rwanda,RWA,"Fixed broadband subscriptions (per 100 people)",IT.NET.BBND.P2,2022,0.3499516154,"Sub-Saharan Africa","Low income"
Rwanda,RWA,"Fixed broadband subscriptions (per 100 people)",IT.NET.BBND.P2,2023,0.4455561232,"Sub-Saharan Africa","Low income"
Rwanda,RWA,"Fixed broadband subscriptions (per 100 people)",IT.NET.BBND.P2,2024,0.5956483072,"Sub-Saharan Africa","Low income"
Rwanda,RWA,"Individuals using the Internet (% of population)",IT.NET.USER.ZS,2000,0.0628314595,"Sub-Saharan Africa","Low income"
Rwanda,RWA,"Individuals using the Internet (% of population)",IT.NET.USER.ZS,2001,0.2406724098,"Sub-Saharan Africa","Low income"
Rwanda,RWA,"Individuals using the Internet (% of population)",IT.NET.USER.ZS,2002,0.2927847188,"Sub-Saharan Africa","Low income"
Rwanda,RWA,"Individuals using the Internet (% of population)",IT.NET.USER.ZS,2003,0.3569184673,"Sub-Saharan Africa","Low income"
Rwanda,RWA,"Individuals using the Internet (% of population)",IT.NET.USER.ZS,2004,0.4308542434,"Sub-Saharan Africa","Low income"
Rwanda,RWA,"Individuals using the Internet (% of population)",IT.NET.USER.ZS,2005,0.5559999940,"Sub-Saharan Africa","Low income"
Rwanda,RWA,"Individuals using the Internet (% of population)",IT.NET.USER.ZS,2007,2.1154000760,"Sub-Saharan Africa","Low income"
Rwanda,RWA,"Individuals using the Internet (% of population)",IT.NET.USER.ZS,2008,4.5000000000,"Sub-Saharan Africa","Low income"
Rwanda,RWA,"Individuals using the Internet (% of population)",IT.NET.USER.ZS,2009,7.7000000000,"Sub-Saharan Africa","Low income"
Rwanda,RWA,"Individuals using the Internet (% of population)",IT.NET.USER.ZS,2010,8.0000000000,"Sub-Saharan Africa","Low income"
Rwanda,RWA,"Individuals using the Internet (% of population)",IT.NET.USER.ZS,2011,7.0000000000,"Sub-Saharan Africa","Low income"
Rwanda,RWA,"Individuals using the Internet (% of population)",IT.NET.USER.ZS,2012,8.0239000320,"Sub-Saharan Africa","Low income"
Rwanda,RWA,"Individuals using the Internet (% of population)",IT.NET.USER.ZS,2013,9.0000000000,"Sub-Saharan Africa","Low income"
Rwanda,RWA,"Individuals using the Internet (% of population)",IT.NET.USER.ZS,2014,10.6000003800,"Sub-Saharan Africa","Low income"
Rwanda,RWA,"Individuals using the Internet (% of population)",IT.NET.USER.ZS,2015,12.4560003300,"Sub-Saharan Africa","Low income"
Rwanda,RWA,"Individuals using the Internet (% of population)",IT.NET.USER.ZS,2016,14.6371002200,"Sub-Saharan Africa","Low income"
Rwanda,RWA,"Individuals using the Internet (% of population)",IT.NET.USER.ZS,2017,17.2000000000,"Sub-Saharan Africa","Low income"
Rwanda,RWA,"Individuals using the Internet (% of population)",IT.NET.USER.ZS,2018,19.1665992700,"Sub-Saharan Africa","Low income"
Rwanda,RWA,"Individuals using the Internet (% of population)",IT.NET.USER.ZS,2019,21.3579998000,"Sub-Saharan Africa","Low income"
Rwanda,RWA,"Individuals using the Internet (% of population)",IT.NET.USER.ZS,2020,23.8000000000,"Sub-Saharan Africa","Low income"
Rwanda,RWA,"Individuals using the Internet (% of population)",IT.NET.USER.ZS,2021,24.4416008000,"Sub-Saharan Africa","Low income"
Rwanda,RWA,"Individuals using the Internet (% of population)",IT.NET.USER.ZS,2022,28.0167999300,"Sub-Saharan Africa","Low income"
Rwanda,RWA,"Individuals using the Internet (% of population)",IT.NET.USER.ZS,2023,28.8057994800,"Sub-Saharan Africa","Low income"
Rwanda,RWA,"Individuals using the Internet (% of population)",IT.NET.USER.ZS,2024,31.7033004800,"Sub-Saharan Africa","Low income"
Rwanda,RWA,"Mobile cellular subscriptions (per 100 people)",IT.CEL.SETS.P2,2000,0.4748031119,"Sub-Saharan Africa","Low income"
Rwanda,RWA,"Mobile cellular subscriptions (per 100 people)",IT.CEL.SETS.P2,2001,0.7843521505,"Sub-Saharan Africa","Low income"
Rwanda,RWA,"Mobile cellular subscriptions (per 100 people)",IT.CEL.SETS.P2,2002,0.9808242204,"Sub-Saharan Africa","Low income"
Rwanda,RWA,"Mobile cellular subscriptions (per 100 people)",IT.CEL.SETS.P2,2003,1.5223233132,"Sub-Saharan Africa","Low income"
Rwanda,RWA,"Mobile cellular subscriptions (per 100 people)",IT.CEL.SETS.P2,2004,1.5569176454,"Sub-Saharan Africa","Low income"
Rwanda,RWA,"Mobile cellular subscriptions (per 100 people)",IT.CEL.SETS.P2,2005,2.4626131809,"Sub-Saharan Africa","Low income"
Rwanda,RWA,"Mobile cellular subscriptions (per 100 people)",IT.CEL.SETS.P2,2006,3.3787793118,"Sub-Saharan Africa","Low income"
Rwanda,RWA,"Mobile cellular subscriptions (per 100 people)",IT.CEL.SETS.P2,2007,6.6506958740,"Sub-Saharan Africa","Low income"
Rwanda,RWA,"Mobile cellular subscriptions (per 100 people)",IT.CEL.SETS.P2,2008,13.4904193265,"Sub-Saharan Africa","Low income"
Rwanda,RWA,"Mobile cellular subscriptions (per 100 people)",IT.CEL.SETS.P2,2009,24.1465972833,"Sub-Saharan Africa","Low income"
Rwanda,RWA,"Mobile cellular subscriptions (per 100 people)",IT.CEL.SETS.P2,2010,34.3953745622,"Sub-Saharan Africa","Low income"
Rwanda,RWA,"Mobile cellular subscriptions (per 100 people)",IT.CEL.SETS.P2,2011,42.0494256853,"Sub-Saharan Africa","Low income"
Rwanda,RWA,"Mobile cellular subscriptions (per 100 people)",IT.CEL.SETS.P2,2012,52.5466576287,"Sub-Saharan Africa","Low income"
Rwanda,RWA,"Mobile cellular subscriptions (per 100 people)",IT.CEL.SETS.P2,2013,60.2988640031,"Sub-Saharan Africa","Low income"
Rwanda,RWA,"Mobile cellular subscriptions (per 100 people)",IT.CEL.SETS.P2,2014,68.1670448387,"Sub-Saharan Africa","Low income"
Rwanda,RWA,"Mobile cellular subscriptions (per 100 people)",IT.CEL.SETS.P2,2015,75.2543165296,"Sub-Saharan Africa","Low income"
Rwanda,RWA,"Mobile cellular subscriptions (per 100 people)",IT.CEL.SETS.P2,2016,74.8502057566,"Sub-Saharan Africa","Low income"
Rwanda,RWA,"Mobile cellular subscriptions (per 100 people)",IT.CEL.SETS.P2,2017,72.2764598764,"Sub-Saharan Africa","Low income"
Rwanda,RWA,"Mobile cellular subscriptions (per 100 people)",IT.CEL.SETS.P2,2018,77.6794691478,"Sub-Saharan Africa","Low income"
Rwanda,RWA,"Mobile cellular subscriptions (per 100 people)",IT.CEL.SETS.P2,2019,75.5985451902,"Sub-Saharan Africa","Low income"
Rwanda,RWA,"Mobile cellular subscriptions (per 100 people)",IT.CEL.SETS.P2,2020,81.2378724761,"Sub-Saharan Africa","Low income"
Rwanda,RWA,"Mobile cellular subscriptions (per 100 people)",IT.CEL.SETS.P2,2021,81.6381635401,"Sub-Saharan Africa","Low income"
Rwanda,RWA,"Mobile cellular subscriptions (per 100 people)",IT.CEL.SETS.P2,2022,80.5952224850,"Sub-Saharan Africa","Low income"
Rwanda,RWA,"Mobile cellular subscriptions (per 100 people)",IT.CEL.SETS.P2,2023,91.4622704078,"Sub-Saharan Africa","Low income"
Rwanda,RWA,"Mobile cellular subscriptions (per 100 people)",IT.CEL.SETS.P2,2024,93.2014628767,"Sub-Saharan Africa","Low income"
Rwanda,RWA,"Secure Internet servers (per 1 million people)",IT.NET.SECR.P6,2010,0.8722998564,"Sub-Saharan Africa","Low income"
Rwanda,RWA,"Secure Internet servers (per 1 million people)",IT.NET.SECR.P6,2011,0.7565918300,"Sub-Saharan Africa","Low income"
Rwanda,RWA,"Secure Internet servers (per 1 million people)",IT.NET.SECR.P6,2012,2.4930975823,"Sub-Saharan Africa","Low income"
Rwanda,RWA,"Secure Internet servers (per 1 million people)",IT.NET.SECR.P6,2013,3.9663437702,"Sub-Saharan Africa","Low income"
Rwanda,RWA,"Secure Internet servers (per 1 million people)",IT.NET.SECR.P6,2014,5.5434533268,"Sub-Saharan Africa","Low income"
Rwanda,RWA,"Secure Internet servers (per 1 million people)",IT.NET.SECR.P6,2015,7.2164812060,"Sub-Saharan Africa","Low income"
Rwanda,RWA,"Secure Internet servers (per 1 million people)",IT.NET.SECR.P6,2016,12.5008568121,"Sub-Saharan Africa","Low income"
Rwanda,RWA,"Secure Internet servers (per 1 million people)",IT.NET.SECR.P6,2017,17.9477891438,"Sub-Saharan Africa","Low income"
Rwanda,RWA,"Secure Internet servers (per 1 million people)",IT.NET.SECR.P6,2018,35.9545278522,"Sub-Saharan Africa","Low income"
Rwanda,RWA,"Secure Internet servers (per 1 million people)",IT.NET.SECR.P6,2019,70.4440156752,"Sub-Saharan Africa","Low income"
Rwanda,RWA,"Secure Internet servers (per 1 million people)",IT.NET.SECR.P6,2020,81.2041356401,"Sub-Saharan Africa","Low income"
Rwanda,RWA,"Secure Internet servers (per 1 million people)",IT.NET.SECR.P6,2021,99.3615998490,"Sub-Saharan Africa","Low income"
Rwanda,RWA,"Secure Internet servers (per 1 million people)",IT.NET.SECR.P6,2022,115.5224184549,"Sub-Saharan Africa","Low income"
Rwanda,RWA,"Secure Internet servers (per 1 million people)",IT.NET.SECR.P6,2023,129.1342394850,"Sub-Saharan Africa","Low income"
Rwanda,RWA,"Secure Internet servers (per 1 million people)",IT.NET.SECR.P6,2024,160.9784459330,"Sub-Saharan Africa","Low income"
"Sao Tome and Principe",STP,"Fixed broadband subscriptions (per 100 people)",IT.NET.BBND.P2,2006,0.0754657748,"Sub-Saharan Africa","Lower middle income"
"Sao Tome and Principe",STP,"Fixed broadband subscriptions (per 100 people)",IT.NET.BBND.P2,2007,0.1814967590,"Sub-Saharan Africa","Lower middle income"
"Sao Tome and Principe",STP,"Fixed broadband subscriptions (per 100 people)",IT.NET.BBND.P2,2008,0.1979366258,"Sub-Saharan Africa","Lower middle income"
"Sao Tome and Principe",STP,"Fixed broadband subscriptions (per 100 people)",IT.NET.BBND.P2,2009,0.2490821071,"Sub-Saharan Africa","Lower middle income"
"Sao Tome and Principe",STP,"Fixed broadband subscriptions (per 100 people)",IT.NET.BBND.P2,2010,0.3217786383,"Sub-Saharan Africa","Lower middle income"
"Sao Tome and Principe",STP,"Fixed broadband subscriptions (per 100 people)",IT.NET.BBND.P2,2011,0.3969857096,"Sub-Saharan Africa","Lower middle income"
"Sao Tome and Principe",STP,"Fixed broadband subscriptions (per 100 people)",IT.NET.BBND.P2,2012,0.4106862895,"Sub-Saharan Africa","Lower middle income"
"Sao Tome and Principe",STP,"Fixed broadband subscriptions (per 100 people)",IT.NET.BBND.P2,2013,0.5063474641,"Sub-Saharan Africa","Lower middle income"
"Sao Tome and Principe",STP,"Fixed broadband subscriptions (per 100 people)",IT.NET.BBND.P2,2014,0.5590368304,"Sub-Saharan Africa","Lower middle income"
"Sao Tome and Principe",STP,"Fixed broadband subscriptions (per 100 people)",IT.NET.BBND.P2,2015,0.6560454539,"Sub-Saharan Africa","Lower middle income"
"Sao Tome and Principe",STP,"Fixed broadband subscriptions (per 100 people)",IT.NET.BBND.P2,2016,0.6995959527,"Sub-Saharan Africa","Lower middle income"
"Sao Tome and Principe",STP,"Fixed broadband subscriptions (per 100 people)",IT.NET.BBND.P2,2017,0.7145963183,"Sub-Saharan Africa","Lower middle income"
"Sao Tome and Principe",STP,"Fixed broadband subscriptions (per 100 people)",IT.NET.BBND.P2,2018,0.7407689343,"Sub-Saharan Africa","Lower middle income"
"Sao Tome and Principe",STP,"Fixed broadband subscriptions (per 100 people)",IT.NET.BBND.P2,2019,0.7694758941,"Sub-Saharan Africa","Lower middle income"
"Sao Tome and Principe",STP,"Fixed broadband subscriptions (per 100 people)",IT.NET.BBND.P2,2020,1.1552877872,"Sub-Saharan Africa","Lower middle income"
"Sao Tome and Principe",STP,"Fixed broadband subscriptions (per 100 people)",IT.NET.BBND.P2,2021,1.5421628124,"Sub-Saharan Africa","Lower middle income"
"Sao Tome and Principe",STP,"Fixed broadband subscriptions (per 100 people)",IT.NET.BBND.P2,2022,2.0247011776,"Sub-Saharan Africa","Lower middle income"
"Sao Tome and Principe",STP,"Fixed broadband subscriptions (per 100 people)",IT.NET.BBND.P2,2023,2.5013968840,"Sub-Saharan Africa","Lower middle income"
"Sao Tome and Principe",STP,"Fixed broadband subscriptions (per 100 people)",IT.NET.BBND.P2,2024,2.9940221452,"Sub-Saharan Africa","Lower middle income"
"Sao Tome and Principe",STP,"Individuals using the Internet (% of population)",IT.NET.USER.ZS,2000,4.6385168164,"Sub-Saharan Africa","Lower middle income"
"Sao Tome and Principe",STP,"Individuals using the Internet (% of population)",IT.NET.USER.ZS,2001,6.3109178879,"Sub-Saharan Africa","Lower middle income"
"Sao Tome and Principe",STP,"Individuals using the Internet (% of population)",IT.NET.USER.ZS,2002,7.5806651689,"Sub-Saharan Africa","Lower middle income"
"Sao Tome and Principe",STP,"Individuals using the Internet (% of population)",IT.NET.USER.ZS,2003,10.1618443070,"Sub-Saharan Africa","Lower middle income"
"Sao Tome and Principe",STP,"Individuals using the Internet (% of population)",IT.NET.USER.ZS,2004,13.3228526892,"Sub-Saharan Africa","Lower middle income"
"Sao Tome and Principe",STP,"Individuals using the Internet (% of population)",IT.NET.USER.ZS,2005,13.7594995500,"Sub-Saharan Africa","Lower middle income"
"Sao Tome and Principe",STP,"Individuals using the Internet (% of population)",IT.NET.USER.ZS,2006,14.1820001600,"Sub-Saharan Africa","Lower middle income"
"Sao Tome and Principe",STP,"Individuals using the Internet (% of population)",IT.NET.USER.ZS,2007,14.5904831987,"Sub-Saharan Africa","Lower middle income"
"Sao Tome and Principe",STP,"Individuals using the Internet (% of population)",IT.NET.USER.ZS,2008,15.4799995400,"Sub-Saharan Africa","Lower middle income"
"Sao Tome and Principe",STP,"Individuals using the Internet (% of population)",IT.NET.USER.ZS,2009,16.4099998500,"Sub-Saharan Africa","Lower middle income"
"Sao Tome and Principe",STP,"Individuals using the Internet (% of population)",IT.NET.USER.ZS,2010,18.7500000000,"Sub-Saharan Africa","Lower middle income"
"Sao Tome and Principe",STP,"Individuals using the Internet (% of population)",IT.NET.USER.ZS,2011,20.1611995700,"Sub-Saharan Africa","Lower middle income"
"Sao Tome and Principe",STP,"Individuals using the Internet (% of population)",IT.NET.USER.ZS,2012,21.5723991400,"Sub-Saharan Africa","Lower middle income"
"Sao Tome and Principe",STP,"Individuals using the Internet (% of population)",IT.NET.USER.ZS,2013,23.0000000000,"Sub-Saharan Africa","Lower middle income"
"Sao Tome and Principe",STP,"Individuals using the Internet (% of population)",IT.NET.USER.ZS,2014,24.4099998500,"Sub-Saharan Africa","Lower middle income"
"Sao Tome and Principe",STP,"Individuals using the Internet (% of population)",IT.NET.USER.ZS,2015,25.8199996900,"Sub-Saharan Africa","Lower middle income"
"Sao Tome and Principe",STP,"Individuals using the Internet (% of population)",IT.NET.USER.ZS,2016,28.0000000000,"Sub-Saharan Africa","Lower middle income"
"Sao Tome and Principe",STP,"Individuals using the Internet (% of population)",IT.NET.USER.ZS,2017,32.6164016700,"Sub-Saharan Africa","Lower middle income"
"Sao Tome and Principe",STP,"Individuals using the Internet (% of population)",IT.NET.USER.ZS,2018,37.9938011200,"Sub-Saharan Africa","Lower middle income"
"Sao Tome and Principe",STP,"Individuals using the Internet (% of population)",IT.NET.USER.ZS,2019,44.2579002400,"Sub-Saharan Africa","Lower middle income"
"Sao Tome and Principe",STP,"Individuals using the Internet (% of population)",IT.NET.USER.ZS,2020,51.5546989400,"Sub-Saharan Africa","Lower middle income"
"Sao Tome and Principe",STP,"Individuals using the Internet (% of population)",IT.NET.USER.ZS,2021,54.9495010400,"Sub-Saharan Africa","Lower middle income"
"Sao Tome and Principe",STP,"Individuals using the Internet (% of population)",IT.NET.USER.ZS,2022,58.5677986100,"Sub-Saharan Africa","Lower middle income"
"Sao Tome and Principe",STP,"Individuals using the Internet (% of population)",IT.NET.USER.ZS,2023,58.7013015700,"Sub-Saharan Africa","Lower middle income"
"Sao Tome and Principe",STP,"Individuals using the Internet (% of population)",IT.NET.USER.ZS,2024,59.1175994900,"Sub-Saharan Africa","Lower middle income"
"Sao Tome and Principe",STP,"Mobile cellular subscriptions (per 100 people)",IT.CEL.SETS.P2,2000,0.0000000000,"Sub-Saharan Africa","Lower middle income"
"Sao Tome and Principe",STP,"Mobile cellular subscriptions (per 100 people)",IT.CEL.SETS.P2,2001,0.0000000000,"Sub-Saharan Africa","Lower middle income"
"Sao Tome and Principe",STP,"Mobile cellular subscriptions (per 100 people)",IT.CEL.SETS.P2,2002,1.3206867571,"Sub-Saharan Africa","Lower middle income"
"Sao Tome and Principe",STP,"Mobile cellular subscriptions (per 100 people)",IT.CEL.SETS.P2,2003,3.1330047980,"Sub-Saharan Africa","Lower middle income"
"Sao Tome and Principe",STP,"Mobile cellular subscriptions (per 100 people)",IT.CEL.SETS.P2,2004,4.9110681335,"Sub-Saharan Africa","Lower middle income"
"Sao Tome and Principe",STP,"Mobile cellular subscriptions (per 100 people)",IT.CEL.SETS.P2,2005,7.3948737619,"Sub-Saharan Africa","Lower middle income"
"Sao Tome and Principe",STP,"Mobile cellular subscriptions (per 100 people)",IT.CEL.SETS.P2,2006,11.1230514737,"Sub-Saharan Africa","Lower middle income"
"Sao Tome and Principe",STP,"Mobile cellular subscriptions (per 100 people)",IT.CEL.SETS.P2,2007,17.7365939894,"Sub-Saharan Africa","Lower middle income"
"Sao Tome and Principe",STP,"Mobile cellular subscriptions (per 100 people)",IT.CEL.SETS.P2,2008,29.0869022343,"Sub-Saharan Africa","Lower middle income"
"Sao Tome and Principe",STP,"Mobile cellular subscriptions (per 100 people)",IT.CEL.SETS.P2,2009,45.4470827031,"Sub-Saharan Africa","Lower middle income"
"Sao Tome and Principe",STP,"Mobile cellular subscriptions (per 100 people)",IT.CEL.SETS.P2,2010,56.5065290811,"Sub-Saharan Africa","Lower middle income"
"Sao Tome and Principe",STP,"Mobile cellular subscriptions (per 100 people)",IT.CEL.SETS.P2,2011,61.9653216554,"Sub-Saharan Africa","Lower middle income"
"Sao Tome and Principe",STP,"Mobile cellular subscriptions (per 100 people)",IT.CEL.SETS.P2,2012,64.4914721889,"Sub-Saharan Africa","Lower middle income"
"Sao Tome and Principe",STP,"Mobile cellular subscriptions (per 100 people)",IT.CEL.SETS.P2,2013,64.8875473730,"Sub-Saharan Africa","Lower middle income"
"Sao Tome and Principe",STP,"Mobile cellular subscriptions (per 100 people)",IT.CEL.SETS.P2,2014,65.3056660924,"Sub-Saharan Africa","Lower middle income"
"Sao Tome and Principe",STP,"Mobile cellular subscriptions (per 100 people)",IT.CEL.SETS.P2,2015,92.3511291071,"Sub-Saharan Africa","Lower middle income"
"Sao Tome and Principe",STP,"Mobile cellular subscriptions (per 100 people)",IT.CEL.SETS.P2,2016,87.4112004085,"Sub-Saharan Africa","Lower middle income"
"Sao Tome and Principe",STP,"Mobile cellular subscriptions (per 100 people)",IT.CEL.SETS.P2,2017,84.0522781079,"Sub-Saharan Africa","Lower middle income"
"Sao Tome and Principe",STP,"Mobile cellular subscriptions (per 100 people)",IT.CEL.SETS.P2,2018,77.3644421396,"Sub-Saharan Africa","Lower middle income"
"Sao Tome and Principe",STP,"Mobile cellular subscriptions (per 100 people)",IT.CEL.SETS.P2,2019,77.6791069956,"Sub-Saharan Africa","Lower middle income"
"Sao Tome and Principe",STP,"Mobile cellular subscriptions (per 100 people)",IT.CEL.SETS.P2,2020,80.1172764274,"Sub-Saharan Africa","Lower middle income"
"Sao Tome and Principe",STP,"Mobile cellular subscriptions (per 100 people)",IT.CEL.SETS.P2,2021,85.2577705092,"Sub-Saharan Africa","Lower middle income"
"Sao Tome and Principe",STP,"Mobile cellular subscriptions (per 100 people)",IT.CEL.SETS.P2,2022,86.7784626942,"Sub-Saharan Africa","Lower middle income"
"Sao Tome and Principe",STP,"Mobile cellular subscriptions (per 100 people)",IT.CEL.SETS.P2,2023,63.4540500972,"Sub-Saharan Africa","Lower middle income"
"Sao Tome and Principe",STP,"Mobile cellular subscriptions (per 100 people)",IT.CEL.SETS.P2,2024,62.4367400312,"Sub-Saharan Africa","Lower middle income"
"Sao Tome and Principe",STP,"Secure Internet servers (per 1 million people)",IT.NET.SECR.P6,2010,0.0000000000,"Sub-Saharan Africa","Lower middle income"
"Sao Tome and Principe",STP,"Secure Internet servers (per 1 million people)",IT.NET.SECR.P6,2011,5.3865089497,"Sub-Saharan Africa","Lower middle income"
"Sao Tome and Principe",STP,"Secure Internet servers (per 1 million people)",IT.NET.SECR.P6,2012,5.2787440812,"Sub-Saharan Africa","Lower middle income"
"Sao Tome and Principe",STP,"Secure Internet servers (per 1 million people)",IT.NET.SECR.P6,2013,10.3547538675,"Sub-Saharan Africa","Lower middle income"
"Sao Tome and Principe",STP,"Secure Internet servers (per 1 million people)",IT.NET.SECR.P6,2014,10.1643060066,"Sub-Saharan Africa","Lower middle income"
"Sao Tome and Principe",STP,"Secure Internet servers (per 1 million people)",IT.NET.SECR.P6,2015,14.9782067092,"Sub-Saharan Africa","Lower middle income"
"Sao Tome and Principe",STP,"Secure Internet servers (per 1 million people)",IT.NET.SECR.P6,2016,14.7283358453,"Sub-Saharan Africa","Lower middle income"
"Sao Tome and Principe",STP,"Secure Internet servers (per 1 million people)",IT.NET.SECR.P6,2017,38.6529448712,"Sub-Saharan Africa","Lower middle income"
"Sao Tome and Principe",STP,"Secure Internet servers (per 1 million people)",IT.NET.SECR.P6,2018,57.0920180601,"Sub-Saharan Africa","Lower middle income"
"Sao Tome and Principe",STP,"Secure Internet servers (per 1 million people)",IT.NET.SECR.P6,2019,60.9207467946,"Sub-Saharan Africa","Lower middle income"
"Sao Tome and Principe",STP,"Secure Internet servers (per 1 million people)",IT.NET.SECR.P6,2020,32.1935291007,"Sub-Saharan Africa","Lower middle income"
"Sao Tome and Principe",STP,"Secure Internet servers (per 1 million people)",IT.NET.SECR.P6,2021,40.5476637788,"Sub-Saharan Africa","Lower middle income"
"Sao Tome and Principe",STP,"Secure Internet servers (per 1 million people)",IT.NET.SECR.P6,2022,30.9317072093,"Sub-Saharan Africa","Lower middle income"
"Sao Tome and Principe",STP,"Secure Internet servers (per 1 million people)",IT.NET.SECR.P6,2023,38.9828085814,"Sub-Saharan Africa","Lower middle income"
"Sao Tome and Principe",STP,"Secure Internet servers (per 1 million people)",IT.NET.SECR.P6,2024,42.4563548672,"Sub-Saharan Africa","Lower middle income"
Senegal,SEN,"Fixed broadband subscriptions (per 100 people)",IT.NET.BBND.P2,2002,0.0114654640,"Sub-Saharan Africa","Lower middle income"
Senegal,SEN,"Fixed broadband subscriptions (per 100 people)",IT.NET.BBND.P2,2003,0.0222270393,"Sub-Saharan Africa","Lower middle income"
Senegal,SEN,"Fixed broadband subscriptions (per 100 people)",IT.NET.BBND.P2,2004,0.0698360670,"Sub-Saharan Africa","Lower middle income"
Senegal,SEN,"Fixed broadband subscriptions (per 100 people)",IT.NET.BBND.P2,2005,0.1604560983,"Sub-Saharan Africa","Lower middle income"
Senegal,SEN,"Fixed broadband subscriptions (per 100 people)",IT.NET.BBND.P2,2006,0.2515283788,"Sub-Saharan Africa","Lower middle income"
Senegal,SEN,"Fixed broadband subscriptions (per 100 people)",IT.NET.BBND.P2,2007,0.3239667422,"Sub-Saharan Africa","Lower middle income"
Senegal,SEN,"Fixed broadband subscriptions (per 100 people)",IT.NET.BBND.P2,2008,0.3930464034,"Sub-Saharan Africa","Lower middle income"
Senegal,SEN,"Fixed broadband subscriptions (per 100 people)",IT.NET.BBND.P2,2009,0.4759515972,"Sub-Saharan Africa","Lower middle income"
Senegal,SEN,"Fixed broadband subscriptions (per 100 people)",IT.NET.BBND.P2,2010,0.6224331567,"Sub-Saharan Africa","Lower middle income"
Senegal,SEN,"Fixed broadband subscriptions (per 100 people)",IT.NET.BBND.P2,2011,0.7154389760,"Sub-Saharan Africa","Lower middle income"
Senegal,SEN,"Fixed broadband subscriptions (per 100 people)",IT.NET.BBND.P2,2012,0.7179372367,"Sub-Saharan Africa","Lower middle income"
Senegal,SEN,"Fixed broadband subscriptions (per 100 people)",IT.NET.BBND.P2,2013,0.7784565347,"Sub-Saharan Africa","Lower middle income"
Senegal,SEN,"Fixed broadband subscriptions (per 100 people)",IT.NET.BBND.P2,2014,0.7303650016,"Sub-Saharan Africa","Lower middle income"
Senegal,SEN,"Fixed broadband subscriptions (per 100 people)",IT.NET.BBND.P2,2015,0.6894313574,"Sub-Saharan Africa","Lower middle income"
Senegal,SEN,"Fixed broadband subscriptions (per 100 people)",IT.NET.BBND.P2,2016,0.6541811342,"Sub-Saharan Africa","Lower middle income"
Senegal,SEN,"Fixed broadband subscriptions (per 100 people)",IT.NET.BBND.P2,2017,0.7224231700,"Sub-Saharan Africa","Lower middle income"
Senegal,SEN,"Fixed broadband subscriptions (per 100 people)",IT.NET.BBND.P2,2018,0.8157341815,"Sub-Saharan Africa","Lower middle income"
Senegal,SEN,"Fixed broadband subscriptions (per 100 people)",IT.NET.BBND.P2,2019,0.9297849033,"Sub-Saharan Africa","Lower middle income"
Senegal,SEN,"Fixed broadband subscriptions (per 100 people)",IT.NET.BBND.P2,2020,1.0564100689,"Sub-Saharan Africa","Lower middle income"
Senegal,SEN,"Fixed broadband subscriptions (per 100 people)",IT.NET.BBND.P2,2021,1.2096603499,"Sub-Saharan Africa","Lower middle income"
Senegal,SEN,"Fixed broadband subscriptions (per 100 people)",IT.NET.BBND.P2,2022,1.4036516585,"Sub-Saharan Africa","Lower middle income"
Senegal,SEN,"Fixed broadband subscriptions (per 100 people)",IT.NET.BBND.P2,2023,1.9739320096,"Sub-Saharan Africa","Lower middle income"
Senegal,SEN,"Fixed broadband subscriptions (per 100 people)",IT.NET.BBND.P2,2024,4.0382858400,"Sub-Saharan Africa","Lower middle income"
Senegal,SEN,"Individuals using the Internet (% of population)",IT.NET.USER.ZS,2000,0.4039674859,"Sub-Saharan Africa","Lower middle income"
Senegal,SEN,"Individuals using the Internet (% of population)",IT.NET.USER.ZS,2001,0.9837940588,"Sub-Saharan Africa","Lower middle income"
Senegal,SEN,"Individuals using the Internet (% of population)",IT.NET.USER.ZS,2002,1.0064545367,"Sub-Saharan Africa","Lower middle income"
Senegal,SEN,"Individuals using the Internet (% of population)",IT.NET.USER.ZS,2003,2.1014364299,"Sub-Saharan Africa","Lower middle income"
Senegal,SEN,"Individuals using the Internet (% of population)",IT.NET.USER.ZS,2004,4.3860239801,"Sub-Saharan Africa","Lower middle income"
Senegal,SEN,"Individuals using the Internet (% of population)",IT.NET.USER.ZS,2005,4.7866840831,"Sub-Saharan Africa","Lower middle income"
Senegal,SEN,"Individuals using the Internet (% of population)",IT.NET.USER.ZS,2006,5.6117386522,"Sub-Saharan Africa","Lower middle income"
Senegal,SEN,"Individuals using the Internet (% of population)",IT.NET.USER.ZS,2007,6.8899998660,"Sub-Saharan Africa","Lower middle income"
Senegal,SEN,"Individuals using the Internet (% of population)",IT.NET.USER.ZS,2008,7.1199998860,"Sub-Saharan Africa","Lower middle income"
Senegal,SEN,"Individuals using the Internet (% of population)",IT.NET.USER.ZS,2009,7.5000000000,"Sub-Saharan Africa","Lower middle income"
Senegal,SEN,"Individuals using the Internet (% of population)",IT.NET.USER.ZS,2010,8.0000000000,"Sub-Saharan Africa","Lower middle income"
Senegal,SEN,"Individuals using the Internet (% of population)",IT.NET.USER.ZS,2011,9.8000001910,"Sub-Saharan Africa","Lower middle income"
Senegal,SEN,"Individuals using the Internet (% of population)",IT.NET.USER.ZS,2012,10.8000001900,"Sub-Saharan Africa","Lower middle income"
Senegal,SEN,"Individuals using the Internet (% of population)",IT.NET.USER.ZS,2013,13.1000003800,"Sub-Saharan Africa","Lower middle income"
Senegal,SEN,"Individuals using the Internet (% of population)",IT.NET.USER.ZS,2014,17.7000007600,"Sub-Saharan Africa","Lower middle income"
Senegal,SEN,"Individuals using the Internet (% of population)",IT.NET.USER.ZS,2015,21.7000007600,"Sub-Saharan Africa","Lower middle income"
Senegal,SEN,"Individuals using the Internet (% of population)",IT.NET.USER.ZS,2016,25.6648006400,"Sub-Saharan Africa","Lower middle income"
Senegal,SEN,"Individuals using the Internet (% of population)",IT.NET.USER.ZS,2017,29.6431007400,"Sub-Saharan Africa","Lower middle income"
Senegal,SEN,"Individuals using the Internet (% of population)",IT.NET.USER.ZS,2018,35.2999992400,"Sub-Saharan Africa","Lower middle income"
Senegal,SEN,"Individuals using the Internet (% of population)",IT.NET.USER.ZS,2019,43.3796997100,"Sub-Saharan Africa","Lower middle income"
Senegal,SEN,"Individuals using the Internet (% of population)",IT.NET.USER.ZS,2020,53.3087997400,"Sub-Saharan Africa","Lower middle income"
Senegal,SEN,"Individuals using the Internet (% of population)",IT.NET.USER.ZS,2021,55.0404014600,"Sub-Saharan Africa","Lower middle income"
Senegal,SEN,"Individuals using the Internet (% of population)",IT.NET.USER.ZS,2022,56.8283004800,"Sub-Saharan Africa","Lower middle income"
Senegal,SEN,"Individuals using the Internet (% of population)",IT.NET.USER.ZS,2023,59.1874008200,"Sub-Saharan Africa","Lower middle income"
Senegal,SEN,"Individuals using the Internet (% of population)",IT.NET.USER.ZS,2024,60.1178016700,"Sub-Saharan Africa","Lower middle income"
Senegal,SEN,"Mobile cellular subscriptions (per 100 people)",IT.CEL.SETS.P2,2000,2.5104782580,"Sub-Saharan Africa","Lower middle income"
Senegal,SEN,"Mobile cellular subscriptions (per 100 people)",IT.CEL.SETS.P2,2001,2.9551817684,"Sub-Saharan Africa","Lower middle income"
Senegal,SEN,"Mobile cellular subscriptions (per 100 people)",IT.CEL.SETS.P2,2002,5.2879579951,"Sub-Saharan Africa","Lower middle income"
Senegal,SEN,"Mobile cellular subscriptions (per 100 people)",IT.CEL.SETS.P2,2003,7.2979214221,"Sub-Saharan Africa","Lower middle income"
Senegal,SEN,"Mobile cellular subscriptions (per 100 people)",IT.CEL.SETS.P2,2004,10.2163287202,"Sub-Saharan Africa","Lower middle income"
Senegal,SEN,"Mobile cellular subscriptions (per 100 people)",IT.CEL.SETS.P2,2005,15.3986054168,"Sub-Saharan Africa","Lower middle income"
Senegal,SEN,"Mobile cellular subscriptions (per 100 people)",IT.CEL.SETS.P2,2006,25.9356401782,"Sub-Saharan Africa","Lower middle income"
Senegal,SEN,"Mobile cellular subscriptions (per 100 people)",IT.CEL.SETS.P2,2007,30.8470508593,"Sub-Saharan Africa","Lower middle income"
Senegal,SEN,"Mobile cellular subscriptions (per 100 people)",IT.CEL.SETS.P2,2008,44.7269593996,"Sub-Saharan Africa","Lower middle income"
Senegal,SEN,"Mobile cellular subscriptions (per 100 people)",IT.CEL.SETS.P2,2009,55.9396481703,"Sub-Saharan Africa","Lower middle income"
Senegal,SEN,"Mobile cellular subscriptions (per 100 people)",IT.CEL.SETS.P2,2010,66.0343828888,"Sub-Saharan Africa","Lower middle income"
Senegal,SEN,"Mobile cellular subscriptions (per 100 people)",IT.CEL.SETS.P2,2011,72.1733338879,"Sub-Saharan Africa","Lower middle income"
Senegal,SEN,"Mobile cellular subscriptions (per 100 people)",IT.CEL.SETS.P2,2012,86.1774562103,"Sub-Saharan Africa","Lower middle income"
Senegal,SEN,"Mobile cellular subscriptions (per 100 people)",IT.CEL.SETS.P2,2013,95.7910921490,"Sub-Saharan Africa","Lower middle income"
Senegal,SEN,"Mobile cellular subscriptions (per 100 people)",IT.CEL.SETS.P2,2014,101.6084324435,"Sub-Saharan Africa","Lower middle income"
Senegal,SEN,"Mobile cellular subscriptions (per 100 people)",IT.CEL.SETS.P2,2015,102.5089953760,"Sub-Saharan Africa","Lower middle income"
Senegal,SEN,"Mobile cellular subscriptions (per 100 people)",IT.CEL.SETS.P2,2016,101.0107671538,"Sub-Saharan Africa","Lower middle income"
Senegal,SEN,"Mobile cellular subscriptions (per 100 people)",IT.CEL.SETS.P2,2017,101.8311080024,"Sub-Saharan Africa","Lower middle income"
Senegal,SEN,"Mobile cellular subscriptions (per 100 people)",IT.CEL.SETS.P2,2018,104.0556981439,"Sub-Saharan Africa","Lower middle income"
Senegal,SEN,"Mobile cellular subscriptions (per 100 people)",IT.CEL.SETS.P2,2019,109.3418900916,"Sub-Saharan Africa","Lower middle income"
Senegal,SEN,"Mobile cellular subscriptions (per 100 people)",IT.CEL.SETS.P2,2020,113.6380912060,"Sub-Saharan Africa","Lower middle income"
Senegal,SEN,"Mobile cellular subscriptions (per 100 people)",IT.CEL.SETS.P2,2021,115.3250936785,"Sub-Saharan Africa","Lower middle income"
Senegal,SEN,"Mobile cellular subscriptions (per 100 people)",IT.CEL.SETS.P2,2022,118.1502934972,"Sub-Saharan Africa","Lower middle income"
Senegal,SEN,"Mobile cellular subscriptions (per 100 people)",IT.CEL.SETS.P2,2023,123.9115726431,"Sub-Saharan Africa","Lower middle income"
Senegal,SEN,"Mobile cellular subscriptions (per 100 people)",IT.CEL.SETS.P2,2024,123.8944536975,"Sub-Saharan Africa","Lower middle income"
Senegal,SEN,"Secure Internet servers (per 1 million people)",IT.NET.SECR.P6,2010,1.0288543794,"Sub-Saharan Africa","Lower middle income"
Senegal,SEN,"Secure Internet servers (per 1 million people)",IT.NET.SECR.P6,2011,1.0031717977,"Sub-Saharan Africa","Lower middle income"
Senegal,SEN,"Secure Internet servers (per 1 million people)",IT.NET.SECR.P6,2012,2.1036032093,"Sub-Saharan Africa","Lower middle income"
Senegal,SEN,"Secure Internet servers (per 1 million people)",IT.NET.SECR.P6,2013,2.1880483112,"Sub-Saharan Africa","Lower middle income"
Senegal,SEN,"Secure Internet servers (per 1 million people)",IT.NET.SECR.P6,2014,3.0384178972,"Sub-Saharan Africa","Lower middle income"
Senegal,SEN,"Secure Internet servers (per 1 million people)",IT.NET.SECR.P6,2015,6.3042495233,"Sub-Saharan Africa","Lower middle income"
Senegal,SEN,"Secure Internet servers (per 1 million people)",IT.NET.SECR.P6,2016,7.0504407823,"Sub-Saharan Africa","Lower middle income"
Senegal,SEN,"Secure Internet servers (per 1 million people)",IT.NET.SECR.P6,2017,8.7883672002,"Sub-Saharan Africa","Lower middle income"
Senegal,SEN,"Secure Internet servers (per 1 million people)",IT.NET.SECR.P6,2018,17.0913339522,"Sub-Saharan Africa","Lower middle income"
Senegal,SEN,"Secure Internet servers (per 1 million people)",IT.NET.SECR.P6,2019,19.3237636674,"Sub-Saharan Africa","Lower middle income"
Senegal,SEN,"Secure Internet servers (per 1 million people)",IT.NET.SECR.P6,2020,26.2668561295,"Sub-Saharan Africa","Lower middle income"
Senegal,SEN,"Secure Internet servers (per 1 million people)",IT.NET.SECR.P6,2021,40.9967744365,"Sub-Saharan Africa","Lower middle income"
Senegal,SEN,"Secure Internet servers (per 1 million people)",IT.NET.SECR.P6,2022,44.5864487902,"Sub-Saharan Africa","Lower middle income"
Senegal,SEN,"Secure Internet servers (per 1 million people)",IT.NET.SECR.P6,2023,46.1898286899,"Sub-Saharan Africa","Lower middle income"
Senegal,SEN,"Secure Internet servers (per 1 million people)",IT.NET.SECR.P6,2024,59.6152282912,"Sub-Saharan Africa","Lower middle income"
Seychelles,SYC,"Fixed broadband subscriptions (per 100 people)",IT.NET.BBND.P2,2004,0.3958891057,"Sub-Saharan Africa","High income"
Seychelles,SYC,"Fixed broadband subscriptions (per 100 people)",IT.NET.BBND.P2,2005,1.0619944884,"Sub-Saharan Africa","High income"
Seychelles,SYC,"Fixed broadband subscriptions (per 100 people)",IT.NET.BBND.P2,2006,2.7386498180,"Sub-Saharan Africa","High income"
Seychelles,SYC,"Fixed broadband subscriptions (per 100 people)",IT.NET.BBND.P2,2007,3.8188218831,"Sub-Saharan Africa","High income"
Seychelles,SYC,"Fixed broadband subscriptions (per 100 people)",IT.NET.BBND.P2,2008,3.6921780285,"Sub-Saharan Africa","High income"
Seychelles,SYC,"Fixed broadband subscriptions (per 100 people)",IT.NET.BBND.P2,2009,4.8639295937,"Sub-Saharan Africa","High income"
Seychelles,SYC,"Fixed broadband subscriptions (per 100 people)",IT.NET.BBND.P2,2010,7.1527097746,"Sub-Saharan Africa","High income"
Seychelles,SYC,"Fixed broadband subscriptions (per 100 people)",IT.NET.BBND.P2,2011,9.7006926121,"Sub-Saharan Africa","High income"
Seychelles,SYC,"Fixed broadband subscriptions (per 100 people)",IT.NET.BBND.P2,2012,10.6255588037,"Sub-Saharan Africa","High income"
Seychelles,SYC,"Fixed broadband subscriptions (per 100 people)",IT.NET.BBND.P2,2013,12.1565631336,"Sub-Saharan Africa","High income"
Seychelles,SYC,"Fixed broadband subscriptions (per 100 people)",IT.NET.BBND.P2,2014,11.3010491716,"Sub-Saharan Africa","High income"
Seychelles,SYC,"Fixed broadband subscriptions (per 100 people)",IT.NET.BBND.P2,2015,12.5151543411,"Sub-Saharan Africa","High income"
Seychelles,SYC,"Fixed broadband subscriptions (per 100 people)",IT.NET.BBND.P2,2016,12.7798872711,"Sub-Saharan Africa","High income"
Seychelles,SYC,"Fixed broadband subscriptions (per 100 people)",IT.NET.BBND.P2,2017,13.5385628008,"Sub-Saharan Africa","High income"
Seychelles,SYC,"Fixed broadband subscriptions (per 100 people)",IT.NET.BBND.P2,2018,17.1149165508,"Sub-Saharan Africa","High income"
Seychelles,SYC,"Fixed broadband subscriptions (per 100 people)",IT.NET.BBND.P2,2019,22.9273268168,"Sub-Saharan Africa","High income"
Seychelles,SYC,"Fixed broadband subscriptions (per 100 people)",IT.NET.BBND.P2,2020,29.0678438121,"Sub-Saharan Africa","High income"
Seychelles,SYC,"Fixed broadband subscriptions (per 100 people)",IT.NET.BBND.P2,2021,33.5645230797,"Sub-Saharan Africa","High income"
Seychelles,SYC,"Fixed broadband subscriptions (per 100 people)",IT.NET.BBND.P2,2022,29.8314239735,"Sub-Saharan Africa","High income"
Seychelles,SYC,"Fixed broadband subscriptions (per 100 people)",IT.NET.BBND.P2,2023,30.7719361318,"Sub-Saharan Africa","High income"
Seychelles,SYC,"Fixed broadband subscriptions (per 100 people)",IT.NET.BBND.P2,2024,31.5968654634,"Sub-Saharan Africa","High income"
Seychelles,SYC,"Individuals using the Internet (% of population)",IT.NET.USER.ZS,2000,7.3956291832,"Sub-Saharan Africa","High income"
Seychelles,SYC,"Individuals using the Internet (% of population)",IT.NET.USER.ZS,2001,11.0151029300,"Sub-Saharan Africa","High income"
Seychelles,SYC,"Individuals using the Internet (% of population)",IT.NET.USER.ZS,2002,14.3041708310,"Sub-Saharan Africa","High income"
Seychelles,SYC,"Individuals using the Internet (% of population)",IT.NET.USER.ZS,2003,14.5925043169,"Sub-Saharan Africa","High income"
Seychelles,SYC,"Individuals using the Internet (% of population)",IT.NET.USER.ZS,2004,24.2721392250,"Sub-Saharan Africa","High income"
Seychelles,SYC,"Individuals using the Internet (% of population)",IT.NET.USER.ZS,2005,25.4132681463,"Sub-Saharan Africa","High income"
Seychelles,SYC,"Individuals using the Internet (% of population)",IT.NET.USER.ZS,2006,34.9519711707,"Sub-Saharan Africa","High income"
Seychelles,SYC,"Individuals using the Internet (% of population)",IT.NET.USER.ZS,2007,38.3800000000,"Sub-Saharan Africa","High income"
Seychelles,SYC,"Individuals using the Internet (% of population)",IT.NET.USER.ZS,2008,40.4400000000,"Sub-Saharan Africa","High income"
Seychelles,SYC,"Individuals using the Internet (% of population)",IT.NET.USER.ZS,2010,41.0000000000,"Sub-Saharan Africa","High income"
Seychelles,SYC,"Individuals using the Internet (% of population)",IT.NET.USER.ZS,2011,43.1640014600,"Sub-Saharan Africa","High income"
Seychelles,SYC,"Individuals using the Internet (% of population)",IT.NET.USER.ZS,2012,47.0760002100,"Sub-Saharan Africa","High income"
Seychelles,SYC,"Individuals using the Internet (% of population)",IT.NET.USER.ZS,2013,50.4000015300,"Sub-Saharan Africa","High income"
Seychelles,SYC,"Individuals using the Internet (% of population)",IT.NET.USER.ZS,2014,51.2546997100,"Sub-Saharan Africa","High income"
Seychelles,SYC,"Individuals using the Internet (% of population)",IT.NET.USER.ZS,2015,54.2596015900,"Sub-Saharan Africa","High income"
Seychelles,SYC,"Individuals using the Internet (% of population)",IT.NET.USER.ZS,2016,56.5147018400,"Sub-Saharan Africa","High income"
Seychelles,SYC,"Individuals using the Internet (% of population)",IT.NET.USER.ZS,2017,62.5531005900,"Sub-Saharan Africa","High income"
Seychelles,SYC,"Individuals using the Internet (% of population)",IT.NET.USER.ZS,2018,69.2366027800,"Sub-Saharan Africa","High income"
Seychelles,SYC,"Individuals using the Internet (% of population)",IT.NET.USER.ZS,2019,76.6342010500,"Sub-Saharan Africa","High income"
Seychelles,SYC,"Individuals using the Internet (% of population)",IT.NET.USER.ZS,2020,79.2517013500,"Sub-Saharan Africa","High income"
Seychelles,SYC,"Individuals using the Internet (% of population)",IT.NET.USER.ZS,2021,81.9953002900,"Sub-Saharan Africa","High income"
Seychelles,SYC,"Individuals using the Internet (% of population)",IT.NET.USER.ZS,2022,84.8338012700,"Sub-Saharan Africa","High income"
Seychelles,SYC,"Individuals using the Internet (% of population)",IT.NET.USER.ZS,2023,86.0012970000,"Sub-Saharan Africa","High income"
Seychelles,SYC,"Individuals using the Internet (% of population)",IT.NET.USER.ZS,2024,87.8180007900,"Sub-Saharan Africa","High income"
Seychelles,SYC,"Mobile cellular subscriptions (per 100 people)",IT.CEL.SETS.P2,2000,31.1589332437,"Sub-Saharan Africa","High income"
Seychelles,SYC,"Mobile cellular subscriptions (per 100 people)",IT.CEL.SETS.P2,2001,43.3574450985,"Sub-Saharan Africa","High income"
Seychelles,SYC,"Mobile cellular subscriptions (per 100 people)",IT.CEL.SETS.P2,2002,52.0994211305,"Sub-Saharan Africa","High income"
Seychelles,SYC,"Mobile cellular subscriptions (per 100 people)",IT.CEL.SETS.P2,2003,56.5629524094,"Sub-Saharan Africa","High income"
Seychelles,SYC,"Mobile cellular subscriptions (per 100 people)",IT.CEL.SETS.P2,2004,61.6736240301,"Sub-Saharan Africa","High income"
Seychelles,SYC,"Mobile cellular subscriptions (per 100 people)",IT.CEL.SETS.P2,2005,65.8772657003,"Sub-Saharan Africa","High income"
Seychelles,SYC,"Mobile cellular subscriptions (per 100 people)",IT.CEL.SETS.P2,2006,77.8329810895,"Sub-Saharan Africa","High income"
Seychelles,SYC,"Mobile cellular subscriptions (per 100 people)",IT.CEL.SETS.P2,2007,84.4863777496,"Sub-Saharan Africa","High income"
Seychelles,SYC,"Mobile cellular subscriptions (per 100 people)",IT.CEL.SETS.P2,2008,101.0038142782,"Sub-Saharan Africa","High income"
Seychelles,SYC,"Mobile cellular subscriptions (per 100 people)",IT.CEL.SETS.P2,2009,118.1996838553,"Sub-Saharan Africa","High income"
Seychelles,SYC,"Mobile cellular subscriptions (per 100 people)",IT.CEL.SETS.P2,2010,123.8135851997,"Sub-Saharan Africa","High income"
Seychelles,SYC,"Mobile cellular subscriptions (per 100 people)",IT.CEL.SETS.P2,2011,130.4769953826,"Sub-Saharan Africa","High income"
Seychelles,SYC,"Mobile cellular subscriptions (per 100 people)",IT.CEL.SETS.P2,2012,137.1065770572,"Sub-Saharan Africa","High income"
Seychelles,SYC,"Mobile cellular subscriptions (per 100 people)",IT.CEL.SETS.P2,2013,133.9856797234,"Sub-Saharan Africa","High income"
Seychelles,SYC,"Mobile cellular subscriptions (per 100 people)",IT.CEL.SETS.P2,2014,144.6060351253,"Sub-Saharan Africa","High income"
Seychelles,SYC,"Mobile cellular subscriptions (per 100 people)",IT.CEL.SETS.P2,2015,138.2486244521,"Sub-Saharan Africa","High income"
Seychelles,SYC,"Mobile cellular subscriptions (per 100 people)",IT.CEL.SETS.P2,2016,138.2768322998,"Sub-Saharan Africa","High income"
Seychelles,SYC,"Mobile cellular subscriptions (per 100 people)",IT.CEL.SETS.P2,2017,148.7916603663,"Sub-Saharan Africa","High income"
Seychelles,SYC,"Mobile cellular subscriptions (per 100 people)",IT.CEL.SETS.P2,2018,155.5511126565,"Sub-Saharan Africa","High income"
Seychelles,SYC,"Mobile cellular subscriptions (per 100 people)",IT.CEL.SETS.P2,2019,164.6170845729,"Sub-Saharan Africa","High income"
Seychelles,SYC,"Mobile cellular subscriptions (per 100 people)",IT.CEL.SETS.P2,2020,152.5450781854,"Sub-Saharan Africa","High income"
Seychelles,SYC,"Mobile cellular subscriptions (per 100 people)",IT.CEL.SETS.P2,2021,149.4792132502,"Sub-Saharan Africa","High income"
Seychelles,SYC,"Mobile cellular subscriptions (per 100 people)",IT.CEL.SETS.P2,2022,163.4295183314,"Sub-Saharan Africa","High income"
Seychelles,SYC,"Mobile cellular subscriptions (per 100 people)",IT.CEL.SETS.P2,2023,129.2440074716,"Sub-Saharan Africa","High income"
Seychelles,SYC,"Mobile cellular subscriptions (per 100 people)",IT.CEL.SETS.P2,2024,125.6168627030,"Sub-Saharan Africa","High income"
Seychelles,SYC,"Secure Internet servers (per 1 million people)",IT.NET.SECR.P6,2010,66.8374735435,"Sub-Saharan Africa","High income"
Seychelles,SYC,"Secure Internet servers (per 1 million people)",IT.NET.SECR.P6,2011,160.1079585092,"Sub-Saharan Africa","High income"
Seychelles,SYC,"Secure Internet servers (per 1 million people)",IT.NET.SECR.P6,2012,226.4928711369,"Sub-Saharan Africa","High income"
Seychelles,SYC,"Secure Internet servers (per 1 million people)",IT.NET.SECR.P6,2013,355.7571512746,"Sub-Saharan Africa","High income"
Seychelles,SYC,"Secure Internet servers (per 1 million people)",IT.NET.SECR.P6,2014,394.0498473057,"Sub-Saharan Africa","High income"
Seychelles,SYC,"Secure Internet servers (per 1 million people)",IT.NET.SECR.P6,2015,1006.2192915788,"Sub-Saharan Africa","High income"
Seychelles,SYC,"Secure Internet servers (per 1 million people)",IT.NET.SECR.P6,2016,30947.3261721432,"Sub-Saharan Africa","High income"
Seychelles,SYC,"Secure Internet servers (per 1 million people)",IT.NET.SECR.P6,2017,155191.3024425362,"Sub-Saharan Africa","High income"
Seychelles,SYC,"Secure Internet servers (per 1 million people)",IT.NET.SECR.P6,2018,264256.6296686716,"Sub-Saharan Africa","High income"
Seychelles,SYC,"Secure Internet servers (per 1 million people)",IT.NET.SECR.P6,2019,96419.9743918054,"Sub-Saharan Africa","High income"
Seychelles,SYC,"Secure Internet servers (per 1 million people)",IT.NET.SECR.P6,2020,61109.8697974853,"Sub-Saharan Africa","High income"
Seychelles,SYC,"Secure Internet servers (per 1 million people)",IT.NET.SECR.P6,2021,70372.1614378690,"Sub-Saharan Africa","High income"
Seychelles,SYC,"Secure Internet servers (per 1 million people)",IT.NET.SECR.P6,2022,51769.2987871002,"Sub-Saharan Africa","High income"
Seychelles,SYC,"Secure Internet servers (per 1 million people)",IT.NET.SECR.P6,2023,52607.8498492983,"Sub-Saharan Africa","High income"
Seychelles,SYC,"Secure Internet servers (per 1 million people)",IT.NET.SECR.P6,2024,139583.3676681444,"Sub-Saharan Africa","High income"
"Sierra Leone",SLE,"Fixed broadband subscriptions (per 100 people)",IT.NET.BBND.P2,2019,0.0022245241,"Sub-Saharan Africa","Low income"
"Sierra Leone",SLE,"Fixed broadband subscriptions (per 100 people)",IT.NET.BBND.P2,2020,0.0022748648,"Sub-Saharan Africa","Low income"
"Sierra Leone",SLE,"Fixed broadband subscriptions (per 100 people)",IT.NET.BBND.P2,2021,0.0022731198,"Sub-Saharan Africa","Low income"
"Sierra Leone",SLE,"Individuals using the Internet (% of population)",IT.NET.USER.ZS,2000,0.1182542457,"Sub-Saharan Africa","Low income"
"Sierra Leone",SLE,"Individuals using the Internet (% of population)",IT.NET.USER.ZS,2001,0.1602644455,"Sub-Saharan Africa","Low income"
"Sierra Leone",SLE,"Individuals using the Internet (% of population)",IT.NET.USER.ZS,2002,0.1761989568,"Sub-Saharan Africa","Low income"
"Sierra Leone",SLE,"Individuals using the Internet (% of population)",IT.NET.USER.ZS,2003,0.1901732817,"Sub-Saharan Africa","Low income"
"Sierra Leone",SLE,"Individuals using the Internet (% of population)",IT.NET.USER.ZS,2004,0.2030076806,"Sub-Saharan Africa","Low income"
"Sierra Leone",SLE,"Individuals using the Internet (% of population)",IT.NET.USER.ZS,2005,0.2153999950,"Sub-Saharan Africa","Low income"
"Sierra Leone",SLE,"Individuals using the Internet (% of population)",IT.NET.USER.ZS,2006,0.2276999950,"Sub-Saharan Africa","Low income"
"Sierra Leone",SLE,"Individuals using the Internet (% of population)",IT.NET.USER.ZS,2007,0.2398000060,"Sub-Saharan Africa","Low income"
"Sierra Leone",SLE,"Individuals using the Internet (% of population)",IT.NET.USER.ZS,2008,0.2500000000,"Sub-Saharan Africa","Low income"
"Sierra Leone",SLE,"Individuals using the Internet (% of population)",IT.NET.USER.ZS,2009,0.2599999900,"Sub-Saharan Africa","Low income"
"Sierra Leone",SLE,"Individuals using the Internet (% of population)",IT.NET.USER.ZS,2010,0.5799999830,"Sub-Saharan Africa","Low income"
"Sierra Leone",SLE,"Individuals using the Internet (% of population)",IT.NET.USER.ZS,2011,0.8999999760,"Sub-Saharan Africa","Low income"
"Sierra Leone",SLE,"Individuals using the Internet (% of population)",IT.NET.USER.ZS,2012,2.5000000000,"Sub-Saharan Africa","Low income"
"Sierra Leone",SLE,"Individuals using the Internet (% of population)",IT.NET.USER.ZS,2013,4.0000000000,"Sub-Saharan Africa","Low income"
"Sierra Leone",SLE,"Individuals using the Internet (% of population)",IT.NET.USER.ZS,2014,6.0573000910,"Sub-Saharan Africa","Low income"
"Sierra Leone",SLE,"Individuals using the Internet (% of population)",IT.NET.USER.ZS,2015,6.3443999290,"Sub-Saharan Africa","Low income"
"Sierra Leone",SLE,"Individuals using the Internet (% of population)",IT.NET.USER.ZS,2016,7.6800999640,"Sub-Saharan Africa","Low income"
"Sierra Leone",SLE,"Individuals using the Internet (% of population)",IT.NET.USER.ZS,2017,9.2971000670,"Sub-Saharan Africa","Low income"
"Sierra Leone",SLE,"Individuals using the Internet (% of population)",IT.NET.USER.ZS,2018,14.4223003400,"Sub-Saharan Africa","Low income"
"Sierra Leone",SLE,"Individuals using the Internet (% of population)",IT.NET.USER.ZS,2019,15.7137002900,"Sub-Saharan Africa","Low income"
"Sierra Leone",SLE,"Individuals using the Internet (% of population)",IT.NET.USER.ZS,2020,17.1208000200,"Sub-Saharan Africa","Low income"
"Sierra Leone",SLE,"Individuals using the Internet (% of population)",IT.NET.USER.ZS,2021,18.6539001500,"Sub-Saharan Africa","Low income"
"Sierra Leone",SLE,"Individuals using the Internet (% of population)",IT.NET.USER.ZS,2022,21.5088005100,"Sub-Saharan Africa","Low income"
"Sierra Leone",SLE,"Individuals using the Internet (% of population)",IT.NET.USER.ZS,2023,23.7136001600,"Sub-Saharan Africa","Low income"
"Sierra Leone",SLE,"Individuals using the Internet (% of population)",IT.NET.USER.ZS,2024,25.1049995400,"Sub-Saharan Africa","Low income"
"Sierra Leone",SLE,"Mobile cellular subscriptions (per 100 people)",IT.CEL.SETS.P2,2000,0.2699152344,"Sub-Saharan Africa","Low income"
"Sierra Leone",SLE,"Mobile cellular subscriptions (per 100 people)",IT.CEL.SETS.P2,2001,0.5731222601,"Sub-Saharan Africa","Low income"
"Sierra Leone",SLE,"Mobile cellular subscriptions (per 100 people)",IT.CEL.SETS.P2,2002,1.3476994067,"Sub-Saharan Africa","Low income"
"Sierra Leone",SLE,"Mobile cellular subscriptions (per 100 people)",IT.CEL.SETS.P2,2003,2.1865748161,"Sub-Saharan Africa","Low income"
"Sierra Leone",SLE,"Mobile cellular subscriptions (per 100 people)",IT.CEL.SETS.P2,2007,13.4971732467,"Sub-Saharan Africa","Low income"
"Sierra Leone",SLE,"Mobile cellular subscriptions (per 100 people)",IT.CEL.SETS.P2,2008,17.1136145182,"Sub-Saharan Africa","Low income"
"Sierra Leone",SLE,"Mobile cellular subscriptions (per 100 people)",IT.CEL.SETS.P2,2009,19.1556771978,"Sub-Saharan Africa","Low income"
"Sierra Leone",SLE,"Mobile cellular subscriptions (per 100 people)",IT.CEL.SETS.P2,2010,32.1403169100,"Sub-Saharan Africa","Low income"
"Sierra Leone",SLE,"Mobile cellular subscriptions (per 100 people)",IT.CEL.SETS.P2,2011,33.4572729332,"Sub-Saharan Africa","Low income"
"Sierra Leone",SLE,"Mobile cellular subscriptions (per 100 people)",IT.CEL.SETS.P2,2012,33.7348956203,"Sub-Saharan Africa","Low income"
"Sierra Leone",SLE,"Mobile cellular subscriptions (per 100 people)",IT.CEL.SETS.P2,2013,59.5765507292,"Sub-Saharan Africa","Low income"
"Sierra Leone",SLE,"Mobile cellular subscriptions (per 100 people)",IT.CEL.SETS.P2,2014,69.1758823859,"Sub-Saharan Africa","Low income"
"Sierra Leone",SLE,"Mobile cellular subscriptions (per 100 people)",IT.CEL.SETS.P2,2015,80.3818885694,"Sub-Saharan Africa","Low income"
"Sierra Leone",SLE,"Mobile cellular subscriptions (per 100 people)",IT.CEL.SETS.P2,2016,87.1475941137,"Sub-Saharan Africa","Low income"
"Sierra Leone",SLE,"Mobile cellular subscriptions (per 100 people)",IT.CEL.SETS.P2,2017,89.7781754066,"Sub-Saharan Africa","Low income"
"Sierra Leone",SLE,"Mobile cellular subscriptions (per 100 people)",IT.CEL.SETS.P2,2018,84.1233437328,"Sub-Saharan Africa","Low income"
"Sierra Leone",SLE,"Mobile cellular subscriptions (per 100 people)",IT.CEL.SETS.P2,2019,87.0384355077,"Sub-Saharan Africa","Low income"
"Sierra Leone",SLE,"Mobile cellular subscriptions (per 100 people)",IT.CEL.SETS.P2,2020,87.0034823125,"Sub-Saharan Africa","Low income"
"Sierra Leone",SLE,"Mobile cellular subscriptions (per 100 people)",IT.CEL.SETS.P2,2021,101.6367821420,"Sub-Saharan Africa","Low income"
"Sierra Leone",SLE,"Mobile cellular subscriptions (per 100 people)",IT.CEL.SETS.P2,2022,107.8820008730,"Sub-Saharan Africa","Low income"
"Sierra Leone",SLE,"Secure Internet servers (per 1 million people)",IT.NET.SECR.P6,2010,0.4821047536,"Sub-Saharan Africa","Low income"
"Sierra Leone",SLE,"Secure Internet servers (per 1 million people)",IT.NET.SECR.P6,2011,0.6262475046,"Sub-Saharan Africa","Low income"
"Sierra Leone",SLE,"Secure Internet servers (per 1 million people)",IT.NET.SECR.P6,2012,1.3738192787,"Sub-Saharan Africa","Low income"
"Sierra Leone",SLE,"Secure Internet servers (per 1 million people)",IT.NET.SECR.P6,2013,1.0425896378,"Sub-Saharan Africa","Low income"
"Sierra Leone",SLE,"Secure Internet servers (per 1 million people)",IT.NET.SECR.P6,2014,0.7271262444,"Sub-Saharan Africa","Low income"
"Sierra Leone",SLE,"Secure Internet servers (per 1 million people)",IT.NET.SECR.P6,2015,0.9946494962,"Sub-Saharan Africa","Low income"
"Sierra Leone",SLE,"Secure Internet servers (per 1 million people)",IT.NET.SECR.P6,2016,1.5266480582,"Sub-Saharan Africa","Low income"
"Sierra Leone",SLE,"Secure Internet servers (per 1 million people)",IT.NET.SECR.P6,2017,1.8971991784,"Sub-Saharan Africa","Low income"
"Sierra Leone",SLE,"Secure Internet servers (per 1 million people)",IT.NET.SECR.P6,2019,5.3026445582,"Sub-Saharan Africa","Low income"
"Sierra Leone",SLE,"Secure Internet servers (per 1 million people)",IT.NET.SECR.P6,2020,6.5718317641,"Sub-Saharan Africa","Low income"
"Sierra Leone",SLE,"Secure Internet servers (per 1 million people)",IT.NET.SECR.P6,2021,10.1302077607,"Sub-Saharan Africa","Low income"
"Sierra Leone",SLE,"Secure Internet servers (per 1 million people)",IT.NET.SECR.P6,2022,11.3570365964,"Sub-Saharan Africa","Low income"
"Sierra Leone",SLE,"Secure Internet servers (per 1 million people)",IT.NET.SECR.P6,2023,13.3561656789,"Sub-Saharan Africa","Low income"
"Sierra Leone",SLE,"Secure Internet servers (per 1 million people)",IT.NET.SECR.P6,2024,11.3399387319,"Sub-Saharan Africa","Low income"
Somalia,SOM,"Fixed broadband subscriptions (per 100 people)",IT.NET.BBND.P2,2012,0.3209974031,"Sub-Saharan Africa","Low income"
Somalia,SOM,"Fixed broadband subscriptions (per 100 people)",IT.NET.BBND.P2,2013,0.4662151735,"Sub-Saharan Africa","Low income"
Somalia,SOM,"Fixed broadband subscriptions (per 100 people)",IT.NET.BBND.P2,2014,0.5247576538,"Sub-Saharan Africa","Low income"
Somalia,SOM,"Fixed broadband subscriptions (per 100 people)",IT.NET.BBND.P2,2015,0.5939032356,"Sub-Saharan Africa","Low income"
Somalia,SOM,"Fixed broadband subscriptions (per 100 people)",IT.NET.BBND.P2,2016,0.6411712805,"Sub-Saharan Africa","Low income"
Somalia,SOM,"Fixed broadband subscriptions (per 100 people)",IT.NET.BBND.P2,2017,0.6569848992,"Sub-Saharan Africa","Low income"
Somalia,SOM,"Fixed broadband subscriptions (per 100 people)",IT.NET.BBND.P2,2019,0.6113166819,"Sub-Saharan Africa","Low income"
Somalia,SOM,"Fixed broadband subscriptions (per 100 people)",IT.NET.BBND.P2,2020,0.7146635937,"Sub-Saharan Africa","Low income"
Somalia,SOM,"Fixed broadband subscriptions (per 100 people)",IT.NET.BBND.P2,2021,0.6889990760,"Sub-Saharan Africa","Low income"
Somalia,SOM,"Fixed broadband subscriptions (per 100 people)",IT.NET.BBND.P2,2022,0.6684680852,"Sub-Saharan Africa","Low income"
Somalia,SOM,"Fixed broadband subscriptions (per 100 people)",IT.NET.BBND.P2,2023,0.7229630340,"Sub-Saharan Africa","Low income"
Somalia,SOM,"Individuals using the Internet (% of population)",IT.NET.USER.ZS,2000,0.0200000000,"Sub-Saharan Africa","Low income"
Somalia,SOM,"Individuals using the Internet (% of population)",IT.NET.USER.ZS,2001,0.0790391787,"Sub-Saharan Africa","Low income"
Somalia,SOM,"Individuals using the Internet (% of population)",IT.NET.USER.ZS,2002,0.1156142134,"Sub-Saharan Africa","Low income"
Somalia,SOM,"Individuals using the Internet (% of population)",IT.NET.USER.ZS,2003,0.3761980025,"Sub-Saharan Africa","Low income"
Somalia,SOM,"Individuals using the Internet (% of population)",IT.NET.USER.ZS,2004,1.0534547436,"Sub-Saharan Africa","Low income"
Somalia,SOM,"Individuals using the Internet (% of population)",IT.NET.USER.ZS,2005,1.0772999530,"Sub-Saharan Africa","Low income"
Somalia,SOM,"Individuals using the Internet (% of population)",IT.NET.USER.ZS,2006,1.1002000570,"Sub-Saharan Africa","Low income"
Somalia,SOM,"Individuals using the Internet (% of population)",IT.NET.USER.ZS,2007,1.1222000120,"Sub-Saharan Africa","Low income"
Somalia,SOM,"Individuals using the Internet (% of population)",IT.NET.USER.ZS,2008,1.1426999570,"Sub-Saharan Africa","Low income"
Somalia,SOM,"Individuals using the Internet (% of population)",IT.NET.USER.ZS,2009,1.1605999470,"Sub-Saharan Africa","Low income"
Somalia,SOM,"Individuals using the Internet (% of population)",IT.NET.USER.ZS,2011,1.2500000000,"Sub-Saharan Africa","Low income"
Somalia,SOM,"Individuals using the Internet (% of population)",IT.NET.USER.ZS,2012,1.3767000440,"Sub-Saharan Africa","Low income"
Somalia,SOM,"Individuals using the Internet (% of population)",IT.NET.USER.ZS,2013,1.5000000000,"Sub-Saharan Africa","Low income"
Somalia,SOM,"Individuals using the Internet (% of population)",IT.NET.USER.ZS,2014,1.6299999950,"Sub-Saharan Africa","Low income"
Somalia,SOM,"Individuals using the Internet (% of population)",IT.NET.USER.ZS,2015,1.7599999900,"Sub-Saharan Africa","Low income"
Somalia,SOM,"Individuals using the Internet (% of population)",IT.NET.USER.ZS,2016,1.8799999950,"Sub-Saharan Africa","Low income"
Somalia,SOM,"Individuals using the Internet (% of population)",IT.NET.USER.ZS,2019,2.7314000130,"Sub-Saharan Africa","Low income"
Somalia,SOM,"Individuals using the Internet (% of population)",IT.NET.USER.ZS,2020,15.0236997600,"Sub-Saharan Africa","Low income"
Somalia,SOM,"Individuals using the Internet (% of population)",IT.NET.USER.ZS,2021,23.8747997300,"Sub-Saharan Africa","Low income"
Somalia,SOM,"Individuals using the Internet (% of population)",IT.NET.USER.ZS,2022,27.6000000000,"Sub-Saharan Africa","Low income"
Somalia,SOM,"Individuals using the Internet (% of population)",IT.NET.USER.ZS,2023,26.1201000200,"Sub-Saharan Africa","Low income"
Somalia,SOM,"Individuals using the Internet (% of population)",IT.NET.USER.ZS,2024,27.9402008100,"Sub-Saharan Africa","Low income"
Somalia,SOM,"Mobile cellular subscriptions (per 100 people)",IT.CEL.SETS.P2,2000,0.9051091488,"Sub-Saharan Africa","Low income"
Somalia,SOM,"Mobile cellular subscriptions (per 100 people)",IT.CEL.SETS.P2,2001,0.9240644092,"Sub-Saharan Africa","Low income"
Somalia,SOM,"Mobile cellular subscriptions (per 100 people)",IT.CEL.SETS.P2,2002,1.0471135112,"Sub-Saharan Africa","Low income"
Somalia,SOM,"Mobile cellular subscriptions (per 100 people)",IT.CEL.SETS.P2,2003,2.0183351621,"Sub-Saharan Africa","Low income"
Somalia,SOM,"Mobile cellular subscriptions (per 100 people)",IT.CEL.SETS.P2,2004,4.8633410881,"Sub-Saharan Africa","Low income"
Somalia,SOM,"Mobile cellular subscriptions (per 100 people)",IT.CEL.SETS.P2,2005,4.6973815292,"Sub-Saharan Africa","Low income"
Somalia,SOM,"Mobile cellular subscriptions (per 100 people)",IT.CEL.SETS.P2,2006,5.0111603096,"Sub-Saharan Africa","Low income"
Somalia,SOM,"Mobile cellular subscriptions (per 100 people)",IT.CEL.SETS.P2,2007,5.2991446651,"Sub-Saharan Africa","Low income"
Somalia,SOM,"Mobile cellular subscriptions (per 100 people)",IT.CEL.SETS.P2,2008,5.3759365876,"Sub-Saharan Africa","Low income"
Somalia,SOM,"Mobile cellular subscriptions (per 100 people)",IT.CEL.SETS.P2,2009,5.3589936328,"Sub-Saharan Africa","Low income"
Somalia,SOM,"Mobile cellular subscriptions (per 100 people)",IT.CEL.SETS.P2,2010,5.2863553964,"Sub-Saharan Africa","Low income"
Somalia,SOM,"Mobile cellular subscriptions (per 100 people)",IT.CEL.SETS.P2,2011,14.5762796961,"Sub-Saharan Africa","Low income"
Somalia,SOM,"Mobile cellular subscriptions (per 100 people)",IT.CEL.SETS.P2,2012,18.4573506800,"Sub-Saharan Africa","Low income"
Somalia,SOM,"Mobile cellular subscriptions (per 100 people)",IT.CEL.SETS.P2,2013,40.2732207403,"Sub-Saharan Africa","Low income"
Somalia,SOM,"Mobile cellular subscriptions (per 100 people)",IT.CEL.SETS.P2,2014,41.2309585126,"Sub-Saharan Africa","Low income"
Somalia,SOM,"Mobile cellular subscriptions (per 100 people)",IT.CEL.SETS.P2,2015,42.2685278435,"Sub-Saharan Africa","Low income"
Somalia,SOM,"Mobile cellular subscriptions (per 100 people)",IT.CEL.SETS.P2,2016,46.3667193078,"Sub-Saharan Africa","Low income"
Somalia,SOM,"Mobile cellular subscriptions (per 100 people)",IT.CEL.SETS.P2,2017,47.7252601778,"Sub-Saharan Africa","Low income"
Somalia,SOM,"Mobile cellular subscriptions (per 100 people)",IT.CEL.SETS.P2,2018,49.5262671957,"Sub-Saharan Africa","Low income"
Somalia,SOM,"Mobile cellular subscriptions (per 100 people)",IT.CEL.SETS.P2,2019,51.3194116563,"Sub-Saharan Africa","Low income"
Somalia,SOM,"Mobile cellular subscriptions (per 100 people)",IT.CEL.SETS.P2,2020,53.1133178401,"Sub-Saharan Africa","Low income"
Somalia,SOM,"Mobile cellular subscriptions (per 100 people)",IT.CEL.SETS.P2,2021,51.2059481348,"Sub-Saharan Africa","Low income"
Somalia,SOM,"Mobile cellular subscriptions (per 100 people)",IT.CEL.SETS.P2,2022,49.6800986996,"Sub-Saharan Africa","Low income"
Somalia,SOM,"Mobile cellular subscriptions (per 100 people)",IT.CEL.SETS.P2,2023,53.9579646940,"Sub-Saharan Africa","Low income"
Somalia,SOM,"Secure Internet servers (per 1 million people)",IT.NET.SECR.P6,2010,0.0000000000,"Sub-Saharan Africa","Low income"
Somalia,SOM,"Secure Internet servers (per 1 million people)",IT.NET.SECR.P6,2011,0.0000000000,"Sub-Saharan Africa","Low income"
Somalia,SOM,"Secure Internet servers (per 1 million people)",IT.NET.SECR.P6,2012,0.2407480523,"Sub-Saharan Africa","Low income"
Somalia,SOM,"Secure Internet servers (per 1 million people)",IT.NET.SECR.P6,2013,0.1554050578,"Sub-Saharan Africa","Low income"
Somalia,SOM,"Secure Internet servers (per 1 million people)",IT.NET.SECR.P6,2014,0.2998615165,"Sub-Saharan Africa","Low income"
Somalia,SOM,"Secure Internet servers (per 1 million people)",IT.NET.SECR.P6,2015,0.5069905670,"Sub-Saharan Africa","Low income"
Somalia,SOM,"Secure Internet servers (per 1 million people)",IT.NET.SECR.P6,2016,0.7666178354,"Sub-Saharan Africa","Low income"
Somalia,SOM,"Secure Internet servers (per 1 million people)",IT.NET.SECR.P6,2017,25.3408461121,"Sub-Saharan Africa","Low income"
Somalia,SOM,"Secure Internet servers (per 1 million people)",IT.NET.SECR.P6,2018,4.2064426264,"Sub-Saharan Africa","Low income"
Somalia,SOM,"Secure Internet servers (per 1 million people)",IT.NET.SECR.P6,2019,8.2340614302,"Sub-Saharan Africa","Low income"
Somalia,SOM,"Secure Internet servers (per 1 million people)",IT.NET.SECR.P6,2020,4.2639592567,"Sub-Saharan Africa","Low income"
Somalia,SOM,"Secure Internet servers (per 1 million people)",IT.NET.SECR.P6,2021,5.2688164634,"Sub-Saharan Africa","Low income"
Somalia,SOM,"Secure Internet servers (per 1 million people)",IT.NET.SECR.P6,2022,5.6173788670,"Sub-Saharan Africa","Low income"
Somalia,SOM,"Secure Internet servers (per 1 million people)",IT.NET.SECR.P6,2023,10.0770128901,"Sub-Saharan Africa","Low income"
Somalia,SOM,"Secure Internet servers (per 1 million people)",IT.NET.SECR.P6,2024,13.9932604039,"Sub-Saharan Africa","Low income"
"South Africa",ZAF,"Fixed broadband subscriptions (per 100 people)",IT.NET.BBND.P2,2002,0.0055581685,"Sub-Saharan Africa","Upper middle income"
"South Africa",ZAF,"Fixed broadband subscriptions (per 100 people)",IT.NET.BBND.P2,2003,0.0418821737,"Sub-Saharan Africa","Upper middle income"
"South Africa",ZAF,"Fixed broadband subscriptions (per 100 people)",IT.NET.BBND.P2,2004,0.1224704219,"Sub-Saharan Africa","Upper middle income"
"South Africa",ZAF,"Fixed broadband subscriptions (per 100 people)",IT.NET.BBND.P2,2005,0.3339864413,"Sub-Saharan Africa","Upper middle income"
"South Africa",ZAF,"Fixed broadband subscriptions (per 100 people)",IT.NET.BBND.P2,2006,0.6702470967,"Sub-Saharan Africa","Upper middle income"
"South Africa",ZAF,"Fixed broadband subscriptions (per 100 people)",IT.NET.BBND.P2,2007,0.7480914169,"Sub-Saharan Africa","Upper middle income"
"South Africa",ZAF,"Fixed broadband subscriptions (per 100 people)",IT.NET.BBND.P2,2008,0.8334213871,"Sub-Saharan Africa","Upper middle income"
"South Africa",ZAF,"Fixed broadband subscriptions (per 100 people)",IT.NET.BBND.P2,2009,0.9298546280,"Sub-Saharan Africa","Upper middle income"
"South Africa",ZAF,"Fixed broadband subscriptions (per 100 people)",IT.NET.BBND.P2,2010,1.4194545241,"Sub-Saharan Africa","Upper middle income"
"South Africa",ZAF,"Fixed broadband subscriptions (per 100 people)",IT.NET.BBND.P2,2011,1.7114755948,"Sub-Saharan Africa","Upper middle income"
"South Africa",ZAF,"Fixed broadband subscriptions (per 100 people)",IT.NET.BBND.P2,2012,2.0586596397,"Sub-Saharan Africa","Upper middle income"
"South Africa",ZAF,"Fixed broadband subscriptions (per 100 people)",IT.NET.BBND.P2,2013,2.9539972821,"Sub-Saharan Africa","Upper middle income"
"South Africa",ZAF,"Fixed broadband subscriptions (per 100 people)",IT.NET.BBND.P2,2014,3.0691932226,"Sub-Saharan Africa","Upper middle income"
"South Africa",ZAF,"Fixed broadband subscriptions (per 100 people)",IT.NET.BBND.P2,2015,2.4845894218,"Sub-Saharan Africa","Upper middle income"
"South Africa",ZAF,"Fixed broadband subscriptions (per 100 people)",IT.NET.BBND.P2,2016,2.0097433178,"Sub-Saharan Africa","Upper middle income"
"South Africa",ZAF,"Fixed broadband subscriptions (per 100 people)",IT.NET.BBND.P2,2017,1.9487912604,"Sub-Saharan Africa","Upper middle income"
"South Africa",ZAF,"Fixed broadband subscriptions (per 100 people)",IT.NET.BBND.P2,2018,1.8886816596,"Sub-Saharan Africa","Upper middle income"
"South Africa",ZAF,"Fixed broadband subscriptions (per 100 people)",IT.NET.BBND.P2,2019,2.0983392849,"Sub-Saharan Africa","Upper middle income"
"South Africa",ZAF,"Fixed broadband subscriptions (per 100 people)",IT.NET.BBND.P2,2020,2.1515947334,"Sub-Saharan Africa","Upper middle income"
"South Africa",ZAF,"Fixed broadband subscriptions (per 100 people)",IT.NET.BBND.P2,2021,2.7554085800,"Sub-Saharan Africa","Upper middle income"
"South Africa",ZAF,"Fixed broadband subscriptions (per 100 people)",IT.NET.BBND.P2,2022,3.1229747600,"Sub-Saharan Africa","Upper middle income"
"South Africa",ZAF,"Fixed broadband subscriptions (per 100 people)",IT.NET.BBND.P2,2023,3.4056617767,"Sub-Saharan Africa","Upper middle income"
"South Africa",ZAF,"Fixed broadband subscriptions (per 100 people)",IT.NET.BBND.P2,2024,5.3479119462,"Sub-Saharan Africa","Upper middle income"
"South Africa",ZAF,"Individuals using the Internet (% of population)",IT.NET.USER.ZS,2000,5.3485597320,"Sub-Saharan Africa","Upper middle income"
"South Africa",ZAF,"Individuals using the Internet (% of population)",IT.NET.USER.ZS,2001,6.3466193184,"Sub-Saharan Africa","Upper middle income"
"South Africa",ZAF,"Individuals using the Internet (% of population)",IT.NET.USER.ZS,2002,6.7103224371,"Sub-Saharan Africa","Upper middle income"
"South Africa",ZAF,"Individuals using the Internet (% of population)",IT.NET.USER.ZS,2003,7.0076917261,"Sub-Saharan Africa","Upper middle income"
"South Africa",ZAF,"Individuals using the Internet (% of population)",IT.NET.USER.ZS,2004,8.4251186825,"Sub-Saharan Africa","Upper middle income"
"South Africa",ZAF,"Individuals using the Internet (% of population)",IT.NET.USER.ZS,2005,7.4885425299,"Sub-Saharan Africa","Upper middle income"
"South Africa",ZAF,"Individuals using the Internet (% of population)",IT.NET.USER.ZS,2006,7.6071396748,"Sub-Saharan Africa","Upper middle income"
"South Africa",ZAF,"Individuals using the Internet (% of population)",IT.NET.USER.ZS,2007,8.0653751736,"Sub-Saharan Africa","Upper middle income"
"South Africa",ZAF,"Individuals using the Internet (% of population)",IT.NET.USER.ZS,2008,8.4300000000,"Sub-Saharan Africa","Upper middle income"
"South Africa",ZAF,"Individuals using the Internet (% of population)",IT.NET.USER.ZS,2009,10.0000000000,"Sub-Saharan Africa","Upper middle income"
"South Africa",ZAF,"Individuals using the Internet (% of population)",IT.NET.USER.ZS,2010,24.0000000000,"Sub-Saharan Africa","Upper middle income"
"South Africa",ZAF,"Individuals using the Internet (% of population)",IT.NET.USER.ZS,2011,33.9700000000,"Sub-Saharan Africa","Upper middle income"
"South Africa",ZAF,"Individuals using the Internet (% of population)",IT.NET.USER.ZS,2012,41.0000000000,"Sub-Saharan Africa","Upper middle income"
"South Africa",ZAF,"Individuals using the Internet (% of population)",IT.NET.USER.ZS,2013,46.5000000000,"Sub-Saharan Africa","Upper middle income"
"South Africa",ZAF,"Individuals using the Internet (% of population)",IT.NET.USER.ZS,2014,49.0000000000,"Sub-Saharan Africa","Upper middle income"
"South Africa",ZAF,"Individuals using the Internet (% of population)",IT.NET.USER.ZS,2015,51.9191017200,"Sub-Saharan Africa","Upper middle income"
"South Africa",ZAF,"Individuals using the Internet (% of population)",IT.NET.USER.ZS,2016,54.0000000000,"Sub-Saharan Africa","Upper middle income"
"South Africa",ZAF,"Individuals using the Internet (% of population)",IT.NET.USER.ZS,2017,56.1674003600,"Sub-Saharan Africa","Upper middle income"
"South Africa",ZAF,"Individuals using the Internet (% of population)",IT.NET.USER.ZS,2018,62.4000015300,"Sub-Saharan Africa","Upper middle income"
"South Africa",ZAF,"Individuals using the Internet (% of population)",IT.NET.USER.ZS,2019,69.6968994100,"Sub-Saharan Africa","Upper middle income"
"South Africa",ZAF,"Individuals using the Internet (% of population)",IT.NET.USER.ZS,2020,72.1128006000,"Sub-Saharan Africa","Upper middle income"
"South Africa",ZAF,"Individuals using the Internet (% of population)",IT.NET.USER.ZS,2021,74.9685974100,"Sub-Saharan Africa","Upper middle income"
"South Africa",ZAF,"Individuals using the Internet (% of population)",IT.NET.USER.ZS,2022,78.2931976300,"Sub-Saharan Africa","Upper middle income"
"South Africa",ZAF,"Individuals using the Internet (% of population)",IT.NET.USER.ZS,2023,78.3367004400,"Sub-Saharan Africa","Upper middle income"
"South Africa",ZAF,"Individuals using the Internet (% of population)",IT.NET.USER.ZS,2024,78.3575973500,"Sub-Saharan Africa","Upper middle income"
"South Africa",ZAF,"Mobile cellular subscriptions (per 100 people)",IT.CEL.SETS.P2,2000,17.6824632903,"Sub-Saharan Africa","Upper middle income"
"South Africa",ZAF,"Mobile cellular subscriptions (per 100 people)",IT.CEL.SETS.P2,2001,22.6775818428,"Sub-Saharan Africa","Upper middle income"
"South Africa",ZAF,"Mobile cellular subscriptions (per 100 people)",IT.CEL.SETS.P2,2002,28.5342918068,"Sub-Saharan Africa","Upper middle income"
"South Africa",ZAF,"Mobile cellular subscriptions (per 100 people)",IT.CEL.SETS.P2,2003,34.7626371671,"Sub-Saharan Africa","Upper middle income"
"South Africa",ZAF,"Mobile cellular subscriptions (per 100 people)",IT.CEL.SETS.P2,2004,42.5360187042,"Sub-Saharan Africa","Upper middle income"
"South Africa",ZAF,"Mobile cellular subscriptions (per 100 people)",IT.CEL.SETS.P2,2005,68.6197925954,"Sub-Saharan Africa","Upper middle income"
"South Africa",ZAF,"Mobile cellular subscriptions (per 100 people)",IT.CEL.SETS.P2,2006,79.3267335992,"Sub-Saharan Africa","Upper middle income"
"South Africa",ZAF,"Mobile cellular subscriptions (per 100 people)",IT.CEL.SETS.P2,2007,83.7149918945,"Sub-Saharan Africa","Upper middle income"
"South Africa",ZAF,"Mobile cellular subscriptions (per 100 people)",IT.CEL.SETS.P2,2008,88.0374704691,"Sub-Saharan Africa","Upper middle income"
"South Africa",ZAF,"Mobile cellular subscriptions (per 100 people)",IT.CEL.SETS.P2,2009,89.7686684072,"Sub-Saharan Africa","Upper middle income"
"South Africa",ZAF,"Mobile cellular subscriptions (per 100 people)",IT.CEL.SETS.P2,2010,96.2325212468,"Sub-Saharan Africa","Upper middle income"
"South Africa",ZAF,"Mobile cellular subscriptions (per 100 people)",IT.CEL.SETS.P2,2011,120.7656428539,"Sub-Saharan Africa","Upper middle income"
"South Africa",ZAF,"Mobile cellular subscriptions (per 100 people)",IT.CEL.SETS.P2,2012,127.1676006093,"Sub-Saharan Africa","Upper middle income"
"South Africa",ZAF,"Mobile cellular subscriptions (per 100 people)",IT.CEL.SETS.P2,2013,140.5760379742,"Sub-Saharan Africa","Upper middle income"
"South Africa",ZAF,"Mobile cellular subscriptions (per 100 people)",IT.CEL.SETS.P2,2014,142.6044824521,"Sub-Saharan Africa","Upper middle income"
"South Africa",ZAF,"Mobile cellular subscriptions (per 100 people)",IT.CEL.SETS.P2,2015,155.1375260679,"Sub-Saharan Africa","Upper middle income"
"South Africa",ZAF,"Mobile cellular subscriptions (per 100 people)",IT.CEL.SETS.P2,2016,143.9286172537,"Sub-Saharan Africa","Upper middle income"
"South Africa",ZAF,"Mobile cellular subscriptions (per 100 people)",IT.CEL.SETS.P2,2017,153.5479504682,"Sub-Saharan Africa","Upper middle income"
"South Africa",ZAF,"Mobile cellular subscriptions (per 100 people)",IT.CEL.SETS.P2,2018,157.6919052481,"Sub-Saharan Africa","Upper middle income"
"South Africa",ZAF,"Mobile cellular subscriptions (per 100 people)",IT.CEL.SETS.P2,2019,162.7385482804,"Sub-Saharan Africa","Upper middle income"
"South Africa",ZAF,"Mobile cellular subscriptions (per 100 people)",IT.CEL.SETS.P2,2020,158.4472694361,"Sub-Saharan Africa","Upper middle income"
"South Africa",ZAF,"Mobile cellular subscriptions (per 100 people)",IT.CEL.SETS.P2,2021,163.1280630513,"Sub-Saharan Africa","Upper middle income"
"South Africa",ZAF,"Mobile cellular subscriptions (per 100 people)",IT.CEL.SETS.P2,2022,160.7285116758,"Sub-Saharan Africa","Upper middle income"
"South Africa",ZAF,"Mobile cellular subscriptions (per 100 people)",IT.CEL.SETS.P2,2023,171.5086192604,"Sub-Saharan Africa","Upper middle income"
"South Africa",ZAF,"Mobile cellular subscriptions (per 100 people)",IT.CEL.SETS.P2,2024,179.3363298406,"Sub-Saharan Africa","Upper middle income"
"South Africa",ZAF,"Secure Internet servers (per 1 million people)",IT.NET.SECR.P6,2010,50.9513487980,"Sub-Saharan Africa","Upper middle income"
"South Africa",ZAF,"Secure Internet servers (per 1 million people)",IT.NET.SECR.P6,2011,80.7808932903,"Sub-Saharan Africa","Upper middle income"
"South Africa",ZAF,"Secure Internet servers (per 1 million people)",IT.NET.SECR.P6,2012,140.1755330868,"Sub-Saharan Africa","Upper middle income"
"South Africa",ZAF,"Secure Internet servers (per 1 million people)",IT.NET.SECR.P6,2013,170.0476515657,"Sub-Saharan Africa","Upper middle income"
"South Africa",ZAF,"Secure Internet servers (per 1 million people)",IT.NET.SECR.P6,2014,217.6820804838,"Sub-Saharan Africa","Upper middle income"
"South Africa",ZAF,"Secure Internet servers (per 1 million people)",IT.NET.SECR.P6,2015,266.3268336035,"Sub-Saharan Africa","Upper middle income"
"South Africa",ZAF,"Secure Internet servers (per 1 million people)",IT.NET.SECR.P6,2016,900.7230950868,"Sub-Saharan Africa","Upper middle income"
"South Africa",ZAF,"Secure Internet servers (per 1 million people)",IT.NET.SECR.P6,2017,9326.8411390949,"Sub-Saharan Africa","Upper middle income"
"South Africa",ZAF,"Secure Internet servers (per 1 million people)",IT.NET.SECR.P6,2018,11863.1700840569,"Sub-Saharan Africa","Upper middle income"
"South Africa",ZAF,"Secure Internet servers (per 1 million people)",IT.NET.SECR.P6,2019,14105.0987125990,"Sub-Saharan Africa","Upper middle income"
"South Africa",ZAF,"Secure Internet servers (per 1 million people)",IT.NET.SECR.P6,2020,14123.2723330346,"Sub-Saharan Africa","Upper middle income"
"South Africa",ZAF,"Secure Internet servers (per 1 million people)",IT.NET.SECR.P6,2021,16057.5805222423,"Sub-Saharan Africa","Upper middle income"
"South Africa",ZAF,"Secure Internet servers (per 1 million people)",IT.NET.SECR.P6,2022,14989.9460406253,"Sub-Saharan Africa","Upper middle income"
"South Africa",ZAF,"Secure Internet servers (per 1 million people)",IT.NET.SECR.P6,2023,14786.9917388340,"Sub-Saharan Africa","Upper middle income"
"South Africa",ZAF,"Secure Internet servers (per 1 million people)",IT.NET.SECR.P6,2024,16658.2387068502,"Sub-Saharan Africa","Upper middle income"
"South Sudan",SSD,"Fixed broadband subscriptions (per 100 people)",IT.NET.BBND.P2,2010,0.0000205213,"Sub-Saharan Africa","Low income"
"South Sudan",SSD,"Fixed broadband subscriptions (per 100 people)",IT.NET.BBND.P2,2011,0.0000388798,"Sub-Saharan Africa","Low income"
"South Sudan",SSD,"Fixed broadband subscriptions (per 100 people)",IT.NET.BBND.P2,2012,0.0001580478,"Sub-Saharan Africa","Low income"
"South Sudan",SSD,"Fixed broadband subscriptions (per 100 people)",IT.NET.BBND.P2,2013,0.0008955538,"Sub-Saharan Africa","Low income"
"South Sudan",SSD,"Fixed broadband subscriptions (per 100 people)",IT.NET.BBND.P2,2014,0.0008900699,"Sub-Saharan Africa","Low income"
"South Sudan",SSD,"Fixed broadband subscriptions (per 100 people)",IT.NET.BBND.P2,2015,0.0013504315,"Sub-Saharan Africa","Low income"
"South Sudan",SSD,"Fixed broadband subscriptions (per 100 people)",IT.NET.BBND.P2,2016,0.0013850285,"Sub-Saharan Africa","Low income"
"South Sudan",SSD,"Fixed broadband subscriptions (per 100 people)",IT.NET.BBND.P2,2017,0.0019494785,"Sub-Saharan Africa","Low income"
"South Sudan",SSD,"Fixed broadband subscriptions (per 100 people)",IT.NET.BBND.P2,2018,0.0019757034,"Sub-Saharan Africa","Low income"
"South Sudan",SSD,"Fixed broadband subscriptions (per 100 people)",IT.NET.BBND.P2,2019,0.0019187627,"Sub-Saharan Africa","Low income"
"South Sudan",SSD,"Fixed broadband subscriptions (per 100 people)",IT.NET.BBND.P2,2021,0.0018406410,"Sub-Saharan Africa","Low income"
"South Sudan",SSD,"Fixed broadband subscriptions (per 100 people)",IT.NET.BBND.P2,2022,0.0018146882,"Sub-Saharan Africa","Low income"
"South Sudan",SSD,"Fixed broadband subscriptions (per 100 people)",IT.NET.BBND.P2,2023,0.0017416484,"Sub-Saharan Africa","Low income"
"South Sudan",SSD,"Individuals using the Internet (% of population)",IT.NET.USER.ZS,2012,1.5000000000,"Sub-Saharan Africa","Low income"
"South Sudan",SSD,"Individuals using the Internet (% of population)",IT.NET.USER.ZS,2013,2.2000000480,"Sub-Saharan Africa","Low income"
"South Sudan",SSD,"Individuals using the Internet (% of population)",IT.NET.USER.ZS,2014,2.5999999050,"Sub-Saharan Africa","Low income"
"South Sudan",SSD,"Individuals using the Internet (% of population)",IT.NET.USER.ZS,2015,3.0000000000,"Sub-Saharan Africa","Low income"
"South Sudan",SSD,"Individuals using the Internet (% of population)",IT.NET.USER.ZS,2016,3.5000000000,"Sub-Saharan Africa","Low income"
"South Sudan",SSD,"Individuals using the Internet (% of population)",IT.NET.USER.ZS,2017,4.1000000000,"Sub-Saharan Africa","Low income"
"South Sudan",SSD,"Individuals using the Internet (% of population)",IT.NET.USER.ZS,2018,4.8000001910,"Sub-Saharan Africa","Low income"
"South Sudan",SSD,"Individuals using the Internet (% of population)",IT.NET.USER.ZS,2019,6.6710000040,"Sub-Saharan Africa","Low income"
"South Sudan",SSD,"Mobile cellular subscriptions (per 100 people)",IT.CEL.SETS.P2,2010,15.3910038351,"Sub-Saharan Africa","Low income"
"South Sudan",SSD,"Mobile cellular subscriptions (per 100 people)",IT.CEL.SETS.P2,2011,17.4959266081,"Sub-Saharan Africa","Low income"
"South Sudan",SSD,"Mobile cellular subscriptions (per 100 people)",IT.CEL.SETS.P2,2012,21.3829367883,"Sub-Saharan Africa","Low income"
"South Sudan",SSD,"Mobile cellular subscriptions (per 100 people)",IT.CEL.SETS.P2,2013,25.5521917560,"Sub-Saharan Africa","Low income"
"South Sudan",SSD,"Mobile cellular subscriptions (per 100 people)",IT.CEL.SETS.P2,2014,25.5992729197,"Sub-Saharan Africa","Low income"
"South Sudan",SSD,"Mobile cellular subscriptions (per 100 people)",IT.CEL.SETS.P2,2015,26.0993389998,"Sub-Saharan Africa","Low income"
"South Sudan",SSD,"Mobile cellular subscriptions (per 100 people)",IT.CEL.SETS.P2,2016,24.9305131198,"Sub-Saharan Africa","Low income"
"South Sudan",SSD,"Mobile cellular subscriptions (per 100 people)",IT.CEL.SETS.P2,2017,27.1848244017,"Sub-Saharan Africa","Low income"
"South Sudan",SSD,"Mobile cellular subscriptions (per 100 people)",IT.CEL.SETS.P2,2018,18.9297575209,"Sub-Saharan Africa","Low income"
"South Sudan",SSD,"Mobile cellular subscriptions (per 100 people)",IT.CEL.SETS.P2,2019,21.3171365461,"Sub-Saharan Africa","Low income"
"South Sudan",SSD,"Mobile cellular subscriptions (per 100 people)",IT.CEL.SETS.P2,2021,30.1510429992,"Sub-Saharan Africa","Low income"
"South Sudan",SSD,"Mobile cellular subscriptions (per 100 people)",IT.CEL.SETS.P2,2022,48.4888320004,"Sub-Saharan Africa","Low income"
"South Sudan",SSD,"Mobile cellular subscriptions (per 100 people)",IT.CEL.SETS.P2,2023,46.6152369504,"Sub-Saharan Africa","Low income"
"South Sudan",SSD,"Secure Internet servers (per 1 million people)",IT.NET.SECR.P6,2015,0.0000000000,"Sub-Saharan Africa","Low income"
"South Sudan",SSD,"Secure Internet servers (per 1 million people)",IT.NET.SECR.P6,2016,0.0923352338,"Sub-Saharan Africa","Low income"
"South Sudan",SSD,"Secure Internet servers (per 1 million people)",IT.NET.SECR.P6,2017,0.1949478485,"Sub-Saharan Africa","Low income"
"South Sudan",SSD,"Secure Internet servers (per 1 million people)",IT.NET.SECR.P6,2018,1.4817775443,"Sub-Saharan Africa","Low income"
"South Sudan",SSD,"Secure Internet servers (per 1 million people)",IT.NET.SECR.P6,2019,3.6456490522,"Sub-Saharan Africa","Low income"
"South Sudan",SSD,"Secure Internet servers (per 1 million people)",IT.NET.SECR.P6,2020,4.2996814403,"Sub-Saharan Africa","Low income"
"South Sudan",SSD,"Secure Internet servers (per 1 million people)",IT.NET.SECR.P6,2021,4.0494101666,"Sub-Saharan Africa","Low income"
"South Sudan",SSD,"Secure Internet servers (per 1 million people)",IT.NET.SECR.P6,2022,5.2625958189,"Sub-Saharan Africa","Low income"
"South Sudan",SSD,"Secure Internet servers (per 1 million people)",IT.NET.SECR.P6,2023,3.8316264889,"Sub-Saharan Africa","Low income"
"South Sudan",SSD,"Secure Internet servers (per 1 million people)",IT.NET.SECR.P6,2024,5.2748763167,"Sub-Saharan Africa","Low income"
Sudan,SDN,"Fixed broadband subscriptions (per 100 people)",IT.NET.BBND.P2,2004,0.0025951809,"Sub-Saharan Africa","Low income"
Sudan,SDN,"Fixed broadband subscriptions (per 100 people)",IT.NET.BBND.P2,2005,0.0040591836,"Sub-Saharan Africa","Low income"
Sudan,SDN,"Fixed broadband subscriptions (per 100 people)",IT.NET.BBND.P2,2006,0.0064546509,"Sub-Saharan Africa","Low income"
Sudan,SDN,"Fixed broadband subscriptions (per 100 people)",IT.NET.BBND.P2,2007,0.1297150070,"Sub-Saharan Africa","Low income"
Sudan,SDN,"Fixed broadband subscriptions (per 100 people)",IT.NET.BBND.P2,2008,0.1327177806,"Sub-Saharan Africa","Low income"
Sudan,SDN,"Fixed broadband subscriptions (per 100 people)",IT.NET.BBND.P2,2010,0.0381200878,"Sub-Saharan Africa","Low income"
Sudan,SDN,"Fixed broadband subscriptions (per 100 people)",IT.NET.BBND.P2,2011,0.0482280334,"Sub-Saharan Africa","Low income"
Sudan,SDN,"Fixed broadband subscriptions (per 100 people)",IT.NET.BBND.P2,2012,0.0671366912,"Sub-Saharan Africa","Low income"
Sudan,SDN,"Fixed broadband subscriptions (per 100 people)",IT.NET.BBND.P2,2013,0.0680334058,"Sub-Saharan Africa","Low income"
Sudan,SDN,"Fixed broadband subscriptions (per 100 people)",IT.NET.BBND.P2,2014,0.0532180171,"Sub-Saharan Africa","Low income"
Sudan,SDN,"Fixed broadband subscriptions (per 100 people)",IT.NET.BBND.P2,2015,0.0701896299,"Sub-Saharan Africa","Low income"
Sudan,SDN,"Fixed broadband subscriptions (per 100 people)",IT.NET.BBND.P2,2016,0.0639264882,"Sub-Saharan Africa","Low income"
Sudan,SDN,"Fixed broadband subscriptions (per 100 people)",IT.NET.BBND.P2,2017,0.0715193640,"Sub-Saharan Africa","Low income"
Sudan,SDN,"Fixed broadband subscriptions (per 100 people)",IT.NET.BBND.P2,2018,0.0708830602,"Sub-Saharan Africa","Low income"
Sudan,SDN,"Fixed broadband subscriptions (per 100 people)",IT.NET.BBND.P2,2019,0.0719282386,"Sub-Saharan Africa","Low income"
Sudan,SDN,"Fixed broadband subscriptions (per 100 people)",IT.NET.BBND.P2,2020,0.0615141548,"Sub-Saharan Africa","Low income"
Sudan,SDN,"Fixed broadband subscriptions (per 100 people)",IT.NET.BBND.P2,2021,0.0632992450,"Sub-Saharan Africa","Low income"
Sudan,SDN,"Fixed broadband subscriptions (per 100 people)",IT.NET.BBND.P2,2022,0.0604394040,"Sub-Saharan Africa","Low income"
Sudan,SDN,"Individuals using the Internet (% of population)",IT.NET.USER.ZS,2000,0.0257850325,"Sub-Saharan Africa","Low income"
Sudan,SDN,"Individuals using the Internet (% of population)",IT.NET.USER.ZS,2001,0.1401852245,"Sub-Saharan Africa","Low income"
Sudan,SDN,"Individuals using the Internet (% of population)",IT.NET.USER.ZS,2002,0.4394776391,"Sub-Saharan Africa","Low income"
Sudan,SDN,"Individuals using the Internet (% of population)",IT.NET.USER.ZS,2003,0.5384717032,"Sub-Saharan Africa","Low income"
Sudan,SDN,"Individuals using the Internet (% of population)",IT.NET.USER.ZS,2004,0.7915616154,"Sub-Saharan Africa","Low income"
Sudan,SDN,"Individuals using the Internet (% of population)",IT.NET.USER.ZS,2007,8.6600000000,"Sub-Saharan Africa","Low income"
Sudan,SDN,"Individuals using the Internet (% of population)",IT.NET.USER.ZS,2015,12.0000000000,"Sub-Saharan Africa","Low income"
Sudan,SDN,"Individuals using the Internet (% of population)",IT.NET.USER.ZS,2016,14.0999999447,"Sub-Saharan Africa","Low income"
Sudan,SDN,"Individuals using the Internet (% of population)",IT.NET.USER.ZS,2017,18.6000003800,"Sub-Saharan Africa","Low income"
Sudan,SDN,"Mobile cellular subscriptions (per 100 people)",IT.CEL.SETS.P2,2000,0.0826840092,"Sub-Saharan Africa","Low income"
Sudan,SDN,"Mobile cellular subscriptions (per 100 people)",IT.CEL.SETS.P2,2001,0.3641576518,"Sub-Saharan Africa","Low income"
Sudan,SDN,"Mobile cellular subscriptions (per 100 people)",IT.CEL.SETS.P2,2002,0.6527071808,"Sub-Saharan Africa","Low income"
Sudan,SDN,"Mobile cellular subscriptions (per 100 people)",IT.CEL.SETS.P2,2003,1.7635549330,"Sub-Saharan Africa","Low income"
Sudan,SDN,"Mobile cellular subscriptions (per 100 people)",IT.CEL.SETS.P2,2004,3.4315229127,"Sub-Saharan Africa","Low income"
Sudan,SDN,"Mobile cellular subscriptions (per 100 people)",IT.CEL.SETS.P2,2005,5.8470796461,"Sub-Saharan Africa","Low income"
Sudan,SDN,"Mobile cellular subscriptions (per 100 people)",IT.CEL.SETS.P2,2006,14.6382324446,"Sub-Saharan Africa","Low income"
Sudan,SDN,"Mobile cellular subscriptions (per 100 people)",IT.CEL.SETS.P2,2007,25.0825849668,"Sub-Saharan Africa","Low income"
Sudan,SDN,"Mobile cellular subscriptions (per 100 people)",IT.CEL.SETS.P2,2008,35.6634431736,"Sub-Saharan Africa","Low income"
Sudan,SDN,"Mobile cellular subscriptions (per 100 people)",IT.CEL.SETS.P2,2009,44.3745692868,"Sub-Saharan Africa","Low income"
Sudan,SDN,"Mobile cellular subscriptions (per 100 people)",IT.CEL.SETS.P2,2010,51.0900410875,"Sub-Saharan Africa","Low income"
Sudan,SDN,"Mobile cellular subscriptions (per 100 people)",IT.CEL.SETS.P2,2011,69.3293475525,"Sub-Saharan Africa","Low income"
Sudan,SDN,"Mobile cellular subscriptions (per 100 people)",IT.CEL.SETS.P2,2012,74.9084897297,"Sub-Saharan Africa","Low income"
Sudan,SDN,"Mobile cellular subscriptions (per 100 people)",IT.CEL.SETS.P2,2013,73.1963836515,"Sub-Saharan Africa","Low income"
Sudan,SDN,"Mobile cellular subscriptions (per 100 people)",IT.CEL.SETS.P2,2014,71.5977212458,"Sub-Saharan Africa","Low income"
Sudan,SDN,"Mobile cellular subscriptions (per 100 people)",IT.CEL.SETS.P2,2015,69.8036331859,"Sub-Saharan Africa","Low income"
Sudan,SDN,"Mobile cellular subscriptions (per 100 people)",IT.CEL.SETS.P2,2016,67.3954575548,"Sub-Saharan Africa","Low income"
Sudan,SDN,"Mobile cellular subscriptions (per 100 people)",IT.CEL.SETS.P2,2017,67.0598253428,"Sub-Saharan Africa","Low income"
Sudan,SDN,"Mobile cellular subscriptions (per 100 people)",IT.CEL.SETS.P2,2018,68.0533719238,"Sub-Saharan Africa","Low income"
Sudan,SDN,"Mobile cellular subscriptions (per 100 people)",IT.CEL.SETS.P2,2019,72.4818502607,"Sub-Saharan Africa","Low income"
Sudan,SDN,"Mobile cellular subscriptions (per 100 people)",IT.CEL.SETS.P2,2020,75.2207425679,"Sub-Saharan Africa","Low income"
Sudan,SDN,"Mobile cellular subscriptions (per 100 people)",IT.CEL.SETS.P2,2021,71.7672302060,"Sub-Saharan Africa","Low income"
Sudan,SDN,"Mobile cellular subscriptions (per 100 people)",IT.CEL.SETS.P2,2022,70.2084038615,"Sub-Saharan Africa","Low income"
Sudan,SDN,"Secure Internet servers (per 1 million people)",IT.NET.SECR.P6,2010,0.2258968167,"Sub-Saharan Africa","Low income"
Sudan,SDN,"Secure Internet servers (per 1 million people)",IT.NET.SECR.P6,2011,0.3320346536,"Sub-Saharan Africa","Low income"
Sudan,SDN,"Secure Internet servers (per 1 million people)",IT.NET.SECR.P6,2012,0.4333321471,"Sub-Saharan Africa","Low income"
Sudan,SDN,"Secure Internet servers (per 1 million people)",IT.NET.SECR.P6,2013,0.3705090760,"Sub-Saharan Africa","Low income"
Sudan,SDN,"Secure Internet servers (per 1 million people)",IT.NET.SECR.P6,2014,0.5666697524,"Sub-Saharan Africa","Low income"
Sudan,SDN,"Secure Internet servers (per 1 million people)",IT.NET.SECR.P6,2015,0.7245574584,"Sub-Saharan Africa","Low income"
Sudan,SDN,"Secure Internet servers (per 1 million people)",IT.NET.SECR.P6,2016,1.2603038321,"Sub-Saharan Africa","Low income"
Sudan,SDN,"Secure Internet servers (per 1 million people)",IT.NET.SECR.P6,2017,1.8494974494,"Sub-Saharan Africa","Low income"
Sudan,SDN,"Secure Internet servers (per 1 million people)",IT.NET.SECR.P6,2018,4.3634953506,"Sub-Saharan Africa","Low income"
Sudan,SDN,"Secure Internet servers (per 1 million people)",IT.NET.SECR.P6,2019,4.0396788675,"Sub-Saharan Africa","Low income"
Sudan,SDN,"Secure Internet servers (per 1 million people)",IT.NET.SECR.P6,2020,6.0270278860,"Sub-Saharan Africa","Low income"
Sudan,SDN,"Secure Internet servers (per 1 million people)",IT.NET.SECR.P6,2021,8.5089697023,"Sub-Saharan Africa","Low income"
Sudan,SDN,"Secure Internet servers (per 1 million people)",IT.NET.SECR.P6,2022,9.4566293665,"Sub-Saharan Africa","Low income"
Sudan,SDN,"Secure Internet servers (per 1 million people)",IT.NET.SECR.P6,2023,2.1381701113,"Sub-Saharan Africa","Low income"
Sudan,SDN,"Secure Internet servers (per 1 million people)",IT.NET.SECR.P6,2024,2.3984635720,"Sub-Saharan Africa","Low income"
Tanzania,TZA,"Fixed broadband subscriptions (per 100 people)",IT.NET.BBND.P2,2005,0.0066076131,"Sub-Saharan Africa","Lower middle income"
Tanzania,TZA,"Fixed broadband subscriptions (per 100 people)",IT.NET.BBND.P2,2006,0.0074401471,"Sub-Saharan Africa","Lower middle income"
Tanzania,TZA,"Fixed broadband subscriptions (per 100 people)",IT.NET.BBND.P2,2007,0.0081910415,"Sub-Saharan Africa","Lower middle income"
Tanzania,TZA,"Fixed broadband subscriptions (per 100 people)",IT.NET.BBND.P2,2008,0.0150854832,"Sub-Saharan Africa","Lower middle income"
Tanzania,TZA,"Fixed broadband subscriptions (per 100 people)",IT.NET.BBND.P2,2009,0.0159210773,"Sub-Saharan Africa","Lower middle income"
Tanzania,TZA,"Fixed broadband subscriptions (per 100 people)",IT.NET.BBND.P2,2010,0.0168772457,"Sub-Saharan Africa","Lower middle income"
Tanzania,TZA,"Fixed broadband subscriptions (per 100 people)",IT.NET.BBND.P2,2011,0.0614129671,"Sub-Saharan Africa","Lower middle income"
Tanzania,TZA,"Fixed broadband subscriptions (per 100 people)",IT.NET.BBND.P2,2012,0.0872309140,"Sub-Saharan Africa","Lower middle income"
Tanzania,TZA,"Fixed broadband subscriptions (per 100 people)",IT.NET.BBND.P2,2013,0.1155678602,"Sub-Saharan Africa","Lower middle income"
Tanzania,TZA,"Fixed broadband subscriptions (per 100 people)",IT.NET.BBND.P2,2014,0.1680187876,"Sub-Saharan Africa","Lower middle income"
Tanzania,TZA,"Fixed broadband subscriptions (per 100 people)",IT.NET.BBND.P2,2015,0.2037640134,"Sub-Saharan Africa","Lower middle income"
Tanzania,TZA,"Fixed broadband subscriptions (per 100 people)",IT.NET.BBND.P2,2016,0.5916950000,"Sub-Saharan Africa","Lower middle income"
Tanzania,TZA,"Fixed broadband subscriptions (per 100 people)",IT.NET.BBND.P2,2017,1.3718400000,"Sub-Saharan Africa","Lower middle income"
Tanzania,TZA,"Fixed broadband subscriptions (per 100 people)",IT.NET.BBND.P2,2018,1.4994400000,"Sub-Saharan Africa","Lower middle income"
Tanzania,TZA,"Fixed broadband subscriptions (per 100 people)",IT.NET.BBND.P2,2019,1.7569200000,"Sub-Saharan Africa","Lower middle income"
Tanzania,TZA,"Fixed broadband subscriptions (per 100 people)",IT.NET.BBND.P2,2020,1.8624800000,"Sub-Saharan Africa","Lower middle income"
Tanzania,TZA,"Fixed broadband subscriptions (per 100 people)",IT.NET.BBND.P2,2021,1.9784200000,"Sub-Saharan Africa","Lower middle income"
Tanzania,TZA,"Fixed broadband subscriptions (per 100 people)",IT.NET.BBND.P2,2022,0.1107741969,"Sub-Saharan Africa","Lower middle income"
Tanzania,TZA,"Fixed broadband subscriptions (per 100 people)",IT.NET.BBND.P2,2023,0.1050172833,"Sub-Saharan Africa","Lower middle income"
Tanzania,TZA,"Fixed broadband subscriptions (per 100 people)",IT.NET.BBND.P2,2024,0.2464332163,"Sub-Saharan Africa","Lower middle income"
Tanzania,TZA,"Individuals using the Internet (% of population)",IT.NET.USER.ZS,2000,0.1171944401,"Sub-Saharan Africa","Lower middle income"
Tanzania,TZA,"Individuals using the Internet (% of population)",IT.NET.USER.ZS,2001,0.1713003507,"Sub-Saharan Africa","Lower middle income"
Tanzania,TZA,"Individuals using the Internet (% of population)",IT.NET.USER.ZS,2002,0.2224844139,"Sub-Saharan Africa","Lower middle income"
Tanzania,TZA,"Individuals using the Internet (% of population)",IT.NET.USER.ZS,2003,0.6769628565,"Sub-Saharan Africa","Lower middle income"
Tanzania,TZA,"Individuals using the Internet (% of population)",IT.NET.USER.ZS,2004,0.8775749710,"Sub-Saharan Africa","Lower middle income"
Tanzania,TZA,"Individuals using the Internet (% of population)",IT.NET.USER.ZS,2005,1.1000000240,"Sub-Saharan Africa","Lower middle income"
Tanzania,TZA,"Individuals using the Internet (% of population)",IT.NET.USER.ZS,2006,1.2999999520,"Sub-Saharan Africa","Lower middle income"
Tanzania,TZA,"Individuals using the Internet (% of population)",IT.NET.USER.ZS,2007,1.6000000000,"Sub-Saharan Africa","Lower middle income"
Tanzania,TZA,"Individuals using the Internet (% of population)",IT.NET.USER.ZS,2008,1.8999999760,"Sub-Saharan Africa","Lower middle income"
Tanzania,TZA,"Individuals using the Internet (% of population)",IT.NET.USER.ZS,2009,2.4000000950,"Sub-Saharan Africa","Lower middle income"
Tanzania,TZA,"Individuals using the Internet (% of population)",IT.NET.USER.ZS,2010,2.9000000950,"Sub-Saharan Africa","Lower middle income"
Tanzania,TZA,"Individuals using the Internet (% of population)",IT.NET.USER.ZS,2011,3.2000000480,"Sub-Saharan Africa","Lower middle income"
Tanzania,TZA,"Individuals using the Internet (% of population)",IT.NET.USER.ZS,2012,3.9500000480,"Sub-Saharan Africa","Lower middle income"
Tanzania,TZA,"Individuals using the Internet (% of population)",IT.NET.USER.ZS,2013,4.4000000950,"Sub-Saharan Africa","Lower middle income"
Tanzania,TZA,"Individuals using the Internet (% of population)",IT.NET.USER.ZS,2014,7.0000000000,"Sub-Saharan Africa","Lower middle income"
Tanzania,TZA,"Individuals using the Internet (% of population)",IT.NET.USER.ZS,2015,10.0000000000,"Sub-Saharan Africa","Lower middle income"
Tanzania,TZA,"Individuals using the Internet (% of population)",IT.NET.USER.ZS,2016,13.5042328469,"Sub-Saharan Africa","Lower middle income"
Tanzania,TZA,"Individuals using the Internet (% of population)",IT.NET.USER.ZS,2017,14.4633998900,"Sub-Saharan Africa","Lower middle income"
Tanzania,TZA,"Individuals using the Internet (% of population)",IT.NET.USER.ZS,2018,15.4906997700,"Sub-Saharan Africa","Lower middle income"
Tanzania,TZA,"Individuals using the Internet (% of population)",IT.NET.USER.ZS,2019,16.5909004200,"Sub-Saharan Africa","Lower middle income"
Tanzania,TZA,"Individuals using the Internet (% of population)",IT.NET.USER.ZS,2020,19.4813995400,"Sub-Saharan Africa","Lower middle income"
Tanzania,TZA,"Individuals using the Internet (% of population)",IT.NET.USER.ZS,2021,22.8754005400,"Sub-Saharan Africa","Lower middle income"
Tanzania,TZA,"Individuals using the Internet (% of population)",IT.NET.USER.ZS,2022,26.8605995200,"Sub-Saharan Africa","Lower middle income"
Tanzania,TZA,"Individuals using the Internet (% of population)",IT.NET.USER.ZS,2023,28.4319000200,"Sub-Saharan Africa","Lower middle income"
Tanzania,TZA,"Individuals using the Internet (% of population)",IT.NET.USER.ZS,2024,31.1620998400,"Sub-Saharan Africa","Lower middle income"
Tanzania,TZA,"Mobile cellular subscriptions (per 100 people)",IT.CEL.SETS.P2,2000,0.3225847975,"Sub-Saharan Africa","Lower middle income"
Tanzania,TZA,"Mobile cellular subscriptions (per 100 people)",IT.CEL.SETS.P2,2001,0.7828787408,"Sub-Saharan Africa","Lower middle income"
Tanzania,TZA,"Mobile cellular subscriptions (per 100 people)",IT.CEL.SETS.P2,2002,1.6800583943,"Sub-Saharan Africa","Lower middle income"
Tanzania,TZA,"Mobile cellular subscriptions (per 100 people)",IT.CEL.SETS.P2,2003,3.4996375664,"Sub-Saharan Africa","Lower middle income"
Tanzania,TZA,"Mobile cellular subscriptions (per 100 people)",IT.CEL.SETS.P2,2004,5.0958197799,"Sub-Saharan Africa","Lower middle income"
Tanzania,TZA,"Mobile cellular subscriptions (per 100 people)",IT.CEL.SETS.P2,2005,7.5646834027,"Sub-Saharan Africa","Lower middle income"
Tanzania,TZA,"Mobile cellular subscriptions (per 100 people)",IT.CEL.SETS.P2,2006,13.9198750254,"Sub-Saharan Africa","Lower middle income"
Tanzania,TZA,"Mobile cellular subscriptions (per 100 people)",IT.CEL.SETS.P2,2007,19.9152842615,"Sub-Saharan Africa","Lower middle income"
Tanzania,TZA,"Mobile cellular subscriptions (per 100 people)",IT.CEL.SETS.P2,2008,30.5533722609,"Sub-Saharan Africa","Lower middle income"
Tanzania,TZA,"Mobile cellular subscriptions (per 100 people)",IT.CEL.SETS.P2,2009,40.0364239047,"Sub-Saharan Africa","Lower middle income"
Tanzania,TZA,"Mobile cellular subscriptions (per 100 people)",IT.CEL.SETS.P2,2010,46.8823991552,"Sub-Saharan Africa","Lower middle income"
Tanzania,TZA,"Mobile cellular subscriptions (per 100 people)",IT.CEL.SETS.P2,2011,55.7610427274,"Sub-Saharan Africa","Lower middle income"
Tanzania,TZA,"Mobile cellular subscriptions (per 100 people)",IT.CEL.SETS.P2,2012,57.4558483869,"Sub-Saharan Africa","Lower middle income"
Tanzania,TZA,"Mobile cellular subscriptions (per 100 people)",IT.CEL.SETS.P2,2013,56.2075025692,"Sub-Saharan Africa","Lower middle income"
Tanzania,TZA,"Mobile cellular subscriptions (per 100 people)",IT.CEL.SETS.P2,2014,63.2804353522,"Sub-Saharan Africa","Lower middle income"
Tanzania,TZA,"Mobile cellular subscriptions (per 100 people)",IT.CEL.SETS.P2,2015,76.2492627491,"Sub-Saharan Africa","Lower middle income"
Tanzania,TZA,"Mobile cellular subscriptions (per 100 people)",IT.CEL.SETS.P2,2016,74.3983656514,"Sub-Saharan Africa","Lower middle income"
Tanzania,TZA,"Mobile cellular subscriptions (per 100 people)",IT.CEL.SETS.P2,2017,71.7911684371,"Sub-Saharan Africa","Lower middle income"
Tanzania,TZA,"Mobile cellular subscriptions (per 100 people)",IT.CEL.SETS.P2,2018,75.7301934140,"Sub-Saharan Africa","Lower middle income"
Tanzania,TZA,"Mobile cellular subscriptions (per 100 people)",IT.CEL.SETS.P2,2019,80.5835569684,"Sub-Saharan Africa","Lower middle income"
Tanzania,TZA,"Mobile cellular subscriptions (per 100 people)",IT.CEL.SETS.P2,2020,84.0050558283,"Sub-Saharan Africa","Lower middle income"
Tanzania,TZA,"Mobile cellular subscriptions (per 100 people)",IT.CEL.SETS.P2,2021,86.0162814148,"Sub-Saharan Africa","Lower middle income"
Tanzania,TZA,"Mobile cellular subscriptions (per 100 people)",IT.CEL.SETS.P2,2022,93.0159746239,"Sub-Saharan Africa","Lower middle income"
Tanzania,TZA,"Mobile cellular subscriptions (per 100 people)",IT.CEL.SETS.P2,2023,105.4002811209,"Sub-Saharan Africa","Lower middle income"
Tanzania,TZA,"Mobile cellular subscriptions (per 100 people)",IT.CEL.SETS.P2,2024,126.5591632178,"Sub-Saharan Africa","Lower middle income"
Tanzania,TZA,"Secure Internet servers (per 1 million people)",IT.NET.SECR.P6,2010,0.4915268809,"Sub-Saharan Africa","Lower middle income"
Tanzania,TZA,"Secure Internet servers (per 1 million people)",IT.NET.SECR.P6,2011,0.5865820401,"Sub-Saharan Africa","Lower middle income"
Tanzania,TZA,"Secure Internet servers (per 1 million people)",IT.NET.SECR.P6,2012,0.9709914202,"Sub-Saharan Africa","Lower middle income"
Tanzania,TZA,"Secure Internet servers (per 1 million people)",IT.NET.SECR.P6,2013,1.6385341280,"Sub-Saharan Africa","Lower middle income"
Tanzania,TZA,"Secure Internet servers (per 1 million people)",IT.NET.SECR.P6,2014,2.3038037070,"Sub-Saharan Africa","Lower middle income"
Tanzania,TZA,"Secure Internet servers (per 1 million people)",IT.NET.SECR.P6,2015,3.2486904029,"Sub-Saharan Africa","Lower middle income"
Tanzania,TZA,"Secure Internet servers (per 1 million people)",IT.NET.SECR.P6,2016,5.5737204136,"Sub-Saharan Africa","Lower middle income"
Tanzania,TZA,"Secure Internet servers (per 1 million people)",IT.NET.SECR.P6,2017,22.2989318255,"Sub-Saharan Africa","Lower middle income"
Tanzania,TZA,"Secure Internet servers (per 1 million people)",IT.NET.SECR.P6,2018,26.7596866105,"Sub-Saharan Africa","Lower middle income"
Tanzania,TZA,"Secure Internet servers (per 1 million people)",IT.NET.SECR.P6,2019,38.3270667959,"Sub-Saharan Africa","Lower middle income"
Tanzania,TZA,"Secure Internet servers (per 1 million people)",IT.NET.SECR.P6,2020,37.4101250856,"Sub-Saharan Africa","Lower middle income"
Tanzania,TZA,"Secure Internet servers (per 1 million people)",IT.NET.SECR.P6,2021,35.8743469643,"Sub-Saharan Africa","Lower middle income"
Tanzania,TZA,"Secure Internet servers (per 1 million people)",IT.NET.SECR.P6,2022,43.9332405744,"Sub-Saharan Africa","Lower middle income"
Tanzania,TZA,"Secure Internet servers (per 1 million people)",IT.NET.SECR.P6,2023,52.5836968684,"Sub-Saharan Africa","Lower middle income"
Tanzania,TZA,"Secure Internet servers (per 1 million people)",IT.NET.SECR.P6,2024,52.4065310994,"Sub-Saharan Africa","Lower middle income"
Togo,TGO,"Fixed broadband subscriptions (per 100 people)",IT.NET.BBND.P2,2007,0.0194074538,"Sub-Saharan Africa","Lower middle income"
Togo,TGO,"Fixed broadband subscriptions (per 100 people)",IT.NET.BBND.P2,2008,0.0300055960,"Sub-Saharan Africa","Lower middle income"
Togo,TGO,"Fixed broadband subscriptions (per 100 people)",IT.NET.BBND.P2,2009,0.0635849487,"Sub-Saharan Africa","Lower middle income"
Togo,TGO,"Fixed broadband subscriptions (per 100 people)",IT.NET.BBND.P2,2010,0.4043763247,"Sub-Saharan Africa","Lower middle income"
Togo,TGO,"Fixed broadband subscriptions (per 100 people)",IT.NET.BBND.P2,2011,0.4921438294,"Sub-Saharan Africa","Lower middle income"
Togo,TGO,"Fixed broadband subscriptions (per 100 people)",IT.NET.BBND.P2,2012,0.5843478761,"Sub-Saharan Africa","Lower middle income"
Togo,TGO,"Fixed broadband subscriptions (per 100 people)",IT.NET.BBND.P2,2013,0.0949153119,"Sub-Saharan Africa","Lower middle income"
Togo,TGO,"Fixed broadband subscriptions (per 100 people)",IT.NET.BBND.P2,2014,0.1687532202,"Sub-Saharan Africa","Lower middle income"
Togo,TGO,"Fixed broadband subscriptions (per 100 people)",IT.NET.BBND.P2,2015,0.8621991219,"Sub-Saharan Africa","Lower middle income"
Togo,TGO,"Fixed broadband subscriptions (per 100 people)",IT.NET.BBND.P2,2016,0.6205294817,"Sub-Saharan Africa","Lower middle income"
Togo,TGO,"Fixed broadband subscriptions (per 100 people)",IT.NET.BBND.P2,2017,0.6273938395,"Sub-Saharan Africa","Lower middle income"
Togo,TGO,"Fixed broadband subscriptions (per 100 people)",IT.NET.BBND.P2,2018,0.3167054496,"Sub-Saharan Africa","Lower middle income"
Togo,TGO,"Fixed broadband subscriptions (per 100 people)",IT.NET.BBND.P2,2019,0.3769200484,"Sub-Saharan Africa","Lower middle income"
Togo,TGO,"Fixed broadband subscriptions (per 100 people)",IT.NET.BBND.P2,2020,0.6079319747,"Sub-Saharan Africa","Lower middle income"
Togo,TGO,"Fixed broadband subscriptions (per 100 people)",IT.NET.BBND.P2,2021,0.7493259749,"Sub-Saharan Africa","Lower middle income"
Togo,TGO,"Fixed broadband subscriptions (per 100 people)",IT.NET.BBND.P2,2022,1.0372356167,"Sub-Saharan Africa","Lower middle income"
Togo,TGO,"Fixed broadband subscriptions (per 100 people)",IT.NET.BBND.P2,2023,1.2281584384,"Sub-Saharan Africa","Lower middle income"
Togo,TGO,"Fixed broadband subscriptions (per 100 people)",IT.NET.BBND.P2,2024,1.4153826558,"Sub-Saharan Africa","Lower middle income"
Togo,TGO,"Individuals using the Internet (% of population)",IT.NET.USER.ZS,2000,0.8000000000,"Sub-Saharan Africa","Lower middle income"
Togo,TGO,"Individuals using the Internet (% of population)",IT.NET.USER.ZS,2001,0.9000000000,"Sub-Saharan Africa","Lower middle income"
Togo,TGO,"Individuals using the Internet (% of population)",IT.NET.USER.ZS,2002,1.0000000000,"Sub-Saharan Africa","Lower middle income"
Togo,TGO,"Individuals using the Internet (% of population)",IT.NET.USER.ZS,2003,1.2000000000,"Sub-Saharan Africa","Lower middle income"
Togo,TGO,"Individuals using the Internet (% of population)",IT.NET.USER.ZS,2004,1.5000000000,"Sub-Saharan Africa","Lower middle income"
Togo,TGO,"Individuals using the Internet (% of population)",IT.NET.USER.ZS,2005,1.7999999520,"Sub-Saharan Africa","Lower middle income"
Togo,TGO,"Individuals using the Internet (% of population)",IT.NET.USER.ZS,2006,2.0000000000,"Sub-Saharan Africa","Lower middle income"
Togo,TGO,"Individuals using the Internet (% of population)",IT.NET.USER.ZS,2007,2.2000000480,"Sub-Saharan Africa","Lower middle income"
Togo,TGO,"Individuals using the Internet (% of population)",IT.NET.USER.ZS,2008,2.4000000950,"Sub-Saharan Africa","Lower middle income"
Togo,TGO,"Individuals using the Internet (% of population)",IT.NET.USER.ZS,2009,2.5999999050,"Sub-Saharan Africa","Lower middle income"
Togo,TGO,"Individuals using the Internet (% of population)",IT.NET.USER.ZS,2010,3.0000000000,"Sub-Saharan Africa","Lower middle income"
Togo,TGO,"Individuals using the Internet (% of population)",IT.NET.USER.ZS,2011,3.5000000000,"Sub-Saharan Africa","Lower middle income"
Togo,TGO,"Individuals using the Internet (% of population)",IT.NET.USER.ZS,2012,4.0000000000,"Sub-Saharan Africa","Lower middle income"
Togo,TGO,"Individuals using the Internet (% of population)",IT.NET.USER.ZS,2013,4.5000000000,"Sub-Saharan Africa","Lower middle income"
Togo,TGO,"Individuals using the Internet (% of population)",IT.NET.USER.ZS,2014,5.6999998090,"Sub-Saharan Africa","Lower middle income"
Togo,TGO,"Individuals using the Internet (% of population)",IT.NET.USER.ZS,2015,7.1199998860,"Sub-Saharan Africa","Lower middle income"
Togo,TGO,"Individuals using the Internet (% of population)",IT.NET.USER.ZS,2016,11.3100004200,"Sub-Saharan Africa","Lower middle income"
Togo,TGO,"Individuals using the Internet (% of population)",IT.NET.USER.ZS,2017,12.3602249693,"Sub-Saharan Africa","Lower middle income"
Togo,TGO,"Individuals using the Internet (% of population)",IT.NET.USER.ZS,2018,15.5000000000,"Sub-Saharan Africa","Lower middle income"
Togo,TGO,"Individuals using the Internet (% of population)",IT.NET.USER.ZS,2019,20.7273006400,"Sub-Saharan Africa","Lower middle income"
Togo,TGO,"Individuals using the Internet (% of population)",IT.NET.USER.ZS,2020,29.0237007100,"Sub-Saharan Africa","Lower middle income"
Togo,TGO,"Individuals using the Internet (% of population)",IT.NET.USER.ZS,2021,30.3383998900,"Sub-Saharan Africa","Lower middle income"
Togo,TGO,"Individuals using the Internet (% of population)",IT.NET.USER.ZS,2022,35.6074981700,"Sub-Saharan Africa","Lower middle income"
Togo,TGO,"Individuals using the Internet (% of population)",IT.NET.USER.ZS,2023,37.5702018700,"Sub-Saharan Africa","Lower middle income"
Togo,TGO,"Individuals using the Internet (% of population)",IT.NET.USER.ZS,2024,39.4832000700,"Sub-Saharan Africa","Lower middle income"
Togo,TGO,"Mobile cellular subscriptions (per 100 people)",IT.CEL.SETS.P2,2000,0.9727556436,"Sub-Saharan Africa","Lower middle income"
Togo,TGO,"Mobile cellular subscriptions (per 100 people)",IT.CEL.SETS.P2,2001,1.8001349912,"Sub-Saharan Africa","Lower middle income"
Togo,TGO,"Mobile cellular subscriptions (per 100 people)",IT.CEL.SETS.P2,2002,3.0506122542,"Sub-Saharan Africa","Lower middle income"
Togo,TGO,"Mobile cellular subscriptions (per 100 people)",IT.CEL.SETS.P2,2003,4.3877102400,"Sub-Saharan Africa","Lower middle income"
Togo,TGO,"Mobile cellular subscriptions (per 100 people)",IT.CEL.SETS.P2,2004,5.8380502582,"Sub-Saharan Africa","Lower middle income"
Togo,TGO,"Mobile cellular subscriptions (per 100 people)",IT.CEL.SETS.P2,2005,7.4193734386,"Sub-Saharan Africa","Lower middle income"
Togo,TGO,"Mobile cellular subscriptions (per 100 people)",IT.CEL.SETS.P2,2006,11.7790568369,"Sub-Saharan Africa","Lower middle income"
Togo,TGO,"Mobile cellular subscriptions (per 100 people)",IT.CEL.SETS.P2,2007,19.2348550759,"Sub-Saharan Africa","Lower middle income"
Togo,TGO,"Mobile cellular subscriptions (per 100 people)",IT.CEL.SETS.P2,2008,24.3301576495,"Sub-Saharan Africa","Lower middle income"
Togo,TGO,"Mobile cellular subscriptions (per 100 people)",IT.CEL.SETS.P2,2009,33.3849064350,"Sub-Saharan Africa","Lower middle income"
Togo,TGO,"Mobile cellular subscriptions (per 100 people)",IT.CEL.SETS.P2,2010,38.6520343582,"Sub-Saharan Africa","Lower middle income"
Togo,TGO,"Mobile cellular subscriptions (per 100 people)",IT.CEL.SETS.P2,2011,38.9697843150,"Sub-Saharan Africa","Lower middle income"
Togo,TGO,"Mobile cellular subscriptions (per 100 people)",IT.CEL.SETS.P2,2012,46.6464180615,"Sub-Saharan Africa","Lower middle income"
Togo,TGO,"Mobile cellular subscriptions (per 100 people)",IT.CEL.SETS.P2,2013,58.5138554394,"Sub-Saharan Africa","Lower middle income"
Togo,TGO,"Mobile cellular subscriptions (per 100 people)",IT.CEL.SETS.P2,2014,60.4368580586,"Sub-Saharan Africa","Lower middle income"
Togo,TGO,"Mobile cellular subscriptions (per 100 people)",IT.CEL.SETS.P2,2015,63.3574638255,"Sub-Saharan Africa","Lower middle income"
Togo,TGO,"Mobile cellular subscriptions (per 100 people)",IT.CEL.SETS.P2,2016,70.0588130571,"Sub-Saharan Africa","Lower middle income"
Togo,TGO,"Mobile cellular subscriptions (per 100 people)",IT.CEL.SETS.P2,2017,75.3357270694,"Sub-Saharan Africa","Lower middle income"
Togo,TGO,"Mobile cellular subscriptions (per 100 people)",IT.CEL.SETS.P2,2018,74.3997114343,"Sub-Saharan Africa","Lower middle income"
Togo,TGO,"Mobile cellular subscriptions (per 100 people)",IT.CEL.SETS.P2,2019,73.7224727487,"Sub-Saharan Africa","Lower middle income"
Togo,TGO,"Mobile cellular subscriptions (per 100 people)",IT.CEL.SETS.P2,2020,75.1640191379,"Sub-Saharan Africa","Lower middle income"
Togo,TGO,"Mobile cellular subscriptions (per 100 people)",IT.CEL.SETS.P2,2021,70.4496733018,"Sub-Saharan Africa","Lower middle income"
Togo,TGO,"Mobile cellular subscriptions (per 100 people)",IT.CEL.SETS.P2,2022,72.2147547047,"Sub-Saharan Africa","Lower middle income"
Togo,TGO,"Mobile cellular subscriptions (per 100 people)",IT.CEL.SETS.P2,2023,75.7906769714,"Sub-Saharan Africa","Lower middle income"
Togo,TGO,"Mobile cellular subscriptions (per 100 people)",IT.CEL.SETS.P2,2024,80.8035554767,"Sub-Saharan Africa","Lower middle income"
Togo,TGO,"Secure Internet servers (per 1 million people)",IT.NET.SECR.P6,2010,0.1580830720,"Sub-Saharan Africa","Lower middle income"
Togo,TGO,"Secure Internet servers (per 1 million people)",IT.NET.SECR.P6,2011,0.3076647599,"Sub-Saharan Africa","Lower middle income"
Togo,TGO,"Secure Internet servers (per 1 million people)",IT.NET.SECR.P6,2012,0.4508757359,"Sub-Saharan Africa","Lower middle income"
Togo,TGO,"Secure Internet servers (per 1 million people)",IT.NET.SECR.P6,2013,0.8825024475,"Sub-Saharan Africa","Lower middle income"
Togo,TGO,"Secure Internet servers (per 1 million people)",IT.NET.SECR.P6,2014,2.5945407403,"Sub-Saharan Africa","Lower middle income"
Togo,TGO,"Secure Internet servers (per 1 million people)",IT.NET.SECR.P6,2015,3.1110788062,"Sub-Saharan Africa","Lower middle income"
Togo,TGO,"Secure Internet servers (per 1 million people)",IT.NET.SECR.P6,2016,3.6106678013,"Sub-Saharan Africa","Lower middle income"
Togo,TGO,"Secure Internet servers (per 1 million people)",IT.NET.SECR.P6,2017,4.7785575473,"Sub-Saharan Africa","Lower middle income"
Togo,TGO,"Secure Internet servers (per 1 million people)",IT.NET.SECR.P6,2018,8.1789105852,"Sub-Saharan Africa","Lower middle income"
Togo,TGO,"Secure Internet servers (per 1 million people)",IT.NET.SECR.P6,2019,20.8663471097,"Sub-Saharan Africa","Lower middle income"
Togo,TGO,"Secure Internet servers (per 1 million people)",IT.NET.SECR.P6,2020,28.1199899230,"Sub-Saharan Africa","Lower middle income"
Togo,TGO,"Secure Internet servers (per 1 million people)",IT.NET.SECR.P6,2021,28.0991752199,"Sub-Saharan Africa","Lower middle income"
Togo,TGO,"Secure Internet servers (per 1 million people)",IT.NET.SECR.P6,2022,90.8458154410,"Sub-Saharan Africa","Lower middle income"
Togo,TGO,"Secure Internet servers (per 1 million people)",IT.NET.SECR.P6,2023,103.4795138530,"Sub-Saharan Africa","Lower middle income"
Togo,TGO,"Secure Internet servers (per 1 million people)",IT.NET.SECR.P6,2024,101.9442202147,"Sub-Saharan Africa","Lower middle income"
Uganda,UGA,"Fixed broadband subscriptions (per 100 people)",IT.NET.BBND.P2,2005,0.0030396997,"Sub-Saharan Africa","Low income"
Uganda,UGA,"Fixed broadband subscriptions (per 100 people)",IT.NET.BBND.P2,2006,0.0042022639,"Sub-Saharan Africa","Low income"
Uganda,UGA,"Fixed broadband subscriptions (per 100 people)",IT.NET.BBND.P2,2007,0.0062724616,"Sub-Saharan Africa","Low income"
Uganda,UGA,"Fixed broadband subscriptions (per 100 people)",IT.NET.BBND.P2,2008,0.0157107735,"Sub-Saharan Africa","Low income"
Uganda,UGA,"Fixed broadband subscriptions (per 100 people)",IT.NET.BBND.P2,2009,0.0190772032,"Sub-Saharan Africa","Low income"
Uganda,UGA,"Fixed broadband subscriptions (per 100 people)",IT.NET.BBND.P2,2010,0.0432221468,"Sub-Saharan Africa","Low income"
Uganda,UGA,"Fixed broadband subscriptions (per 100 people)",IT.NET.BBND.P2,2011,0.1064742515,"Sub-Saharan Africa","Low income"
Uganda,UGA,"Fixed broadband subscriptions (per 100 people)",IT.NET.BBND.P2,2012,0.1118312904,"Sub-Saharan Africa","Low income"
Uganda,UGA,"Fixed broadband subscriptions (per 100 people)",IT.NET.BBND.P2,2013,0.1174405034,"Sub-Saharan Africa","Low income"
Uganda,UGA,"Fixed broadband subscriptions (per 100 people)",IT.NET.BBND.P2,2014,0.1516614440,"Sub-Saharan Africa","Low income"
Uganda,UGA,"Fixed broadband subscriptions (per 100 people)",IT.NET.BBND.P2,2015,0.2150836395,"Sub-Saharan Africa","Low income"
Uganda,UGA,"Fixed broadband subscriptions (per 100 people)",IT.NET.BBND.P2,2016,0.2374149827,"Sub-Saharan Africa","Low income"
Uganda,UGA,"Fixed broadband subscriptions (per 100 people)",IT.NET.BBND.P2,2019,0.0752797053,"Sub-Saharan Africa","Low income"
Uganda,UGA,"Fixed broadband subscriptions (per 100 people)",IT.NET.BBND.P2,2020,0.0778187501,"Sub-Saharan Africa","Low income"
Uganda,UGA,"Fixed broadband subscriptions (per 100 people)",IT.NET.BBND.P2,2021,0.0838841644,"Sub-Saharan Africa","Low income"
Uganda,UGA,"Fixed broadband subscriptions (per 100 people)",IT.NET.BBND.P2,2022,0.0850849430,"Sub-Saharan Africa","Low income"
Uganda,UGA,"Fixed broadband subscriptions (per 100 people)",IT.NET.BBND.P2,2023,0.0912969650,"Sub-Saharan Africa","Low income"
Uganda,UGA,"Fixed broadband subscriptions (per 100 people)",IT.NET.BBND.P2,2024,0.2076133340,"Sub-Saharan Africa","Low income"
Uganda,UGA,"Individuals using the Internet (% of population)",IT.NET.USER.ZS,2000,0.1637140631,"Sub-Saharan Africa","Low income"
Uganda,UGA,"Individuals using the Internet (% of population)",IT.NET.USER.ZS,2001,0.2379450872,"Sub-Saharan Africa","Low income"
Uganda,UGA,"Individuals using the Internet (% of population)",IT.NET.USER.ZS,2002,0.3840935050,"Sub-Saharan Africa","Low income"
Uganda,UGA,"Individuals using the Internet (% of population)",IT.NET.USER.ZS,2003,0.4648498401,"Sub-Saharan Africa","Low income"
Uganda,UGA,"Individuals using the Internet (% of population)",IT.NET.USER.ZS,2004,0.7199706799,"Sub-Saharan Africa","Low income"
Uganda,UGA,"Individuals using the Internet (% of population)",IT.NET.USER.ZS,2005,1.7422000170,"Sub-Saharan Africa","Low income"
Uganda,UGA,"Individuals using the Internet (% of population)",IT.NET.USER.ZS,2006,2.5294001100,"Sub-Saharan Africa","Low income"
Uganda,UGA,"Individuals using the Internet (% of population)",IT.NET.USER.ZS,2007,3.6719653507,"Sub-Saharan Africa","Low income"
Uganda,UGA,"Individuals using the Internet (% of population)",IT.NET.USER.ZS,2008,3.8800001140,"Sub-Saharan Africa","Low income"
Uganda,UGA,"Individuals using the Internet (% of population)",IT.NET.USER.ZS,2009,4.0999999050,"Sub-Saharan Africa","Low income"
Uganda,UGA,"Individuals using the Internet (% of population)",IT.NET.USER.ZS,2010,4.3000001910,"Sub-Saharan Africa","Low income"
Uganda,UGA,"Individuals using the Internet (% of population)",IT.NET.USER.ZS,2011,4.5999999050,"Sub-Saharan Africa","Low income"
Uganda,UGA,"Individuals using the Internet (% of population)",IT.NET.USER.ZS,2012,4.8000001910,"Sub-Saharan Africa","Low income"
Uganda,UGA,"Individuals using the Internet (% of population)",IT.NET.USER.ZS,2013,5.0999999050,"Sub-Saharan Africa","Low income"
Uganda,UGA,"Individuals using the Internet (% of population)",IT.NET.USER.ZS,2014,5.4000000950,"Sub-Saharan Africa","Low income"
Uganda,UGA,"Individuals using the Internet (% of population)",IT.NET.USER.ZS,2015,5.6999998090,"Sub-Saharan Africa","Low income"
Uganda,UGA,"Individuals using the Internet (% of population)",IT.NET.USER.ZS,2016,5.9000000000,"Sub-Saharan Africa","Low income"
Uganda,UGA,"Individuals using the Internet (% of population)",IT.NET.USER.ZS,2017,7.4179000850,"Sub-Saharan Africa","Low income"
Uganda,UGA,"Individuals using the Internet (% of population)",IT.NET.USER.ZS,2018,9.3262996670,"Sub-Saharan Africa","Low income"
Uganda,UGA,"Individuals using the Internet (% of population)",IT.NET.USER.ZS,2019,11.7257995600,"Sub-Saharan Africa","Low income"
Uganda,UGA,"Individuals using the Internet (% of population)",IT.NET.USER.ZS,2020,7.4000000000,"Sub-Saharan Africa","Low income"
Uganda,UGA,"Individuals using the Internet (% of population)",IT.NET.USER.ZS,2021,10.0000000000,"Sub-Saharan Africa","Low income"
Uganda,UGA,"Individuals using the Internet (% of population)",IT.NET.USER.ZS,2022,9.6368999480,"Sub-Saharan Africa","Low income"
Uganda,UGA,"Individuals using the Internet (% of population)",IT.NET.USER.ZS,2023,9.2869997020,"Sub-Saharan Africa","Low income"
Uganda,UGA,"Individuals using the Internet (% of population)",IT.NET.USER.ZS,2024,8.9498310610,"Sub-Saharan Africa","Low income"
Uganda,UGA,"Mobile cellular subscriptions (per 100 people)",IT.CEL.SETS.P2,2000,0.5288008617,"Sub-Saharan Africa","Low income"
Uganda,UGA,"Mobile cellular subscriptions (per 100 people)",IT.CEL.SETS.P2,2001,1.1457355216,"Sub-Saharan Africa","Low income"
Uganda,UGA,"Mobile cellular subscriptions (per 100 people)",IT.CEL.SETS.P2,2002,1.5404065426,"Sub-Saharan Africa","Low income"
Uganda,UGA,"Mobile cellular subscriptions (per 100 people)",IT.CEL.SETS.P2,2003,2.9453754847,"Sub-Saharan Africa","Low income"
Uganda,UGA,"Mobile cellular subscriptions (per 100 people)",IT.CEL.SETS.P2,2004,4.2903914874,"Sub-Saharan Africa","Low income"
Uganda,UGA,"Mobile cellular subscriptions (per 100 people)",IT.CEL.SETS.P2,2005,4.7036670114,"Sub-Saharan Africa","Low income"
Uganda,UGA,"Mobile cellular subscriptions (per 100 people)",IT.CEL.SETS.P2,2006,6.9765152139,"Sub-Saharan Africa","Low income"
Uganda,UGA,"Mobile cellular subscriptions (per 100 people)",IT.CEL.SETS.P2,2007,14.1476989340,"Sub-Saharan Africa","Low income"
Uganda,UGA,"Mobile cellular subscriptions (per 100 people)",IT.CEL.SETS.P2,2008,28.0124073853,"Sub-Saharan Africa","Low income"
Uganda,UGA,"Mobile cellular subscriptions (per 100 people)",IT.CEL.SETS.P2,2009,29.8359001233,"Sub-Saharan Africa","Low income"
Uganda,UGA,"Mobile cellular subscriptions (per 100 people)",IT.CEL.SETS.P2,2010,39.6046507277,"Sub-Saharan Africa","Low income"
Uganda,UGA,"Mobile cellular subscriptions (per 100 people)",IT.CEL.SETS.P2,2011,50.0591238801,"Sub-Saharan Africa","Low income"
Uganda,UGA,"Mobile cellular subscriptions (per 100 people)",IT.CEL.SETS.P2,2012,47.6342672974,"Sub-Saharan Africa","Low income"
Uganda,UGA,"Mobile cellular subscriptions (per 100 people)",IT.CEL.SETS.P2,2013,51.1323160552,"Sub-Saharan Africa","Low income"
Uganda,UGA,"Mobile cellular subscriptions (per 100 people)",IT.CEL.SETS.P2,2014,55.9572451997,"Sub-Saharan Africa","Low income"
Uganda,UGA,"Mobile cellular subscriptions (per 100 people)",IT.CEL.SETS.P2,2015,53.8755501187,"Sub-Saharan Africa","Low income"
Uganda,UGA,"Mobile cellular subscriptions (per 100 people)",IT.CEL.SETS.P2,2016,58.8633638178,"Sub-Saharan Africa","Low income"
Uganda,UGA,"Mobile cellular subscriptions (per 100 people)",IT.CEL.SETS.P2,2017,62.0968142578,"Sub-Saharan Africa","Low income"
Uganda,UGA,"Mobile cellular subscriptions (per 100 people)",IT.CEL.SETS.P2,2018,58.8753608703,"Sub-Saharan Africa","Low income"
Uganda,UGA,"Mobile cellular subscriptions (per 100 people)",IT.CEL.SETS.P2,2019,59.0598078770,"Sub-Saharan Africa","Low income"
Uganda,UGA,"Mobile cellular subscriptions (per 100 people)",IT.CEL.SETS.P2,2020,62.2824129625,"Sub-Saharan Africa","Low income"
Uganda,UGA,"Mobile cellular subscriptions (per 100 people)",IT.CEL.SETS.P2,2021,65.6220730009,"Sub-Saharan Africa","Low income"
Uganda,UGA,"Mobile cellular subscriptions (per 100 people)",IT.CEL.SETS.P2,2022,70.1401117953,"Sub-Saharan Africa","Low income"
Uganda,UGA,"Mobile cellular subscriptions (per 100 people)",IT.CEL.SETS.P2,2023,76.2966796633,"Sub-Saharan Africa","Low income"
Uganda,UGA,"Mobile cellular subscriptions (per 100 people)",IT.CEL.SETS.P2,2024,83.1650314669,"Sub-Saharan Africa","Low income"
Uganda,UGA,"Secure Internet servers (per 1 million people)",IT.NET.SECR.P6,2010,0.2778566582,"Sub-Saharan Africa","Low income"
Uganda,UGA,"Secure Internet servers (per 1 million people)",IT.NET.SECR.P6,2011,0.6595803156,"Sub-Saharan Africa","Low income"
Uganda,UGA,"Secure Internet servers (per 1 million people)",IT.NET.SECR.P6,2012,1.6891184485,"Sub-Saharan Africa","Low income"
Uganda,UGA,"Secure Internet servers (per 1 million people)",IT.NET.SECR.P6,2013,1.8677284873,"Sub-Saharan Africa","Low income"
Uganda,UGA,"Secure Internet servers (per 1 million people)",IT.NET.SECR.P6,2014,2.2255474771,"Sub-Saharan Africa","Low income"
Uganda,UGA,"Secure Internet servers (per 1 million people)",IT.NET.SECR.P6,2015,3.0374529135,"Sub-Saharan Africa","Low income"
Uganda,UGA,"Secure Internet servers (per 1 million people)",IT.NET.SECR.P6,2016,4.0207064319,"Sub-Saharan Africa","Low income"
Uganda,UGA,"Secure Internet servers (per 1 million people)",IT.NET.SECR.P6,2017,20.9072824744,"Sub-Saharan Africa","Low income"
Uganda,UGA,"Secure Internet servers (per 1 million people)",IT.NET.SECR.P6,2018,20.7863040198,"Sub-Saharan Africa","Low income"
Uganda,UGA,"Secure Internet servers (per 1 million people)",IT.NET.SECR.P6,2019,22.6280980000,"Sub-Saharan Africa","Low income"
Uganda,UGA,"Secure Internet servers (per 1 million people)",IT.NET.SECR.P6,2020,35.3823834689,"Sub-Saharan Africa","Low income"
Uganda,UGA,"Secure Internet servers (per 1 million people)",IT.NET.SECR.P6,2021,34.4144629612,"Sub-Saharan Africa","Low income"
Uganda,UGA,"Secure Internet servers (per 1 million people)",IT.NET.SECR.P6,2022,43.8571285662,"Sub-Saharan Africa","Low income"
Uganda,UGA,"Secure Internet servers (per 1 million people)",IT.NET.SECR.P6,2023,51.6271163290,"Sub-Saharan Africa","Low income"
Uganda,UGA,"Secure Internet servers (per 1 million people)",IT.NET.SECR.P6,2024,53.7637719431,"Sub-Saharan Africa","Low income"
Zambia,ZMB,"Fixed broadband subscriptions (per 100 people)",IT.NET.BBND.P2,2000,0.0002096304,"Sub-Saharan Africa","Lower middle income"
Zambia,ZMB,"Fixed broadband subscriptions (per 100 people)",IT.NET.BBND.P2,2001,0.0003002368,"Sub-Saharan Africa","Lower middle income"
Zambia,ZMB,"Fixed broadband subscriptions (per 100 people)",IT.NET.BBND.P2,2002,0.0004507910,"Sub-Saharan Africa","Lower middle income"
Zambia,ZMB,"Fixed broadband subscriptions (per 100 people)",IT.NET.BBND.P2,2003,0.0008285083,"Sub-Saharan Africa","Lower middle income"
Zambia,ZMB,"Fixed broadband subscriptions (per 100 people)",IT.NET.BBND.P2,2004,0.0022049359,"Sub-Saharan Africa","Lower middle income"
Zambia,ZMB,"Fixed broadband subscriptions (per 100 people)",IT.NET.BBND.P2,2005,0.0021333208,"Sub-Saharan Africa","Lower middle income"
Zambia,ZMB,"Fixed broadband subscriptions (per 100 people)",IT.NET.BBND.P2,2006,0.0192834806,"Sub-Saharan Africa","Lower middle income"
Zambia,ZMB,"Fixed broadband subscriptions (per 100 people)",IT.NET.BBND.P2,2007,0.0318342455,"Sub-Saharan Africa","Lower middle income"
Zambia,ZMB,"Fixed broadband subscriptions (per 100 people)",IT.NET.BBND.P2,2008,0.0437973896,"Sub-Saharan Africa","Lower middle income"
Zambia,ZMB,"Fixed broadband subscriptions (per 100 people)",IT.NET.BBND.P2,2009,0.0793305516,"Sub-Saharan Africa","Lower middle income"
Zambia,ZMB,"Fixed broadband subscriptions (per 100 people)",IT.NET.BBND.P2,2010,0.0735163861,"Sub-Saharan Africa","Lower middle income"
Zambia,ZMB,"Fixed broadband subscriptions (per 100 people)",IT.NET.BBND.P2,2011,0.1136946387,"Sub-Saharan Africa","Lower middle income"
Zambia,ZMB,"Fixed broadband subscriptions (per 100 people)",IT.NET.BBND.P2,2012,0.1005724361,"Sub-Saharan Africa","Lower middle income"
Zambia,ZMB,"Fixed broadband subscriptions (per 100 people)",IT.NET.BBND.P2,2013,0.0873238692,"Sub-Saharan Africa","Lower middle income"
Zambia,ZMB,"Fixed broadband subscriptions (per 100 people)",IT.NET.BBND.P2,2014,0.1291009332,"Sub-Saharan Africa","Lower middle income"
Zambia,ZMB,"Fixed broadband subscriptions (per 100 people)",IT.NET.BBND.P2,2015,0.1426298741,"Sub-Saharan Africa","Lower middle income"
Zambia,ZMB,"Fixed broadband subscriptions (per 100 people)",IT.NET.BBND.P2,2016,0.1879106370,"Sub-Saharan Africa","Lower middle income"
Zambia,ZMB,"Fixed broadband subscriptions (per 100 people)",IT.NET.BBND.P2,2017,0.2059018469,"Sub-Saharan Africa","Lower middle income"
Zambia,ZMB,"Fixed broadband subscriptions (per 100 people)",IT.NET.BBND.P2,2018,0.4018567487,"Sub-Saharan Africa","Lower middle income"
Zambia,ZMB,"Fixed broadband subscriptions (per 100 people)",IT.NET.BBND.P2,2019,0.4801327267,"Sub-Saharan Africa","Lower middle income"
Zambia,ZMB,"Fixed broadband subscriptions (per 100 people)",IT.NET.BBND.P2,2020,0.4318972349,"Sub-Saharan Africa","Lower middle income"
Zambia,ZMB,"Fixed broadband subscriptions (per 100 people)",IT.NET.BBND.P2,2021,0.4111080170,"Sub-Saharan Africa","Lower middle income"
Zambia,ZMB,"Fixed broadband subscriptions (per 100 people)",IT.NET.BBND.P2,2022,0.4289498633,"Sub-Saharan Africa","Lower middle income"
Zambia,ZMB,"Fixed broadband subscriptions (per 100 people)",IT.NET.BBND.P2,2023,0.6813898788,"Sub-Saharan Africa","Lower middle income"
Zambia,ZMB,"Fixed broadband subscriptions (per 100 people)",IT.NET.BBND.P2,2024,0.7897975487,"Sub-Saharan Africa","Lower middle income"
Zambia,ZMB,"Individuals using the Internet (% of population)",IT.NET.USER.ZS,2000,0.1910716425,"Sub-Saharan Africa","Lower middle income"
Zambia,ZMB,"Individuals using the Internet (% of population)",IT.NET.USER.ZS,2001,0.2331295563,"Sub-Saharan Africa","Lower middle income"
Zambia,ZMB,"Individuals using the Internet (% of population)",IT.NET.USER.ZS,2002,0.4777509069,"Sub-Saharan Africa","Lower middle income"
Zambia,ZMB,"Individuals using the Internet (% of population)",IT.NET.USER.ZS,2003,0.9804830394,"Sub-Saharan Africa","Lower middle income"
Zambia,ZMB,"Individuals using the Internet (% of population)",IT.NET.USER.ZS,2004,1.1000000000,"Sub-Saharan Africa","Lower middle income"
Zambia,ZMB,"Individuals using the Internet (% of population)",IT.NET.USER.ZS,2005,1.2999999520,"Sub-Saharan Africa","Lower middle income"
Zambia,ZMB,"Individuals using the Internet (% of population)",IT.NET.USER.ZS,2006,1.6000000240,"Sub-Saharan Africa","Lower middle income"
Zambia,ZMB,"Individuals using the Internet (% of population)",IT.NET.USER.ZS,2007,1.8999999760,"Sub-Saharan Africa","Lower middle income"
Zambia,ZMB,"Individuals using the Internet (% of population)",IT.NET.USER.ZS,2008,2.2000000480,"Sub-Saharan Africa","Lower middle income"
Zambia,ZMB,"Individuals using the Internet (% of population)",IT.NET.USER.ZS,2009,2.5000000000,"Sub-Saharan Africa","Lower middle income"
Zambia,ZMB,"Individuals using the Internet (% of population)",IT.NET.USER.ZS,2010,3.0000000000,"Sub-Saharan Africa","Lower middle income"
Zambia,ZMB,"Individuals using the Internet (% of population)",IT.NET.USER.ZS,2011,3.5000000000,"Sub-Saharan Africa","Lower middle income"
Zambia,ZMB,"Individuals using the Internet (% of population)",IT.NET.USER.ZS,2012,4.0999999050,"Sub-Saharan Africa","Lower middle income"
Zambia,ZMB,"Individuals using the Internet (% of population)",IT.NET.USER.ZS,2013,4.8000000000,"Sub-Saharan Africa","Lower middle income"
Zambia,ZMB,"Individuals using the Internet (% of population)",IT.NET.USER.ZS,2014,6.5000000000,"Sub-Saharan Africa","Lower middle income"
Zambia,ZMB,"Individuals using the Internet (% of population)",IT.NET.USER.ZS,2015,8.8000000000,"Sub-Saharan Africa","Lower middle income"
Zambia,ZMB,"Individuals using the Internet (% of population)",IT.NET.USER.ZS,2016,10.3000001900,"Sub-Saharan Africa","Lower middle income"
Zambia,ZMB,"Individuals using the Internet (% of population)",IT.NET.USER.ZS,2017,12.1999998100,"Sub-Saharan Africa","Lower middle income"
Zambia,ZMB,"Individuals using the Internet (% of population)",IT.NET.USER.ZS,2018,14.2999970950,"Sub-Saharan Africa","Lower middle income"
Zambia,ZMB,"Individuals using the Internet (% of population)",IT.NET.USER.ZS,2019,14.4718999900,"Sub-Saharan Africa","Lower middle income"
Zambia,ZMB,"Individuals using the Internet (% of population)",IT.NET.USER.ZS,2020,14.6457996400,"Sub-Saharan Africa","Lower middle income"
Zambia,ZMB,"Individuals using the Internet (% of population)",IT.NET.USER.ZS,2021,14.8219003700,"Sub-Saharan Africa","Lower middle income"
Zambia,ZMB,"Individuals using the Internet (% of population)",IT.NET.USER.ZS,2022,15.0000000000,"Sub-Saharan Africa","Lower middle income"
Zambia,ZMB,"Individuals using the Internet (% of population)",IT.NET.USER.ZS,2023,16.4507007600,"Sub-Saharan Africa","Lower middle income"
Zambia,ZMB,"Individuals using the Internet (% of population)",IT.NET.USER.ZS,2024,17.1009998300,"Sub-Saharan Africa","Lower middle income"
Zambia,ZMB,"Mobile cellular subscriptions (per 100 people)",IT.CEL.SETS.P2,2000,0.9867901902,"Sub-Saharan Africa","Lower middle income"
Zambia,ZMB,"Mobile cellular subscriptions (per 100 people)",IT.CEL.SETS.P2,2001,1.1738288467,"Sub-Saharan Africa","Lower middle income"
Zambia,ZMB,"Mobile cellular subscriptions (per 100 people)",IT.CEL.SETS.P2,2002,1.3062797352,"Sub-Saharan Africa","Lower middle income"
Zambia,ZMB,"Mobile cellular subscriptions (per 100 people)",IT.CEL.SETS.P2,2003,2.1941814133,"Sub-Saharan Africa","Lower middle income"
Zambia,ZMB,"Mobile cellular subscriptions (per 100 people)",IT.CEL.SETS.P2,2004,4.0954832505,"Sub-Saharan Africa","Lower middle income"
Zambia,ZMB,"Mobile cellular subscriptions (per 100 people)",IT.CEL.SETS.P2,2005,8.1028557571,"Sub-Saharan Africa","Lower middle income"
Zambia,ZMB,"Mobile cellular subscriptions (per 100 people)",IT.CEL.SETS.P2,2006,13.7130197626,"Sub-Saharan Africa","Lower middle income"
Zambia,ZMB,"Mobile cellular subscriptions (per 100 people)",IT.CEL.SETS.P2,2007,21.0028503588,"Sub-Saharan Africa","Lower middle income"
Zambia,ZMB,"Mobile cellular subscriptions (per 100 people)",IT.CEL.SETS.P2,2008,27.1785188664,"Sub-Saharan Africa","Lower middle income"
Zambia,ZMB,"Mobile cellular subscriptions (per 100 people)",IT.CEL.SETS.P2,2009,32.6653441943,"Sub-Saharan Africa","Lower middle income"
Zambia,ZMB,"Mobile cellular subscriptions (per 100 people)",IT.CEL.SETS.P2,2010,39.0029310604,"Sub-Saharan Africa","Lower middle income"
Zambia,ZMB,"Mobile cellular subscriptions (per 100 people)",IT.CEL.SETS.P2,2011,56.5498570557,"Sub-Saharan Africa","Lower middle income"
Zambia,ZMB,"Mobile cellular subscriptions (per 100 people)",IT.CEL.SETS.P2,2012,70.5708583739,"Sub-Saharan Africa","Lower middle income"
Zambia,ZMB,"Mobile cellular subscriptions (per 100 people)",IT.CEL.SETS.P2,2013,67.5095981901,"Sub-Saharan Africa","Lower middle income"
Zambia,ZMB,"Mobile cellular subscriptions (per 100 people)",IT.CEL.SETS.P2,2014,63.6342658198,"Sub-Saharan Africa","Lower middle income"
Zambia,ZMB,"Mobile cellular subscriptions (per 100 people)",IT.CEL.SETS.P2,2015,70.4778478853,"Sub-Saharan Africa","Lower middle income"
Zambia,ZMB,"Mobile cellular subscriptions (per 100 people)",IT.CEL.SETS.P2,2016,71.0460770669,"Sub-Saharan Africa","Lower middle income"
Zambia,ZMB,"Mobile cellular subscriptions (per 100 people)",IT.CEL.SETS.P2,2017,77.0500111230,"Sub-Saharan Africa","Lower middle income"
Zambia,ZMB,"Mobile cellular subscriptions (per 100 people)",IT.CEL.SETS.P2,2018,86.0723321005,"Sub-Saharan Africa","Lower middle income"
Zambia,ZMB,"Mobile cellular subscriptions (per 100 people)",IT.CEL.SETS.P2,2019,93.0147820773,"Sub-Saharan Africa","Lower middle income"
Zambia,ZMB,"Mobile cellular subscriptions (per 100 people)",IT.CEL.SETS.P2,2020,100.2351228882,"Sub-Saharan Africa","Lower middle income"
Zambia,ZMB,"Mobile cellular subscriptions (per 100 people)",IT.CEL.SETS.P2,2021,103.2825795783,"Sub-Saharan Africa","Lower middle income"
Zambia,ZMB,"Mobile cellular subscriptions (per 100 people)",IT.CEL.SETS.P2,2022,98.4372601156,"Sub-Saharan Africa","Lower middle income"
Zambia,ZMB,"Mobile cellular subscriptions (per 100 people)",IT.CEL.SETS.P2,2023,102.0615649563,"Sub-Saharan Africa","Lower middle income"
Zambia,ZMB,"Mobile cellular subscriptions (per 100 people)",IT.CEL.SETS.P2,2024,108.7047798738,"Sub-Saharan Africa","Lower middle income"
Zambia,ZMB,"Secure Internet servers (per 1 million people)",IT.NET.SECR.P6,2010,0.3580227236,"Sub-Saharan Africa","Lower middle income"
Zambia,ZMB,"Secure Internet servers (per 1 million people)",IT.NET.SECR.P6,2011,0.9004144400,"Sub-Saharan Africa","Lower middle income"
Zambia,ZMB,"Secure Internet servers (per 1 million people)",IT.NET.SECR.P6,2012,1.8774773062,"Sub-Saharan Africa","Lower middle income"
Zambia,ZMB,"Secure Internet servers (per 1 million people)",IT.NET.SECR.P6,2013,2.9222682490,"Sub-Saharan Africa","Lower middle income"
Zambia,ZMB,"Secure Internet servers (per 1 million people)",IT.NET.SECR.P6,2014,3.9634319924,"Sub-Saharan Africa","Lower middle income"
Zambia,ZMB,"Secure Internet servers (per 1 million people)",IT.NET.SECR.P6,2015,5.4881097359,"Sub-Saharan Africa","Lower middle income"
Zambia,ZMB,"Secure Internet servers (per 1 million people)",IT.NET.SECR.P6,2016,8.5725655554,"Sub-Saharan Africa","Lower middle income"
Zambia,ZMB,"Secure Internet servers (per 1 million people)",IT.NET.SECR.P6,2017,40.9372685095,"Sub-Saharan Africa","Lower middle income"
Zambia,ZMB,"Secure Internet servers (per 1 million people)",IT.NET.SECR.P6,2018,39.7806356656,"Sub-Saharan Africa","Lower middle income"
Zambia,ZMB,"Secure Internet servers (per 1 million people)",IT.NET.SECR.P6,2019,35.0008445034,"Sub-Saharan Africa","Lower middle income"
Zambia,ZMB,"Secure Internet servers (per 1 million people)",IT.NET.SECR.P6,2020,39.0883341260,"Sub-Saharan Africa","Lower middle income"
Zambia,ZMB,"Secure Internet servers (per 1 million people)",IT.NET.SECR.P6,2021,44.3285768787,"Sub-Saharan Africa","Lower middle income"
Zambia,ZMB,"Secure Internet servers (per 1 million people)",IT.NET.SECR.P6,2022,49.8190387923,"Sub-Saharan Africa","Lower middle income"
Zambia,ZMB,"Secure Internet servers (per 1 million people)",IT.NET.SECR.P6,2023,54.9605251698,"Sub-Saharan Africa","Lower middle income"
Zambia,ZMB,"Secure Internet servers (per 1 million people)",IT.NET.SECR.P6,2024,80.5068516210,"Sub-Saharan Africa","Lower middle income"
Zimbabwe,ZWE,"Fixed broadband subscriptions (per 100 people)",IT.NET.BBND.P2,2001,0.0064400800,"Sub-Saharan Africa","Lower middle income"
Zimbabwe,ZWE,"Fixed broadband subscriptions (per 100 people)",IT.NET.BBND.P2,2002,0.0235529594,"Sub-Saharan Africa","Lower middle income"
Zimbabwe,ZWE,"Fixed broadband subscriptions (per 100 people)",IT.NET.BBND.P2,2003,0.0522059465,"Sub-Saharan Africa","Lower middle income"
Zimbabwe,ZWE,"Fixed broadband subscriptions (per 100 people)",IT.NET.BBND.P2,2004,0.0725139529,"Sub-Saharan Africa","Lower middle income"
Zimbabwe,ZWE,"Fixed broadband subscriptions (per 100 people)",IT.NET.BBND.P2,2005,0.0815881402,"Sub-Saharan Africa","Lower middle income"
Zimbabwe,ZWE,"Fixed broadband subscriptions (per 100 people)",IT.NET.BBND.P2,2006,0.0807189047,"Sub-Saharan Africa","Lower middle income"
Zimbabwe,ZWE,"Fixed broadband subscriptions (per 100 people)",IT.NET.BBND.P2,2007,0.1187904647,"Sub-Saharan Africa","Lower middle income"
Zimbabwe,ZWE,"Fixed broadband subscriptions (per 100 people)",IT.NET.BBND.P2,2008,0.1388980094,"Sub-Saharan Africa","Lower middle income"
Zimbabwe,ZWE,"Fixed broadband subscriptions (per 100 people)",IT.NET.BBND.P2,2009,0.3585996581,"Sub-Saharan Africa","Lower middle income"
Zimbabwe,ZWE,"Fixed broadband subscriptions (per 100 people)",IT.NET.BBND.P2,2010,0.2470698267,"Sub-Saharan Africa","Lower middle income"
Zimbabwe,ZWE,"Fixed broadband subscriptions (per 100 people)",IT.NET.BBND.P2,2011,0.2500841460,"Sub-Saharan Africa","Lower middle income"
Zimbabwe,ZWE,"Fixed broadband subscriptions (per 100 people)",IT.NET.BBND.P2,2012,0.5203762341,"Sub-Saharan Africa","Lower middle income"
Zimbabwe,ZWE,"Fixed broadband subscriptions (per 100 people)",IT.NET.BBND.P2,2013,0.7415257866,"Sub-Saharan Africa","Lower middle income"
Zimbabwe,ZWE,"Fixed broadband subscriptions (per 100 people)",IT.NET.BBND.P2,2014,1.0715151211,"Sub-Saharan Africa","Lower middle income"
Zimbabwe,ZWE,"Fixed broadband subscriptions (per 100 people)",IT.NET.BBND.P2,2015,1.1388766716,"Sub-Saharan Africa","Lower middle income"
Zimbabwe,ZWE,"Fixed broadband subscriptions (per 100 people)",IT.NET.BBND.P2,2016,1.1700997254,"Sub-Saharan Africa","Lower middle income"
Zimbabwe,ZWE,"Fixed broadband subscriptions (per 100 people)",IT.NET.BBND.P2,2017,1.2645416210,"Sub-Saharan Africa","Lower middle income"
Zimbabwe,ZWE,"Fixed broadband subscriptions (per 100 people)",IT.NET.BBND.P2,2018,1.3506045980,"Sub-Saharan Africa","Lower middle income"
Zimbabwe,ZWE,"Fixed broadband subscriptions (per 100 people)",IT.NET.BBND.P2,2019,1.3386096124,"Sub-Saharan Africa","Lower middle income"
Zimbabwe,ZWE,"Fixed broadband subscriptions (per 100 people)",IT.NET.BBND.P2,2020,1.3103784867,"Sub-Saharan Africa","Lower middle income"
Zimbabwe,ZWE,"Fixed broadband subscriptions (per 100 people)",IT.NET.BBND.P2,2021,1.2998054720,"Sub-Saharan Africa","Lower middle income"
Zimbabwe,ZWE,"Fixed broadband subscriptions (per 100 people)",IT.NET.BBND.P2,2022,1.6215015991,"Sub-Saharan Africa","Lower middle income"
Zimbabwe,ZWE,"Fixed broadband subscriptions (per 100 people)",IT.NET.BBND.P2,2023,1.5745780720,"Sub-Saharan Africa","Lower middle income"
Zimbabwe,ZWE,"Fixed broadband subscriptions (per 100 people)",IT.NET.BBND.P2,2024,1.9386543755,"Sub-Saharan Africa","Lower middle income"
Zimbabwe,ZWE,"Individuals using the Internet (% of population)",IT.NET.USER.ZS,2000,0.4014335352,"Sub-Saharan Africa","Lower middle income"
Zimbabwe,ZWE,"Individuals using the Internet (% of population)",IT.NET.USER.ZS,2001,0.7998460456,"Sub-Saharan Africa","Lower middle income"
Zimbabwe,ZWE,"Individuals using the Internet (% of population)",IT.NET.USER.ZS,2002,1.1000000000,"Sub-Saharan Africa","Lower middle income"
Zimbabwe,ZWE,"Individuals using the Internet (% of population)",IT.NET.USER.ZS,2003,1.8000000000,"Sub-Saharan Africa","Lower middle income"
Zimbabwe,ZWE,"Individuals using the Internet (% of population)",IT.NET.USER.ZS,2004,2.1000000000,"Sub-Saharan Africa","Lower middle income"
Zimbabwe,ZWE,"Individuals using the Internet (% of population)",IT.NET.USER.ZS,2005,2.4000000950,"Sub-Saharan Africa","Lower middle income"
Zimbabwe,ZWE,"Individuals using the Internet (% of population)",IT.NET.USER.ZS,2006,2.4000000950,"Sub-Saharan Africa","Lower middle income"
Zimbabwe,ZWE,"Individuals using the Internet (% of population)",IT.NET.USER.ZS,2007,3.0000000000,"Sub-Saharan Africa","Lower middle income"
Zimbabwe,ZWE,"Individuals using the Internet (% of population)",IT.NET.USER.ZS,2008,3.5000000000,"Sub-Saharan Africa","Lower middle income"
Zimbabwe,ZWE,"Individuals using the Internet (% of population)",IT.NET.USER.ZS,2009,4.0000000000,"Sub-Saharan Africa","Lower middle income"
Zimbabwe,ZWE,"Individuals using the Internet (% of population)",IT.NET.USER.ZS,2010,6.4000000950,"Sub-Saharan Africa","Lower middle income"
Zimbabwe,ZWE,"Individuals using the Internet (% of population)",IT.NET.USER.ZS,2011,8.3999996190,"Sub-Saharan Africa","Lower middle income"
Zimbabwe,ZWE,"Individuals using the Internet (% of population)",IT.NET.USER.ZS,2012,12.0000000000,"Sub-Saharan Africa","Lower middle income"
Zimbabwe,ZWE,"Individuals using the Internet (% of population)",IT.NET.USER.ZS,2013,15.5000000000,"Sub-Saharan Africa","Lower middle income"
Zimbabwe,ZWE,"Individuals using the Internet (% of population)",IT.NET.USER.ZS,2014,16.3647399573,"Sub-Saharan Africa","Lower middle income"
Zimbabwe,ZWE,"Individuals using the Internet (% of population)",IT.NET.USER.ZS,2015,22.7427997600,"Sub-Saharan Africa","Lower middle income"
Zimbabwe,ZWE,"Individuals using the Internet (% of population)",IT.NET.USER.ZS,2016,23.1200008400,"Sub-Saharan Africa","Lower middle income"
Zimbabwe,ZWE,"Individuals using the Internet (% of population)",IT.NET.USER.ZS,2017,24.3999996200,"Sub-Saharan Africa","Lower middle income"
Zimbabwe,ZWE,"Individuals using the Internet (% of population)",IT.NET.USER.ZS,2018,25.0000000000,"Sub-Saharan Africa","Lower middle income"
Zimbabwe,ZWE,"Individuals using the Internet (% of population)",IT.NET.USER.ZS,2019,26.5883007000,"Sub-Saharan Africa","Lower middle income"
Zimbabwe,ZWE,"Individuals using the Internet (% of population)",IT.NET.USER.ZS,2020,29.2985653200,"Sub-Saharan Africa","Lower middle income"
Zimbabwe,ZWE,"Individuals using the Internet (% of population)",IT.NET.USER.ZS,2021,32.5923996000,"Sub-Saharan Africa","Lower middle income"
Zimbabwe,ZWE,"Individuals using the Internet (% of population)",IT.NET.USER.ZS,2022,36.2565002400,"Sub-Saharan Africa","Lower middle income"
Zimbabwe,ZWE,"Individuals using the Internet (% of population)",IT.NET.USER.ZS,2023,38.6748008700,"Sub-Saharan Africa","Lower middle income"
Zimbabwe,ZWE,"Individuals using the Internet (% of population)",IT.NET.USER.ZS,2024,41.6427993800,"Sub-Saharan Africa","Lower middle income"
Zimbabwe,ZWE,"Mobile cellular subscriptions (per 100 people)",IT.CEL.SETS.P2,2000,2.2404958605,"Sub-Saharan Africa","Lower middle income"
Zimbabwe,ZWE,"Mobile cellular subscriptions (per 100 people)",IT.CEL.SETS.P2,2001,2.6228248964,"Sub-Saharan Africa","Lower middle income"
Zimbabwe,ZWE,"Mobile cellular subscriptions (per 100 people)",IT.CEL.SETS.P2,2002,2.8026863445,"Sub-Saharan Africa","Lower middle income"
Zimbabwe,ZWE,"Mobile cellular subscriptions (per 100 people)",IT.CEL.SETS.P2,2003,2.9728695032,"Sub-Saharan Africa","Lower middle income"
Zimbabwe,ZWE,"Mobile cellular subscriptions (per 100 people)",IT.CEL.SETS.P2,2004,3.4428964953,"Sub-Saharan Africa","Lower middle income"
Zimbabwe,ZWE,"Mobile cellular subscriptions (per 100 people)",IT.CEL.SETS.P2,2005,5.1837507506,"Sub-Saharan Africa","Lower middle income"
Zimbabwe,ZWE,"Mobile cellular subscriptions (per 100 people)",IT.CEL.SETS.P2,2006,6.7198171638,"Sub-Saharan Africa","Lower middle income"
Zimbabwe,ZWE,"Mobile cellular subscriptions (per 100 people)",IT.CEL.SETS.P2,2007,9.5723871291,"Sub-Saharan Africa","Lower middle income"
Zimbabwe,ZWE,"Mobile cellular subscriptions (per 100 people)",IT.CEL.SETS.P2,2008,12.7687473923,"Sub-Saharan Africa","Lower middle income"
Zimbabwe,ZWE,"Mobile cellular subscriptions (per 100 people)",IT.CEL.SETS.P2,2009,30.3664594808,"Sub-Saharan Africa","Lower middle income"
Zimbabwe,ZWE,"Mobile cellular subscriptions (per 100 people)",IT.CEL.SETS.P2,2010,57.6496262358,"Sub-Saharan Africa","Lower middle income"
Zimbabwe,ZWE,"Mobile cellular subscriptions (per 100 people)",IT.CEL.SETS.P2,2011,67.6698277303,"Sub-Saharan Africa","Lower middle income"
Zimbabwe,ZWE,"Mobile cellular subscriptions (per 100 people)",IT.CEL.SETS.P2,2012,91.2870035773,"Sub-Saharan Africa","Lower middle income"
Zimbabwe,ZWE,"Mobile cellular subscriptions (per 100 people)",IT.CEL.SETS.P2,2013,97.2838146491,"Sub-Saharan Africa","Lower middle income"
Zimbabwe,ZWE,"Mobile cellular subscriptions (per 100 people)",IT.CEL.SETS.P2,2014,83.0460608478,"Sub-Saharan Africa","Lower middle income"
Zimbabwe,ZWE,"Mobile cellular subscriptions (per 100 people)",IT.CEL.SETS.P2,2015,88.5991977367,"Sub-Saharan Africa","Lower middle income"
Zimbabwe,ZWE,"Mobile cellular subscriptions (per 100 people)",IT.CEL.SETS.P2,2016,88.2100456333,"Sub-Saharan Africa","Lower middle income"
Zimbabwe,ZWE,"Mobile cellular subscriptions (per 100 people)",IT.CEL.SETS.P2,2017,95.1366826977,"Sub-Saharan Africa","Lower middle income"
Zimbabwe,ZWE,"Mobile cellular subscriptions (per 100 people)",IT.CEL.SETS.P2,2018,85.8627371320,"Sub-Saharan Africa","Lower middle income"
Zimbabwe,ZWE,"Mobile cellular subscriptions (per 100 people)",IT.CEL.SETS.P2,2019,86.4094297250,"Sub-Saharan Africa","Lower middle income"
Zimbabwe,ZWE,"Mobile cellular subscriptions (per 100 people)",IT.CEL.SETS.P2,2020,84.9604118997,"Sub-Saharan Africa","Lower middle income"
Zimbabwe,ZWE,"Mobile cellular subscriptions (per 100 people)",IT.CEL.SETS.P2,2021,90.2538486226,"Sub-Saharan Africa","Lower middle income"
Zimbabwe,ZWE,"Mobile cellular subscriptions (per 100 people)",IT.CEL.SETS.P2,2022,88.9958314913,"Sub-Saharan Africa","Lower middle income"
Zimbabwe,ZWE,"Mobile cellular subscriptions (per 100 people)",IT.CEL.SETS.P2,2023,91.6344110474,"Sub-Saharan Africa","Lower middle income"
Zimbabwe,ZWE,"Mobile cellular subscriptions (per 100 people)",IT.CEL.SETS.P2,2024,94.2451753366,"Sub-Saharan Africa","Lower middle income"
Zimbabwe,ZWE,"Secure Internet servers (per 1 million people)",IT.NET.SECR.P6,2010,0.4492178668,"Sub-Saharan Africa","Lower middle income"
Zimbabwe,ZWE,"Secure Internet servers (per 1 million people)",IT.NET.SECR.P6,2011,0.8826499269,"Sub-Saharan Africa","Lower middle income"
Zimbabwe,ZWE,"Secure Internet servers (per 1 million people)",IT.NET.SECR.P6,2012,3.4013883599,"Sub-Saharan Africa","Lower middle income"
Zimbabwe,ZWE,"Secure Internet servers (per 1 million people)",IT.NET.SECR.P6,2013,4.5669242793,"Sub-Saharan Africa","Lower middle income"
Zimbabwe,ZWE,"Secure Internet servers (per 1 million people)",IT.NET.SECR.P6,2014,7.6016943050,"Sub-Saharan Africa","Lower middle income"
Zimbabwe,ZWE,"Secure Internet servers (per 1 million people)",IT.NET.SECR.P6,2015,11.2507711466,"Sub-Saharan Africa","Lower middle income"
Zimbabwe,ZWE,"Secure Internet servers (per 1 million people)",IT.NET.SECR.P6,2016,13.2874036646,"Sub-Saharan Africa","Lower middle income"
Zimbabwe,ZWE,"Secure Internet servers (per 1 million people)",IT.NET.SECR.P6,2017,29.3671242942,"Sub-Saharan Africa","Lower middle income"
Zimbabwe,ZWE,"Secure Internet servers (per 1 million people)",IT.NET.SECR.P6,2018,44.7638530490,"Sub-Saharan Africa","Lower middle income"
Zimbabwe,ZWE,"Secure Internet servers (per 1 million people)",IT.NET.SECR.P6,2019,64.8926802104,"Sub-Saharan Africa","Lower middle income"
Zimbabwe,ZWE,"Secure Internet servers (per 1 million people)",IT.NET.SECR.P6,2020,71.2956775369,"Sub-Saharan Africa","Lower middle income"
Zimbabwe,ZWE,"Secure Internet servers (per 1 million people)",IT.NET.SECR.P6,2021,75.8994784522,"Sub-Saharan Africa","Lower middle income"
Zimbabwe,ZWE,"Secure Internet servers (per 1 million people)",IT.NET.SECR.P6,2022,78.1004185934,"Sub-Saharan Africa","Lower middle income"
Zimbabwe,ZWE,"Secure Internet servers (per 1 million people)",IT.NET.SECR.P6,2023,89.3467905103,"Sub-Saharan Africa","Lower middle income"
Zimbabwe,ZWE,"Secure Internet servers (per 1 million people)",IT.NET.SECR.P6,2024,89.9943749007,"Sub-Saharan Africa","Lower middle income"
