Country Name,Country Code,Indicator Name,Indicator Code,Year,Value,Region,Income Group
Angola,AGO,Mobile cellular subscriptions (per 100 people),IT.CEL.SETS.P2,2000,0.159346765941731,Sub-Saharan Africa,Lower middle income
Angola,AGO,Mobile cellular subscriptions (per 100 people),IT.CEL.SETS.P2,2001,0.447835842249048,Sub-Saharan Africa,Lower middle income
Angola,AGO,Mobile cellular subscriptions (per 100 people),IT.CEL.SETS.P2,2002,0.807954939660482,Sub-Saharan Africa,Lower middle income
Angola,AGO,Mobile cellular subscriptions (per 100 people),IT.CEL.SETS.P2,2003,1.95054401229801,Sub-Saharan Africa,Lower middle income
Angola,AGO,Mobile cellular subscriptions (per 100 people),IT.CEL.SETS.P2,2004,3.97840414704547,Sub-Saharan Africa,Lower middle income
Angola,AGO,Mobile cellular subscriptions (per 100 people),IT.CEL.SETS.P2,2005,8.35158651156351,Sub-Saharan Africa,Lower middle income
Angola,AGO,Mobile cellular subscriptions (per 100 people),IT.CEL.SETS.P2,2006,15.2614410221311,Sub-Saharan Africa,Lower middle income
Angola,AGO,Mobile cellular subscriptions (per 100 people),IT.CEL.SETS.P2,2007,23.8781501760396,Sub-Saharan Africa,Lower middle income
Angola,AGO,Mobile cellular subscriptions (per 100 people),IT.CEL.SETS.P2,2008,31.3891482115081,Sub-Saharan Africa,Lower middle income
Angola,AGO,Mobile cellular subscriptions (per 100 people),IT.CEL.SETS.P2,2009,36.1789120059347,Sub-Saharan Africa,Lower middle income
Angola,AGO,Mobile cellular subscriptions (per 100 people),IT.CEL.SETS.P2,2010,40.3667552771914,Sub-Saharan Africa,Lower middle income
Angola,AGO,Mobile cellular subscriptions (per 100 people),IT.CEL.SETS.P2,2011,49.8515258181069,Sub-Saharan Africa,Lower middle income
Angola,AGO,Mobile cellular subscriptions (per 100 people),IT.CEL.SETS.P2,2012,50.7801125088641,Sub-Saharan Africa,Lower middle income
Angola,AGO,Mobile cellular subscriptions (per 100 people),IT.CEL.SETS.P2,2013,50.7734882643713,Sub-Saharan Africa,Lower middle income
Angola,AGO,Mobile cellular subscriptions (per 100 people),IT.CEL.SETS.P2,2014,51.7384393645114,Sub-Saharan Africa,Lower middle income
Angola,AGO,Mobile cellular subscriptions (per 100 people),IT.CEL.SETS.P2,2015,49.3097223014385,Sub-Saharan Africa,Lower middle income
Angola,AGO,Mobile cellular subscriptions (per 100 people),IT.CEL.SETS.P2,2016,44.5502272379157,Sub-Saharan Africa,Lower middle income
Angola,AGO,Mobile cellular subscriptions (per 100 people),IT.CEL.SETS.P2,2017,44.0682088632918,Sub-Saharan Africa,Lower middle income
Angola,AGO,Mobile cellular subscriptions (per 100 people),IT.CEL.SETS.P2,2018,42.4588784507729,Sub-Saharan Africa,Lower middle income
Angola,AGO,Mobile cellular subscriptions (per 100 people),IT.CEL.SETS.P2,2019,45.8065312825399,Sub-Saharan Africa,Lower middle income
Angola,AGO,Mobile cellular subscriptions (per 100 people),IT.CEL.SETS.P2,2020,43.7804317055698,Sub-Saharan Africa,Lower middle income
Angola,AGO,Mobile cellular subscriptions (per 100 people),IT.CEL.SETS.P2,2021,44.3868689341257,Sub-Saharan Africa,Lower middle income
Angola,AGO,Mobile cellular subscriptions (per 100 people),IT.CEL.SETS.P2,2022,66.6008073123779,Sub-Saharan Africa,Lower middle income
Angola,AGO,Mobile cellular subscriptions (per 100 people),IT.CEL.SETS.P2,2023,70.0519587723571,Sub-Saharan Africa,Lower middle income
Angola,AGO,Mobile cellular subscriptions (per 100 people),IT.CEL.SETS.P2,2024,69.7039467163584,Sub-Saharan Africa,Lower middle income
Angola,AGO,Fixed broadband subscriptions (per 100 people),IT.NET.BBND.P2,2006,0.0372615340510617,Sub-Saharan Africa,Lower middle income
Angola,AGO,Fixed broadband subscriptions (per 100 people),IT.NET.BBND.P2,2007,0.0563080378857804,Sub-Saharan Africa,Lower middle income
Angola,AGO,Fixed broadband subscriptions (per 100 people),IT.NET.BBND.P2,2008,0.0738785619400282,Sub-Saharan Africa,Lower middle income
Angola,AGO,Fixed broadband subscriptions (per 100 people),IT.NET.BBND.P2,2009,0.0669201512770172,Sub-Saharan Africa,Lower middle income
Angola,AGO,Fixed broadband subscriptions (per 100 people),IT.NET.BBND.P2,2010,0.0643919840565448,Sub-Saharan Africa,Lower middle income
Angola,AGO,Fixed broadband subscriptions (per 100 people),IT.NET.BBND.P2,2011,0.0653099765004654,Sub-Saharan Africa,Lower middle income
Angola,AGO,Fixed broadband subscriptions (per 100 people),IT.NET.BBND.P2,2012,0.081469909077961,Sub-Saharan Africa,Lower middle income
Angola,AGO,Fixed broadband subscriptions (per 100 people),IT.NET.BBND.P2,2013,0.0851575464292457,Sub-Saharan Africa,Lower middle income
Angola,AGO,Fixed broadband subscriptions (per 100 people),IT.NET.BBND.P2,2014,0.323076272251349,Sub-Saharan Africa,Lower middle income
Angola,AGO,Fixed broadband subscriptions (per 100 people),IT.NET.BBND.P2,2015,0.545394210158053,Sub-Saharan Africa,Lower middle income
Angola,AGO,Fixed broadband subscriptions (per 100 people),IT.NET.BBND.P2,2016,0.290319010302891,Sub-Saharan Africa,Lower middle income
Angola,AGO,Fixed broadband subscriptions (per 100 people),IT.NET.BBND.P2,2017,0.32055404693903,Sub-Saharan Africa,Lower middle income
Angola,AGO,Fixed broadband subscriptions (per 100 people),IT.NET.BBND.P2,2018,0.350066962955579,Sub-Saharan Africa,Lower middle income
Angola,AGO,Fixed broadband subscriptions (per 100 people),IT.NET.BBND.P2,2019,0.367770426844486,Sub-Saharan Africa,Lower middle income
Angola,AGO,Fixed broadband subscriptions (per 100 people),IT.NET.BBND.P2,2020,0.363264238710965,Sub-Saharan Africa,Lower middle income
Angola,AGO,Fixed broadband subscriptions (per 100 people),IT.NET.BBND.P2,2021,0.39092529517689,Sub-Saharan Africa,Lower middle income
Angola,AGO,Fixed broadband subscriptions (per 100 people),IT.NET.BBND.P2,2022,0.386698155907211,Sub-Saharan Africa,Lower middle income
Angola,AGO,Fixed broadband subscriptions (per 100 people),IT.NET.BBND.P2,2023,0.373668982990052,Sub-Saharan Africa,Lower middle income
Angola,AGO,Fixed broadband subscriptions (per 100 people),IT.NET.BBND.P2,2024,0.362845240712436,Sub-Saharan Africa,Lower middle income
Angola,AGO,Secure Internet servers (per 1 million people),IT.NET.SECR.P6,2010,1.287839681130895,Sub-Saharan Africa,Lower middle income
Angola,AGO,Secure Internet servers (per 1 million people),IT.NET.SECR.P6,2011,1.8580950512239645,Sub-Saharan Africa,Lower middle income
Angola,AGO,Secure Internet servers (per 1 million people),IT.NET.SECR.P6,2012,3.177453552182565,Sub-Saharan Africa,Lower middle income
Angola,AGO,Secure Internet servers (per 1 million people),IT.NET.SECR.P6,2013,4.547952618741693,Sub-Saharan Africa,Lower middle income
Angola,AGO,Secure Internet servers (per 1 million people),IT.NET.SECR.P6,2014,5.890849408571606,Sub-Saharan Africa,Lower middle income
Angola,AGO,Secure Internet servers (per 1 million people),IT.NET.SECR.P6,2015,8.061709939108166,Sub-Saharan Africa,Lower middle income
Angola,AGO,Secure Internet servers (per 1 million people),IT.NET.SECR.P6,2016,8.223946281182892,Sub-Saharan Africa,Lower middle income
Angola,AGO,Secure Internet servers (per 1 million people),IT.NET.SECR.P6,2017,10.64996575639116,Sub-Saharan Africa,Lower middle income
Angola,AGO,Secure Internet servers (per 1 million people),IT.NET.SECR.P6,2018,11.023366181366963,Sub-Saharan Africa,Lower middle income
Angola,AGO,Secure Internet servers (per 1 million people),IT.NET.SECR.P6,2019,14.486203697892291,Sub-Saharan Africa,Lower middle income
Angola,AGO,Secure Internet servers (per 1 million people),IT.NET.SECR.P6,2020,19.73027400089181,Sub-Saharan Africa,Lower middle income
Angola,AGO,Secure Internet servers (per 1 million people),IT.NET.SECR.P6,2021,26.17829171530332,Sub-Saharan Africa,Lower middle income
Angola,AGO,Secure Internet servers (per 1 million people),IT.NET.SECR.P6,2022,36.53708265538384,Sub-Saharan Africa,Lower middle income
Angola,AGO,Secure Internet servers (per 1 million people),IT.NET.SECR.P6,2023,40.21778994482327,Sub-Saharan Africa,Lower middle income
Angola,AGO,Secure Internet servers (per 1 million people),IT.NET.SECR.P6,2024,48.51415630147288,Sub-Saharan Africa,Lower middle income
Angola,AGO,Individuals using the Internet (% of population),IT.NET.USER.ZS,2000,0.105045562462262,Sub-Saharan Africa,Lower middle income
Angola,AGO,Individuals using the Internet (% of population),IT.NET.USER.ZS,2001,0.136013867429868,Sub-Saharan Africa,Lower middle income
Angola,AGO,Individuals using the Internet (% of population),IT.NET.USER.ZS,2002,0.270376745595134,Sub-Saharan Africa,Lower middle income
Angola,AGO,Individuals using the Internet (% of population),IT.NET.USER.ZS,2003,0.370682065225727,Sub-Saharan Africa,Lower middle income
Angola,AGO,Individuals using the Internet (% of population),IT.NET.USER.ZS,2004,0.464814617985909,Sub-Saharan Africa,Lower middle income
Angola,AGO,Individuals using the Internet (% of population),IT.NET.USER.ZS,2005,1.143399954,Sub-Saharan Africa,Lower middle income
Angola,AGO,Individuals using the Internet (% of population),IT.NET.USER.ZS,2006,1.5,Sub-Saharan Africa,Lower middle income
Angola,AGO,Individuals using the Internet (% of population),IT.NET.USER.ZS,2007,1.700000048,Sub-Saharan Africa,Lower middle income
Angola,AGO,Individuals using the Internet (% of population),IT.NET.USER.ZS,2008,1.899999976,Sub-Saharan Africa,Lower middle income
Angola,AGO,Individuals using the Internet (% of population),IT.NET.USER.ZS,2009,2.299999952,Sub-Saharan Africa,Lower middle income
Angola,AGO,Individuals using the Internet (% of population),IT.NET.USER.ZS,2010,2.799999952,Sub-Saharan Africa,Lower middle income
Angola,AGO,Individuals using the Internet (% of population),IT.NET.USER.ZS,2011,4.699999809,Sub-Saharan Africa,Lower middle income
Angola,AGO,Individuals using the Internet (% of population),IT.NET.USER.ZS,2012,7.699999809,Sub-Saharan Africa,Lower middle income
Angola,AGO,Individuals using the Internet (% of population),IT.NET.USER.ZS,2013,13.0,Sub-Saharan Africa,Lower middle income
Angola,AGO,Individuals using the Internet (% of population),IT.NET.USER.ZS,2014,21.3623407584103,Sub-Saharan Africa,Lower middle income
Angola,AGO,Individuals using the Internet (% of population),IT.NET.USER.ZS,2015,22.0,Sub-Saharan Africa,Lower middle income
Angola,AGO,Individuals using the Internet (% of population),IT.NET.USER.ZS,2016,23.20000076,Sub-Saharan Africa,Lower middle income
Angola,AGO,Individuals using the Internet (% of population),IT.NET.USER.ZS,2017,26.0,Sub-Saharan Africa,Lower middle income
Angola,AGO,Individuals using the Internet (% of population),IT.NET.USER.ZS,2018,29.0,Sub-Saharan Africa,Lower middle income
Angola,AGO,Individuals using the Internet (% of population),IT.NET.USER.ZS,2019,32.12939835,Sub-Saharan Africa,Lower middle income
Angola,AGO,Individuals using the Internet (% of population),IT.NET.USER.ZS,2020,33.32089996,Sub-Saharan Africa,Lower middle income
Angola,AGO,Individuals using the Internet (% of population),IT.NET.USER.ZS,2021,34.55649948,Sub-Saharan Africa,Lower middle income
Angola,AGO,Individuals using the Internet (% of population),IT.NET.USER.ZS,2022,35.83800125,Sub-Saharan Africa,Lower middle income
Angola,AGO,Individuals using the Internet (% of population),IT.NET.USER.ZS,2023,37.88589859,Sub-Saharan Africa,Lower middle income
Angola,AGO,Individuals using the Internet (% of population),IT.NET.USER.ZS,2024,40.70479965,Sub-Saharan Africa,Lower middle income
Benin,BEN,Mobile cellular subscriptions (per 100 people),IT.CEL.SETS.P2,2000,0.768193392645056,Sub-Saharan Africa,Lower middle income
Benin,BEN,Mobile cellular subscriptions (per 100 people),IT.CEL.SETS.P2,2001,1.67884478287568,Sub-Saharan Africa,Lower middle income
Benin,BEN,Mobile cellular subscriptions (per 100 people),IT.CEL.SETS.P2,2002,2.85026524912103,Sub-Saharan Africa,Lower middle income
Benin,BEN,Mobile cellular subscriptions (per 100 people),IT.CEL.SETS.P2,2003,2.98461911748538,Sub-Saharan Africa,Lower middle income
Benin,BEN,Mobile cellular subscriptions (per 100 people),IT.CEL.SETS.P2,2004,5.62957112640203,Sub-Saharan Africa,Lower middle income
Benin,BEN,Mobile cellular subscriptions (per 100 people),IT.CEL.SETS.P2,2005,7.07639223825275,Sub-Saharan Africa,Lower middle income
Benin,BEN,Mobile cellular subscriptions (per 100 people),IT.CEL.SETS.P2,2006,12.1442265152632,Sub-Saharan Africa,Lower middle income
Benin,BEN,Mobile cellular subscriptions (per 100 people),IT.CEL.SETS.P2,2007,22.9147096667411,Sub-Saharan Africa,Lower middle income
Benin,BEN,Mobile cellular subscriptions (per 100 people),IT.CEL.SETS.P2,2008,39.2846004959004,Sub-Saharan Africa,Lower middle income
Benin,BEN,Mobile cellular subscriptions (per 100 people),IT.CEL.SETS.P2,2009,52.9301199452375,Sub-Saharan Africa,Lower middle income
Benin,BEN,Mobile cellular subscriptions (per 100 people),IT.CEL.SETS.P2,2010,72.2115392074128,Sub-Saharan Africa,Lower middle income
Benin,BEN,Mobile cellular subscriptions (per 100 people),IT.CEL.SETS.P2,2011,76.9318013957922,Sub-Saharan Africa,Lower middle income
Benin,BEN,Mobile cellular subscriptions (per 100 people),IT.CEL.SETS.P2,2012,80.8628905531314,Sub-Saharan Africa,Lower middle income
Benin,BEN,Mobile cellular subscriptions (per 100 people),IT.CEL.SETS.P2,2013,89.9019164924958,Sub-Saharan Africa,Lower middle income
Benin,BEN,Mobile cellular subscriptions (per 100 people),IT.CEL.SETS.P2,2014,78.5170340826712,Sub-Saharan Africa,Lower middle income
Benin,BEN,Mobile cellular subscriptions (per 100 people),IT.CEL.SETS.P2,2015,82.0193349324746,Sub-Saharan Africa,Lower middle income
Benin,BEN,Mobile cellular subscriptions (per 100 people),IT.CEL.SETS.P2,2016,76.0182091705462,Sub-Saharan Africa,Lower middle income
Benin,BEN,Mobile cellular subscriptions (per 100 people),IT.CEL.SETS.P2,2017,72.867145412956,Sub-Saharan Africa,Lower middle income
Benin,BEN,Mobile cellular subscriptions (per 100 people),IT.CEL.SETS.P2,2018,76.4080341122638,Sub-Saharan Africa,Lower middle income
Benin,BEN,Mobile cellular subscriptions (per 100 people),IT.CEL.SETS.P2,2019,81.3235345537806,Sub-Saharan Africa,Lower middle income
Benin,BEN,Mobile cellular subscriptions (per 100 people),IT.CEL.SETS.P2,2020,85.2390738023357,Sub-Saharan Africa,Lower middle income
Benin,BEN,Mobile cellular subscriptions (per 100 people),IT.CEL.SETS.P2,2021,94.9182598289459,Sub-Saharan Africa,Lower middle income
Benin,BEN,Mobile cellular subscriptions (per 100 people),IT.CEL.SETS.P2,2022,105.745019386968,Sub-Saharan Africa,Lower middle income
Benin,BEN,Mobile cellular subscriptions (per 100 people),IT.CEL.SETS.P2,2023,116.036046685168,Sub-Saharan Africa,Lower middle income
Benin,BEN,Mobile cellular subscriptions (per 100 people),IT.CEL.SETS.P2,2024,125.940873932186,Sub-Saharan Africa,Lower middle income
Benin,BEN,Fixed broadband subscriptions (per 100 people),IT.NET.BBND.P2,2002,0.0002736004490174,Sub-Saharan Africa,Lower middle income
Benin,BEN,Fixed broadband subscriptions (per 100 people),IT.NET.BBND.P2,2003,0.0002653837259116,Sub-Saharan Africa,Lower middle income
Benin,BEN,Fixed broadband subscriptions (per 100 people),IT.NET.BBND.P2,2004,0.0009927572840808,Sub-Saharan Africa,Lower middle income
Benin,BEN,Fixed broadband subscriptions (per 100 people),IT.NET.BBND.P2,2005,0.0023260936437829,Sub-Saharan Africa,Lower middle income
Benin,BEN,Fixed broadband subscriptions (per 100 people),IT.NET.BBND.P2,2006,0.0172317761313903,Sub-Saharan Africa,Lower middle income
Benin,BEN,Fixed broadband subscriptions (per 100 people),IT.NET.BBND.P2,2007,0.0079294444731716,Sub-Saharan Africa,Lower middle income
Benin,BEN,Fixed broadband subscriptions (per 100 people),IT.NET.BBND.P2,2008,0.0912827765741349,Sub-Saharan Africa,Lower middle income
Benin,BEN,Fixed broadband subscriptions (per 100 people),IT.NET.BBND.P2,2009,0.200443286622122,Sub-Saharan Africa,Lower middle income
Benin,BEN,Fixed broadband subscriptions (per 100 people),IT.NET.BBND.P2,2010,0.275927983143427,Sub-Saharan Africa,Lower middle income
Benin,BEN,Fixed broadband subscriptions (per 100 people),IT.NET.BBND.P2,2011,0.371868455954814,Sub-Saharan Africa,Lower middle income
Benin,BEN,Fixed broadband subscriptions (per 100 people),IT.NET.BBND.P2,2012,0.401638561456682,Sub-Saharan Africa,Lower middle income
Benin,BEN,Fixed broadband subscriptions (per 100 people),IT.NET.BBND.P2,2013,0.396653828045145,Sub-Saharan Africa,Lower middle income
Benin,BEN,Fixed broadband subscriptions (per 100 people),IT.NET.BBND.P2,2014,0.411776822565069,Sub-Saharan Africa,Lower middle income
Benin,BEN,Fixed broadband subscriptions (per 100 people),IT.NET.BBND.P2,2015,0.644882115781616,Sub-Saharan Africa,Lower middle income
Benin,BEN,Fixed broadband subscriptions (per 100 people),IT.NET.BBND.P2,2016,0.190616354708843,Sub-Saharan Africa,Lower middle income
Benin,BEN,Fixed broadband subscriptions (per 100 people),IT.NET.BBND.P2,2017,0.237670455772448,Sub-Saharan Africa,Lower middle income
Benin,BEN,Fixed broadband subscriptions (per 100 people),IT.NET.BBND.P2,2018,0.218309314921079,Sub-Saharan Africa,Lower middle income
Benin,BEN,Fixed broadband subscriptions (per 100 people),IT.NET.BBND.P2,2019,0.199854558369357,Sub-Saharan Africa,Lower middle income
Benin,BEN,Fixed broadband subscriptions (per 100 people),IT.NET.BBND.P2,2020,0.229384945213792,Sub-Saharan Africa,Lower middle income
Benin,BEN,Fixed broadband subscriptions (per 100 people),IT.NET.BBND.P2,2021,0.154166533404575,Sub-Saharan Africa,Lower middle income
Benin,BEN,Fixed broadband subscriptions (per 100 people),IT.NET.BBND.P2,2022,0.153072411564925,Sub-Saharan Africa,Lower middle income
Benin,BEN,Fixed broadband subscriptions (per 100 people),IT.NET.BBND.P2,2023,0.170880461346773,Sub-Saharan Africa,Lower middle income
Benin,BEN,Fixed broadband subscriptions (per 100 people),IT.NET.BBND.P2,2024,0.277382047807868,Sub-Saharan Africa,Lower middle income
Benin,BEN,Secure Internet servers (per 1 million people),IT.NET.SECR.P6,2010,0.1020670204717864,Sub-Saharan Africa,Lower middle income
Benin,BEN,Secure Internet servers (per 1 million people),IT.NET.SECR.P6,2011,0.2972173618927515,Sub-Saharan Africa,Lower middle income
Benin,BEN,Secure Internet servers (per 1 million people),IT.NET.SECR.P6,2012,0.8655796204856536,Sub-Saharan Africa,Lower middle income
Benin,BEN,Secure Internet servers (per 1 million people),IT.NET.SECR.P6,2013,0.9338084799895114,Sub-Saharan Africa,Lower middle income
Benin,BEN,Secure Internet servers (per 1 million people),IT.NET.SECR.P6,2014,0.997279783398084,Sub-Saharan Africa,Lower middle income
Benin,BEN,Secure Internet servers (per 1 million people),IT.NET.SECR.P6,2015,2.112549414951445,Sub-Saharan Africa,Lower middle income
Benin,BEN,Secure Internet servers (per 1 million people),IT.NET.SECR.P6,2016,2.3081180272395545,Sub-Saharan Africa,Lower middle income
Benin,BEN,Secure Internet servers (per 1 million people),IT.NET.SECR.P6,2017,3.903725815587992,Sub-Saharan Africa,Lower middle income
Benin,BEN,Secure Internet servers (per 1 million people),IT.NET.SECR.P6,2018,6.783303415465948,Sub-Saharan Africa,Lower middle income
Benin,BEN,Secure Internet servers (per 1 million people),IT.NET.SECR.P6,2019,9.193231110365526,Sub-Saharan Africa,Lower middle income
Benin,BEN,Secure Internet servers (per 1 million people),IT.NET.SECR.P6,2020,17.291283685773305,Sub-Saharan Africa,Lower middle income
Benin,BEN,Secure Internet servers (per 1 million people),IT.NET.SECR.P6,2021,21.769247910506323,Sub-Saharan Africa,Lower middle income
Benin,BEN,Secure Internet servers (per 1 million people),IT.NET.SECR.P6,2022,8.212507125076701,Sub-Saharan Africa,Lower middle income
Benin,BEN,Secure Internet servers (per 1 million people),IT.NET.SECR.P6,2023,12.401642572755476,Sub-Saharan Africa,Lower middle income
Benin,BEN,Secure Internet servers (per 1 million people),IT.NET.SECR.P6,2024,20.397264028546765,Sub-Saharan Africa,Lower middle income
Benin,BEN,Individuals using the Internet (% of population),IT.NET.USER.ZS,2000,0.225247851473369,Sub-Saharan Africa,Lower middle income
Benin,BEN,Individuals using the Internet (% of population),IT.NET.USER.ZS,2001,0.363417890016082,Sub-Saharan Africa,Lower middle income
Benin,BEN,Individuals using the Internet (% of population),IT.NET.USER.ZS,2002,0.7029455951039,Sub-Saharan Africa,Lower middle income
Benin,BEN,Individuals using the Internet (% of population),IT.NET.USER.ZS,2003,0.951327114915695,Sub-Saharan Africa,Lower middle income
Benin,BEN,Individuals using the Internet (% of population),IT.NET.USER.ZS,2004,1.18254096518994,Sub-Saharan Africa,Lower middle income
Benin,BEN,Individuals using the Internet (% of population),IT.NET.USER.ZS,2005,1.271000028,Sub-Saharan Africa,Lower middle income
Benin,BEN,Individuals using the Internet (% of population),IT.NET.USER.ZS,2006,1.537899971,Sub-Saharan Africa,Lower middle income
Benin,BEN,Individuals using the Internet (% of population),IT.NET.USER.ZS,2007,1.79,Sub-Saharan Africa,Lower middle income
Benin,BEN,Individuals using the Internet (% of population),IT.NET.USER.ZS,2008,1.85,Sub-Saharan Africa,Lower middle income
Benin,BEN,Individuals using the Internet (% of population),IT.NET.USER.ZS,2009,2.24,Sub-Saharan Africa,Lower middle income
Benin,BEN,Individuals using the Internet (% of population),IT.NET.USER.ZS,2010,3.13,Sub-Saharan Africa,Lower middle income
Benin,BEN,Individuals using the Internet (% of population),IT.NET.USER.ZS,2011,4.14832306562512,Sub-Saharan Africa,Lower middle income
Benin,BEN,Individuals using the Internet (% of population),IT.NET.USER.ZS,2012,4.5,Sub-Saharan Africa,Lower middle income
Benin,BEN,Individuals using the Internet (% of population),IT.NET.USER.ZS,2013,4.900000095,Sub-Saharan Africa,Lower middle income
Benin,BEN,Individuals using the Internet (% of population),IT.NET.USER.ZS,2014,6.0,Sub-Saharan Africa,Lower middle income
Benin,BEN,Individuals using the Internet (% of population),IT.NET.USER.ZS,2015,11.25500011,Sub-Saharan Africa,Lower middle income
Benin,BEN,Individuals using the Internet (% of population),IT.NET.USER.ZS,2016,14.5,Sub-Saharan Africa,Lower middle income
Benin,BEN,Individuals using the Internet (% of population),IT.NET.USER.ZS,2017,18.7,Sub-Saharan Africa,Lower middle income
Benin,BEN,Individuals using the Internet (% of population),IT.NET.USER.ZS,2018,19.0,Sub-Saharan Africa,Lower middle income
Benin,BEN,Individuals using the Internet (% of population),IT.NET.USER.ZS,2019,20.50099945,Sub-Saharan Africa,Lower middle income
Benin,BEN,Individuals using the Internet (% of population),IT.NET.USER.ZS,2020,22.12059975,Sub-Saharan Africa,Lower middle income
Benin,BEN,Individuals using the Internet (% of population),IT.NET.USER.ZS,2021,28.20470047,Sub-Saharan Africa,Lower middle income
Benin,BEN,Individuals using the Internet (% of population),IT.NET.USER.ZS,2022,30.53730011,Sub-Saharan Africa,Lower middle income
Benin,BEN,Individuals using the Internet (% of population),IT.NET.USER.ZS,2023,32.39400101,Sub-Saharan Africa,Lower middle income
Benin,BEN,Individuals using the Internet (% of population),IT.NET.USER.ZS,2024,33.98379898,Sub-Saharan Africa,Lower middle income
Botswana,BWA,Mobile cellular subscriptions (per 100 people),IT.CEL.SETS.P2,2000,13.2462372912074,Sub-Saharan Africa,Upper middle income
Botswana,BWA,Mobile cellular subscriptions (per 100 people),IT.CEL.SETS.P2,2001,19.4050649027539,Sub-Saharan Africa,Upper middle income
Botswana,BWA,Mobile cellular subscriptions (per 100 people),IT.CEL.SETS.P2,2002,19.0435033296786,Sub-Saharan Africa,Upper middle income
Botswana,BWA,Mobile cellular subscriptions (per 100 people),IT.CEL.SETS.P2,2003,25.0587925232129,Sub-Saharan Africa,Upper middle income
Botswana,BWA,Mobile cellular subscriptions (per 100 people),IT.CEL.SETS.P2,2004,28.9318073913231,Sub-Saharan Africa,Upper middle income
Botswana,BWA,Mobile cellular subscriptions (per 100 people),IT.CEL.SETS.P2,2005,30.6423744630755,Sub-Saharan Africa,Upper middle income
Botswana,BWA,Mobile cellular subscriptions (per 100 people),IT.CEL.SETS.P2,2006,43.9084008885494,Sub-Saharan Africa,Upper middle income
Botswana,BWA,Mobile cellular subscriptions (per 100 people),IT.CEL.SETS.P2,2007,60.2637294559808,Sub-Saharan Africa,Upper middle income
Botswana,BWA,Mobile cellular subscriptions (per 100 people),IT.CEL.SETS.P2,2008,76.195582496141,Sub-Saharan Africa,Upper middle income
Botswana,BWA,Mobile cellular subscriptions (per 100 people),IT.CEL.SETS.P2,2009,94.1440909682303,Sub-Saharan Africa,Upper middle income
Botswana,BWA,Mobile cellular subscriptions (per 100 people),IT.CEL.SETS.P2,2010,116.2460387062,Sub-Saharan Africa,Upper middle income
Botswana,BWA,Mobile cellular subscriptions (per 100 people),IT.CEL.SETS.P2,2011,139.870462760455,Sub-Saharan Africa,Upper middle income
Botswana,BWA,Mobile cellular subscriptions (per 100 people),IT.CEL.SETS.P2,2012,146.149158429435,Sub-Saharan Africa,Upper middle income
Botswana,BWA,Mobile cellular subscriptions (per 100 people),IT.CEL.SETS.P2,2013,151.670682520804,Sub-Saharan Africa,Upper middle income
Botswana,BWA,Mobile cellular subscriptions (per 100 people),IT.CEL.SETS.P2,2014,157.018320070864,Sub-Saharan Africa,Upper middle income
Botswana,BWA,Mobile cellular subscriptions (per 100 people),IT.CEL.SETS.P2,2015,157.734742812171,Sub-Saharan Africa,Upper middle income
Botswana,BWA,Mobile cellular subscriptions (per 100 people),IT.CEL.SETS.P2,2016,147.172960511479,Sub-Saharan Africa,Upper middle income
Botswana,BWA,Mobile cellular subscriptions (per 100 people),IT.CEL.SETS.P2,2017,142.962095019868,Sub-Saharan Africa,Upper middle income
Botswana,BWA,Mobile cellular subscriptions (per 100 people),IT.CEL.SETS.P2,2018,147.06483856362,Sub-Saharan Africa,Upper middle income
Botswana,BWA,Mobile cellular subscriptions (per 100 people),IT.CEL.SETS.P2,2019,160.661520194607,Sub-Saharan Africa,Upper middle income
Botswana,BWA,Mobile cellular subscriptions (per 100 people),IT.CEL.SETS.P2,2020,161.858815314634,Sub-Saharan Africa,Upper middle income
Botswana,BWA,Mobile cellular subscriptions (per 100 people),IT.CEL.SETS.P2,2021,173.25235140068,Sub-Saharan Africa,Upper middle income
Botswana,BWA,Mobile cellular subscriptions (per 100 people),IT.CEL.SETS.P2,2022,178.205018910673,Sub-Saharan Africa,Upper middle income
Botswana,BWA,Mobile cellular subscriptions (per 100 people),IT.CEL.SETS.P2,2023,179.027305378019,Sub-Saharan Africa,Upper middle income
Botswana,BWA,Mobile cellular subscriptions (per 100 people),IT.CEL.SETS.P2,2024,163.999922257361,Sub-Saharan Africa,Upper middle income
Botswana,BWA,Fixed broadband subscriptions (per 100 people),IT.NET.BBND.P2,2005,0.0869623349821754,Sub-Saharan Africa,Upper middle income
Botswana,BWA,Fixed broadband subscriptions (per 100 people),IT.NET.BBND.P2,2006,0.0960247871984021,Sub-Saharan Africa,Upper middle income
Botswana,BWA,Fixed broadband subscriptions (per 100 people),IT.NET.BBND.P2,2007,0.185223846157469,Sub-Saharan Africa,Upper middle income
Botswana,BWA,Fixed broadband subscriptions (per 100 people),IT.NET.BBND.P2,2008,0.456417278214537,Sub-Saharan Africa,Upper middle income
Botswana,BWA,Fixed broadband subscriptions (per 100 people),IT.NET.BBND.P2,2009,0.502342675065166,Sub-Saharan Africa,Upper middle income
Botswana,BWA,Fixed broadband subscriptions (per 100 people),IT.NET.BBND.P2,2010,0.589146386990184,Sub-Saharan Africa,Upper middle income
Botswana,BWA,Fixed broadband subscriptions (per 100 people),IT.NET.BBND.P2,2011,0.92233793979846,Sub-Saharan Africa,Upper middle income
Botswana,BWA,Fixed broadband subscriptions (per 100 people),IT.NET.BBND.P2,2012,1.05453005453337,Sub-Saharan Africa,Upper middle income
Botswana,BWA,Fixed broadband subscriptions (per 100 people),IT.NET.BBND.P2,2013,1.00855708601278,Sub-Saharan Africa,Upper middle income
Botswana,BWA,Fixed broadband subscriptions (per 100 people),IT.NET.BBND.P2,2014,1.53265771779946,Sub-Saharan Africa,Upper middle income
Botswana,BWA,Fixed broadband subscriptions (per 100 people),IT.NET.BBND.P2,2015,1.67228482353299,Sub-Saharan Africa,Upper middle income
Botswana,BWA,Fixed broadband subscriptions (per 100 people),IT.NET.BBND.P2,2016,2.64263621946898,Sub-Saharan Africa,Upper middle income
Botswana,BWA,Fixed broadband subscriptions (per 100 people),IT.NET.BBND.P2,2017,1.43086105330679,Sub-Saharan Africa,Upper middle income
Botswana,BWA,Fixed broadband subscriptions (per 100 people),IT.NET.BBND.P2,2018,1.74169396309317,Sub-Saharan Africa,Upper middle income
Botswana,BWA,Fixed broadband subscriptions (per 100 people),IT.NET.BBND.P2,2019,2.10301262862428,Sub-Saharan Africa,Upper middle income
Botswana,BWA,Fixed broadband subscriptions (per 100 people),IT.NET.BBND.P2,2020,3.58604400704343,Sub-Saharan Africa,Upper middle income
Botswana,BWA,Fixed broadband subscriptions (per 100 people),IT.NET.BBND.P2,2021,5.5483769953124,Sub-Saharan Africa,Upper middle income
Botswana,BWA,Fixed broadband subscriptions (per 100 people),IT.NET.BBND.P2,2022,4.53192190474005,Sub-Saharan Africa,Upper middle income
Botswana,BWA,Fixed broadband subscriptions (per 100 people),IT.NET.BBND.P2,2023,6.16495796381324,Sub-Saharan Africa,Upper middle income
Botswana,BWA,Fixed broadband subscriptions (per 100 people),IT.NET.BBND.P2,2024,7.4409622000215,Sub-Saharan Africa,Upper middle income
Botswana,BWA,Secure Internet servers (per 1 million people),IT.NET.SECR.P6,2010,4.426713543923573,Sub-Saharan Africa,Upper middle income
Botswana,BWA,Secure Internet servers (per 1 million people),IT.NET.SECR.P6,2011,5.78721844579426,Sub-Saharan Africa,Upper middle income
Botswana,BWA,Secure Internet servers (per 1 million people),IT.NET.SECR.P6,2012,9.484889859087732,Sub-Saharan Africa,Upper middle income
Botswana,BWA,Secure Internet servers (per 1 million people),IT.NET.SECR.P6,2013,10.277098606892569,Sub-Saharan Africa,Upper middle income
Botswana,BWA,Secure Internet servers (per 1 million people),IT.NET.SECR.P6,2014,18.41583319674924,Sub-Saharan Africa,Upper middle income
Botswana,BWA,Secure Internet servers (per 1 million people),IT.NET.SECR.P6,2015,34.04026645812843,Sub-Saharan Africa,Upper middle income
Botswana,BWA,Secure Internet servers (per 1 million people),IT.NET.SECR.P6,2016,49.22193544229936,Sub-Saharan Africa,Upper middle income
Botswana,BWA,Secure Internet servers (per 1 million people),IT.NET.SECR.P6,2017,66.615286134712,Sub-Saharan Africa,Upper middle income
Botswana,BWA,Secure Internet servers (per 1 million people),IT.NET.SECR.P6,2018,130.9184604163033,Sub-Saharan Africa,Upper middle income
Botswana,BWA,Secure Internet servers (per 1 million people),IT.NET.SECR.P6,2019,208.39738551329432,Sub-Saharan Africa,Upper middle income
Botswana,BWA,Secure Internet servers (per 1 million people),IT.NET.SECR.P6,2020,262.0573871864082,Sub-Saharan Africa,Upper middle income
Botswana,BWA,Secure Internet servers (per 1 million people),IT.NET.SECR.P6,2021,335.2153977549313,Sub-Saharan Africa,Upper middle income
Botswana,BWA,Secure Internet servers (per 1 million people),IT.NET.SECR.P6,2022,369.6884944087689,Sub-Saharan Africa,Upper middle income
Botswana,BWA,Secure Internet servers (per 1 million people),IT.NET.SECR.P6,2023,441.085635122996,Sub-Saharan Africa,Upper middle income
Botswana,BWA,Secure Internet servers (per 1 million people),IT.NET.SECR.P6,2024,471.2155894617472,Sub-Saharan Africa,Upper middle income
Botswana,BWA,Individuals using the Internet (% of population),IT.NET.USER.ZS,2000,2.90266662177209,Sub-Saharan Africa,Upper middle income
Botswana,BWA,Individuals using the Internet (% of population),IT.NET.USER.ZS,2001,3.43088678702599,Sub-Saharan Africa,Upper middle income
Botswana,BWA,Individuals using the Internet (% of population),IT.NET.USER.ZS,2002,3.38592235064273,Sub-Saharan Africa,Upper middle income
Botswana,BWA,Individuals using the Internet (% of population),IT.NET.USER.ZS,2003,3.3451901740614,Sub-Saharan Africa,Upper middle income
Botswana,BWA,Individuals using the Internet (% of population),IT.NET.USER.ZS,2004,3.30488925316113,Sub-Saharan Africa,Upper middle income
Botswana,BWA,Individuals using the Internet (% of population),IT.NET.USER.ZS,2005,3.262599945,Sub-Saharan Africa,Upper middle income
Botswana,BWA,Individuals using the Internet (% of population),IT.NET.USER.ZS,2006,4.28993297515968,Sub-Saharan Africa,Upper middle income
Botswana,BWA,Individuals using the Internet (% of population),IT.NET.USER.ZS,2007,5.28,Sub-Saharan Africa,Upper middle income
Botswana,BWA,Individuals using the Internet (% of population),IT.NET.USER.ZS,2008,6.25,Sub-Saharan Africa,Upper middle income
Botswana,BWA,Individuals using the Internet (% of population),IT.NET.USER.ZS,2009,6.150000095,Sub-Saharan Africa,Upper middle income
Botswana,BWA,Individuals using the Internet (% of population),IT.NET.USER.ZS,2010,6.0,Sub-Saharan Africa,Upper middle income
Botswana,BWA,Individuals using the Internet (% of population),IT.NET.USER.ZS,2011,9.0,Sub-Saharan Africa,Upper middle income
Botswana,BWA,Individuals using the Internet (% of population),IT.NET.USER.ZS,2012,16.0,Sub-Saharan Africa,Upper middle income
Botswana,BWA,Individuals using the Internet (% of population),IT.NET.USER.ZS,2013,30.0,Sub-Saharan Africa,Upper middle income
Botswana,BWA,Individuals using the Internet (% of population),IT.NET.USER.ZS,2014,36.74474744423,Sub-Saharan Africa,Upper middle income
Botswana,BWA,Individuals using the Internet (% of population),IT.NET.USER.ZS,2015,38.89379883,Sub-Saharan Africa,Upper middle income
Botswana,BWA,Individuals using the Internet (% of population),IT.NET.USER.ZS,2016,41.16859818,Sub-Saharan Africa,Upper middle income
Botswana,BWA,Individuals using the Internet (% of population),IT.NET.USER.ZS,2017,43.57640076,Sub-Saharan Africa,Upper middle income
Botswana,BWA,Individuals using the Internet (% of population),IT.NET.USER.ZS,2018,46.12509918,Sub-Saharan Africa,Upper middle income
Botswana,BWA,Individuals using the Internet (% of population),IT.NET.USER.ZS,2019,48.82279968,Sub-Saharan Africa,Upper middle income
Botswana,BWA,Individuals using the Internet (% of population),IT.NET.USER.ZS,2020,51.67819977,Sub-Saharan Africa,Upper middle income
Botswana,BWA,Individuals using the Internet (% of population),IT.NET.USER.ZS,2021,54.70069885,Sub-Saharan Africa,Upper middle income
Botswana,BWA,Individuals using the Internet (% of population),IT.NET.USER.ZS,2022,57.9,Sub-Saharan Africa,Upper middle income
Botswana,BWA,Individuals using the Internet (% of population),IT.NET.USER.ZS,2024,57.45950036,Sub-Saharan Africa,Upper middle income
Burkina Faso,BFA,Mobile cellular subscriptions (per 100 people),IT.CEL.SETS.P2,2000,0.211688420806896,Sub-Saharan Africa,Low income
Burkina Faso,BFA,Mobile cellular subscriptions (per 100 people),IT.CEL.SETS.P2,2001,0.619650213936542,Sub-Saharan Africa,Low income
Burkina Faso,BFA,Mobile cellular subscriptions (per 100 people),IT.CEL.SETS.P2,2002,0.875434916000028,Sub-Saharan Africa,Low income
Burkina Faso,BFA,Mobile cellular subscriptions (per 100 people),IT.CEL.SETS.P2,2003,1.81993821991034,Sub-Saharan Africa,Low income
Burkina Faso,BFA,Mobile cellular subscriptions (per 100 people),IT.CEL.SETS.P2,2004,2.93276569154714,Sub-Saharan Africa,Low income
Burkina Faso,BFA,Mobile cellular subscriptions (per 100 people),IT.CEL.SETS.P2,2005,4.54743329498311,Sub-Saharan Africa,Low income
Burkina Faso,BFA,Mobile cellular subscriptions (per 100 people),IT.CEL.SETS.P2,2006,7.07267095398563,Sub-Saharan Africa,Low income
Burkina Faso,BFA,Mobile cellular subscriptions (per 100 people),IT.CEL.SETS.P2,2007,12.5404933901545,Sub-Saharan Africa,Low income
Burkina Faso,BFA,Mobile cellular subscriptions (per 100 people),IT.CEL.SETS.P2,2008,19.819973570747,Sub-Saharan Africa,Low income
Burkina Faso,BFA,Mobile cellular subscriptions (per 100 people),IT.CEL.SETS.P2,2009,24.3386946942171,Sub-Saharan Africa,Low income
Burkina Faso,BFA,Mobile cellular subscriptions (per 100 people),IT.CEL.SETS.P2,2010,35.2848311173407,Sub-Saharan Africa,Low income
Burkina Faso,BFA,Mobile cellular subscriptions (per 100 people),IT.CEL.SETS.P2,2011,46.1057641177709,Sub-Saharan Africa,Low income
Burkina Faso,BFA,Mobile cellular subscriptions (per 100 people),IT.CEL.SETS.P2,2012,58.0942130771516,Sub-Saharan Africa,Low income
Burkina Faso,BFA,Mobile cellular subscriptions (per 100 people),IT.CEL.SETS.P2,2013,63.5243073500025,Sub-Saharan Africa,Low income
Burkina Faso,BFA,Mobile cellular subscriptions (per 100 people),IT.CEL.SETS.P2,2014,68.5395525408019,Sub-Saharan Africa,Low income
Burkina Faso,BFA,Mobile cellular subscriptions (per 100 people),IT.CEL.SETS.P2,2015,76.9373292602998,Sub-Saharan Africa,Low income
Burkina Faso,BFA,Mobile cellular subscriptions (per 100 people),IT.CEL.SETS.P2,2016,79.6697942824089,Sub-Saharan Africa,Low income
Burkina Faso,BFA,Mobile cellular subscriptions (per 100 people),IT.CEL.SETS.P2,2017,90.2081424191231,Sub-Saharan Africa,Low income
Burkina Faso,BFA,Mobile cellular subscriptions (per 100 people),IT.CEL.SETS.P2,2018,94.6219614871852,Sub-Saharan Africa,Low income
Burkina Faso,BFA,Mobile cellular subscriptions (per 100 people),IT.CEL.SETS.P2,2019,97.1498646690919,Sub-Saharan Africa,Low income
Burkina Faso,BFA,Mobile cellular subscriptions (per 100 people),IT.CEL.SETS.P2,2020,102.972844247019,Sub-Saharan Africa,Low income
Burkina Faso,BFA,Mobile cellular subscriptions (per 100 people),IT.CEL.SETS.P2,2021,112.198419449151,Sub-Saharan Africa,Low income
Burkina Faso,BFA,Mobile cellular subscriptions (per 100 people),IT.CEL.SETS.P2,2022,113.996146792235,Sub-Saharan Africa,Low income
Burkina Faso,BFA,Mobile cellular subscriptions (per 100 people),IT.CEL.SETS.P2,2023,116.16313821519,Sub-Saharan Africa,Low income
Burkina Faso,BFA,Mobile cellular subscriptions (per 100 people),IT.CEL.SETS.P2,2024,116.5895933212,Sub-Saharan Africa,Low income
Burkina Faso,BFA,Fixed broadband subscriptions (per 100 people),IT.NET.BBND.P2,2002,0.0003942938736904,Sub-Saharan Africa,Low income
Burkina Faso,BFA,Fixed broadband subscriptions (per 100 people),IT.NET.BBND.P2,2003,0.0011083481393357,Sub-Saharan Africa,Low income
Burkina Faso,BFA,Fixed broadband subscriptions (per 100 people),IT.NET.BBND.P2,2004,0.0011406957043844,Sub-Saharan Africa,Low income
Burkina Faso,BFA,Fixed broadband subscriptions (per 100 people),IT.NET.BBND.P2,2005,0.0027562202831542,Sub-Saharan Africa,Low income
Burkina Faso,BFA,Fixed broadband subscriptions (per 100 people),IT.NET.BBND.P2,2006,0.0119315079958149,Sub-Saharan Africa,Low income
Burkina Faso,BFA,Fixed broadband subscriptions (per 100 people),IT.NET.BBND.P2,2007,0.045436423529831,Sub-Saharan Africa,Low income
Burkina Faso,BFA,Fixed broadband subscriptions (per 100 people),IT.NET.BBND.P2,2008,0.0672823268281298,Sub-Saharan Africa,Low income
Burkina Faso,BFA,Fixed broadband subscriptions (per 100 people),IT.NET.BBND.P2,2009,0.0760467842719439,Sub-Saharan Africa,Low income
Burkina Faso,BFA,Fixed broadband subscriptions (per 100 people),IT.NET.BBND.P2,2010,0.0847216746170896,Sub-Saharan Africa,Low income
Burkina Faso,BFA,Fixed broadband subscriptions (per 100 people),IT.NET.BBND.P2,2011,0.0844020984871601,Sub-Saharan Africa,Low income
Burkina Faso,BFA,Fixed broadband subscriptions (per 100 people),IT.NET.BBND.P2,2012,0.0834367606364837,Sub-Saharan Africa,Low income
Burkina Faso,BFA,Fixed broadband subscriptions (per 100 people),IT.NET.BBND.P2,2013,0.0732506380609795,Sub-Saharan Africa,Low income
Burkina Faso,BFA,Fixed broadband subscriptions (per 100 people),IT.NET.BBND.P2,2014,0.0296662638571705,Sub-Saharan Africa,Low income
Burkina Faso,BFA,Fixed broadband subscriptions (per 100 people),IT.NET.BBND.P2,2015,0.049814972578599,Sub-Saharan Africa,Low income
Burkina Faso,BFA,Fixed broadband subscriptions (per 100 people),IT.NET.BBND.P2,2016,0.0640501279140636,Sub-Saharan Africa,Low income
Burkina Faso,BFA,Fixed broadband subscriptions (per 100 people),IT.NET.BBND.P2,2017,0.062133040708376,Sub-Saharan Africa,Low income
Burkina Faso,BFA,Fixed broadband subscriptions (per 100 people),IT.NET.BBND.P2,2018,0.0676084024258783,Sub-Saharan Africa,Low income
Burkina Faso,BFA,Fixed broadband subscriptions (per 100 people),IT.NET.BBND.P2,2019,0.0573181352576325,Sub-Saharan Africa,Low income
Burkina Faso,BFA,Fixed broadband subscriptions (per 100 people),IT.NET.BBND.P2,2020,0.0650831126106853,Sub-Saharan Africa,Low income
Burkina Faso,BFA,Fixed broadband subscriptions (per 100 people),IT.NET.BBND.P2,2021,0.0740660150924452,Sub-Saharan Africa,Low income
Burkina Faso,BFA,Fixed broadband subscriptions (per 100 people),IT.NET.BBND.P2,2022,0.214398323020291,Sub-Saharan Africa,Low income
Burkina Faso,BFA,Fixed broadband subscriptions (per 100 people),IT.NET.BBND.P2,2023,0.459463342299517,Sub-Saharan Africa,Low income
Burkina Faso,BFA,Fixed broadband subscriptions (per 100 people),IT.NET.BBND.P2,2024,0.851360416490348,Sub-Saharan Africa,Low income
Burkina Faso,BFA,Secure Internet servers (per 1 million people),IT.NET.SECR.P6,2010,0.2472723082585612,Sub-Saharan Africa,Low income
Burkina Faso,BFA,Secure Internet servers (per 1 million people),IT.NET.SECR.P6,2011,0.2400685443707887,Sub-Saharan Africa,Low income
Burkina Faso,BFA,Secure Internet servers (per 1 million people),IT.NET.SECR.P6,2012,0.5823336169492159,Sub-Saharan Africa,Low income
Burkina Faso,BFA,Secure Internet servers (per 1 million people),IT.NET.SECR.P6,2013,0.6781419971700005,Sub-Saharan Africa,Low income
Burkina Faso,BFA,Secure Internet servers (per 1 million people),IT.NET.SECR.P6,2014,0.7131313427204458,Sub-Saharan Africa,Low income
Burkina Faso,BFA,Secure Internet servers (per 1 million people),IT.NET.SECR.P6,2015,1.4378920885419864,Sub-Saharan Africa,Low income
Burkina Faso,BFA,Secure Internet servers (per 1 million people),IT.NET.SECR.P6,2016,1.758482194023064,Sub-Saharan Africa,Low income
Burkina Faso,BFA,Secure Internet servers (per 1 million people),IT.NET.SECR.P6,2017,1.8598191944097653,Sub-Saharan Africa,Low income
Burkina Faso,BFA,Secure Internet servers (per 1 million people),IT.NET.SECR.P6,2018,2.446388856052914,Sub-Saharan Africa,Low income
Burkina Faso,BFA,Secure Internet servers (per 1 million people),IT.NET.SECR.P6,2019,3.291678179589382,Sub-Saharan Africa,Low income
Burkina Faso,BFA,Secure Internet servers (per 1 million people),IT.NET.SECR.P6,2020,5.819721780052694,Sub-Saharan Africa,Low income
Burkina Faso,BFA,Secure Internet servers (per 1 million people),IT.NET.SECR.P6,2021,11.047843390500391,Sub-Saharan Africa,Low income
Burkina Faso,BFA,Secure Internet servers (per 1 million people),IT.NET.SECR.P6,2022,21.724606800166228,Sub-Saharan Africa,Low income
Burkina Faso,BFA,Secure Internet servers (per 1 million people),IT.NET.SECR.P6,2023,22.58338654905702,Sub-Saharan Africa,Low income
Burkina Faso,BFA,Secure Internet servers (per 1 million people),IT.NET.SECR.P6,2024,28.83376426151316,Sub-Saharan Africa,Low income
Burkina Faso,BFA,Individuals using the Internet (% of population),IT.NET.USER.ZS,2000,0.0770801689426014,Sub-Saharan Africa,Low income
Burkina Faso,BFA,Individuals using the Internet (% of population),IT.NET.USER.ZS,2001,0.157732464653607,Sub-Saharan Africa,Low income
Burkina Faso,BFA,Individuals using the Internet (% of population),IT.NET.USER.ZS,2002,0.200992597925001,Sub-Saharan Africa,Low income
Burkina Faso,BFA,Individuals using the Internet (% of population),IT.NET.USER.ZS,2003,0.373440303233526,Sub-Saharan Africa,Low income
Burkina Faso,BFA,Individuals using the Internet (% of population),IT.NET.USER.ZS,2004,0.400295285492178,Sub-Saharan Africa,Low income
Burkina Faso,BFA,Individuals using the Internet (% of population),IT.NET.USER.ZS,2005,0.469900012,Sub-Saharan Africa,Low income
Burkina Faso,BFA,Individuals using the Internet (% of population),IT.NET.USER.ZS,2006,0.632700026,Sub-Saharan Africa,Low income
Burkina Faso,BFA,Individuals using the Internet (% of population),IT.NET.USER.ZS,2007,0.75,Sub-Saharan Africa,Low income
Burkina Faso,BFA,Individuals using the Internet (% of population),IT.NET.USER.ZS,2008,0.920000017,Sub-Saharan Africa,Low income
Burkina Faso,BFA,Individuals using the Internet (% of population),IT.NET.USER.ZS,2009,1.129999995,Sub-Saharan Africa,Low income
Burkina Faso,BFA,Individuals using the Internet (% of population),IT.NET.USER.ZS,2010,2.400000095,Sub-Saharan Africa,Low income
Burkina Faso,BFA,Individuals using the Internet (% of population),IT.NET.USER.ZS,2011,3.0,Sub-Saharan Africa,Low income
Burkina Faso,BFA,Individuals using the Internet (% of population),IT.NET.USER.ZS,2012,3.724999905,Sub-Saharan Africa,Low income
Burkina Faso,BFA,Individuals using the Internet (% of population),IT.NET.USER.ZS,2013,5.0,Sub-Saharan Africa,Low income
Burkina Faso,BFA,Individuals using the Internet (% of population),IT.NET.USER.ZS,2014,6.0,Sub-Saharan Africa,Low income
Burkina Faso,BFA,Individuals using the Internet (% of population),IT.NET.USER.ZS,2015,6.545700073,Sub-Saharan Africa,Low income
Burkina Faso,BFA,Individuals using the Internet (% of population),IT.NET.USER.ZS,2016,7.140999794,Sub-Saharan Africa,Low income
Burkina Faso,BFA,Individuals using the Internet (% of population),IT.NET.USER.ZS,2017,7.790400028,Sub-Saharan Africa,Low income
Burkina Faso,BFA,Individuals using the Internet (% of population),IT.NET.USER.ZS,2018,8.498900414,Sub-Saharan Africa,Low income
Burkina Faso,BFA,Individuals using the Internet (% of population),IT.NET.USER.ZS,2019,9.27180600953186,Sub-Saharan Africa,Low income
Burkina Faso,BFA,Individuals using the Internet (% of population),IT.NET.USER.ZS,2020,12.97319984,Sub-Saharan Africa,Low income
Burkina Faso,BFA,Individuals using the Internet (% of population),IT.NET.USER.ZS,2021,18.1522007,Sub-Saharan Africa,Low income
Burkina Faso,BFA,Individuals using the Internet (% of population),IT.NET.USER.ZS,2022,25.3987999,Sub-Saharan Africa,Low income
Burkina Faso,BFA,Individuals using the Internet (% of population),IT.NET.USER.ZS,2023,25.36120033,Sub-Saharan Africa,Low income
Burkina Faso,BFA,Individuals using the Internet (% of population),IT.NET.USER.ZS,2024,28.25270081,Sub-Saharan Africa,Low income
Burundi,BDI,Mobile cellular subscriptions (per 100 people),IT.CEL.SETS.P2,2000,0.252233549720457,Sub-Saharan Africa,Low income
Burundi,BDI,Mobile cellular subscriptions (per 100 people),IT.CEL.SETS.P2,2001,0.503680457737854,Sub-Saharan Africa,Low income
Burundi,BDI,Mobile cellular subscriptions (per 100 people),IT.CEL.SETS.P2,2002,0.76200167288675,Sub-Saharan Africa,Low income
Burundi,BDI,Mobile cellular subscriptions (per 100 people),IT.CEL.SETS.P2,2003,0.908683808418785,Sub-Saharan Africa,Low income
Burundi,BDI,Mobile cellular subscriptions (per 100 people),IT.CEL.SETS.P2,2004,1.37552635495365,Sub-Saharan Africa,Low income
Burundi,BDI,Mobile cellular subscriptions (per 100 people),IT.CEL.SETS.P2,2005,2.01652788429717,Sub-Saharan Africa,Low income
Burundi,BDI,Mobile cellular subscriptions (per 100 people),IT.CEL.SETS.P2,2006,2.54273479009152,Sub-Saharan Africa,Low income
Burundi,BDI,Mobile cellular subscriptions (per 100 people),IT.CEL.SETS.P2,2007,3.30806380985543,Sub-Saharan Africa,Low income
Burundi,BDI,Mobile cellular subscriptions (per 100 people),IT.CEL.SETS.P2,2008,5.65018234377978,Sub-Saharan Africa,Low income
Burundi,BDI,Mobile cellular subscriptions (per 100 people),IT.CEL.SETS.P2,2009,10.2904048729688,Sub-Saharan Africa,Low income
Burundi,BDI,Mobile cellular subscriptions (per 100 people),IT.CEL.SETS.P2,2010,17.8962195049637,Sub-Saharan Africa,Low income
Burundi,BDI,Mobile cellular subscriptions (per 100 people),IT.CEL.SETS.P2,2011,19.7014852266593,Sub-Saharan Africa,Low income
Burundi,BDI,Mobile cellular subscriptions (per 100 people),IT.CEL.SETS.P2,2012,22.3127768088819,Sub-Saharan Africa,Low income
Burundi,BDI,Mobile cellular subscriptions (per 100 people),IT.CEL.SETS.P2,2013,24.3006814319026,Sub-Saharan Africa,Low income
Burundi,BDI,Mobile cellular subscriptions (per 100 people),IT.CEL.SETS.P2,2014,29.567783062348,Sub-Saharan Africa,Low income
Burundi,BDI,Mobile cellular subscriptions (per 100 people),IT.CEL.SETS.P2,2015,45.2379254099088,Sub-Saharan Africa,Low income
Burundi,BDI,Mobile cellular subscriptions (per 100 people),IT.CEL.SETS.P2,2016,47.6697304877258,Sub-Saharan Africa,Low income
Burundi,BDI,Mobile cellular subscriptions (per 100 people),IT.CEL.SETS.P2,2017,51.4533280518012,Sub-Saharan Africa,Low income
Burundi,BDI,Mobile cellular subscriptions (per 100 people),IT.CEL.SETS.P2,2018,53.2736942349584,Sub-Saharan Africa,Low income
Burundi,BDI,Mobile cellular subscriptions (per 100 people),IT.CEL.SETS.P2,2019,53.2995504978403,Sub-Saharan Africa,Low income
Burundi,BDI,Mobile cellular subscriptions (per 100 people),IT.CEL.SETS.P2,2020,52.5571219738138,Sub-Saharan Africa,Low income
Burundi,BDI,Mobile cellular subscriptions (per 100 people),IT.CEL.SETS.P2,2021,59.700785493419,Sub-Saharan Africa,Low income
Burundi,BDI,Mobile cellular subscriptions (per 100 people),IT.CEL.SETS.P2,2022,56.2599912004244,Sub-Saharan Africa,Low income
Burundi,BDI,Mobile cellular subscriptions (per 100 people),IT.CEL.SETS.P2,2023,63.1631365759764,Sub-Saharan Africa,Low income
Burundi,BDI,Fixed broadband subscriptions (per 100 people),IT.NET.BBND.P2,2008,0.0018811054363124,Sub-Saharan Africa,Low income
Burundi,BDI,Fixed broadband subscriptions (per 100 people),IT.NET.BBND.P2,2009,0.0017881798184684,Sub-Saharan Africa,Low income
Burundi,BDI,Fixed broadband subscriptions (per 100 people),IT.NET.BBND.P2,2010,0.0037540884369383,Sub-Saharan Africa,Low income
Burundi,BDI,Fixed broadband subscriptions (per 100 people),IT.NET.BBND.P2,2011,0.0051142326109402,Sub-Saharan Africa,Low income
Burundi,BDI,Fixed broadband subscriptions (per 100 people),IT.NET.BBND.P2,2012,0.0069704900036024,Sub-Saharan Africa,Low income
Burundi,BDI,Fixed broadband subscriptions (per 100 people),IT.NET.BBND.P2,2013,0.0146944141397431,Sub-Saharan Africa,Low income
Burundi,BDI,Fixed broadband subscriptions (per 100 people),IT.NET.BBND.P2,2014,0.0157410541043178,Sub-Saharan Africa,Low income
Burundi,BDI,Fixed broadband subscriptions (per 100 people),IT.NET.BBND.P2,2015,0.0250824162395746,Sub-Saharan Africa,Low income
Burundi,BDI,Fixed broadband subscriptions (per 100 people),IT.NET.BBND.P2,2016,0.0288715169450892,Sub-Saharan Africa,Low income
Burundi,BDI,Fixed broadband subscriptions (per 100 people),IT.NET.BBND.P2,2017,0.0340147819169285,Sub-Saharan Africa,Low income
Burundi,BDI,Fixed broadband subscriptions (per 100 people),IT.NET.BBND.P2,2018,0.0331803020141076,Sub-Saharan Africa,Low income
Burundi,BDI,Fixed broadband subscriptions (per 100 people),IT.NET.BBND.P2,2019,0.0317494355111928,Sub-Saharan Africa,Low income
Burundi,BDI,Fixed broadband subscriptions (per 100 people),IT.NET.BBND.P2,2020,0.0335260991567275,Sub-Saharan Africa,Low income
Burundi,BDI,Fixed broadband subscriptions (per 100 people),IT.NET.BBND.P2,2021,0.0304886490520483,Sub-Saharan Africa,Low income
Burundi,BDI,Fixed broadband subscriptions (per 100 people),IT.NET.BBND.P2,2022,0.0300650914860841,Sub-Saharan Africa,Low income
Burundi,BDI,Fixed broadband subscriptions (per 100 people),IT.NET.BBND.P2,2023,0.0203441336211462,Sub-Saharan Africa,Low income
Burundi,BDI,Secure Internet servers (per 1 million people),IT.NET.SECR.P6,2010,0.4266009587429947,Sub-Saharan Africa,Low income
Burundi,BDI,Secure Internet servers (per 1 million people),IT.NET.SECR.P6,2011,0.4116082584257754,Sub-Saharan Africa,Low income
Burundi,BDI,Secure Internet servers (per 1 million people),IT.NET.SECR.P6,2012,0.397178917584183,Sub-Saharan Africa,Low income
Burundi,BDI,Secure Internet servers (per 1 million people),IT.NET.SECR.P6,2013,0.2873744616638157,Sub-Saharan Africa,Low income
Burundi,BDI,Secure Internet servers (per 1 million people),IT.NET.SECR.P6,2014,0.5555666154465112,Sub-Saharan Africa,Low income
Burundi,BDI,Secure Internet servers (per 1 million people),IT.NET.SECR.P6,2015,0.7241404904965613,Sub-Saharan Africa,Low income
Burundi,BDI,Secure Internet servers (per 1 million people),IT.NET.SECR.P6,2016,1.4235570758749694,Sub-Saharan Africa,Low income
Burundi,BDI,Secure Internet servers (per 1 million people),IT.NET.SECR.P6,2017,4.345271067568791,Sub-Saharan Africa,Low income
Burundi,BDI,Secure Internet servers (per 1 million people),IT.NET.SECR.P6,2018,5.649505044333437,Sub-Saharan Africa,Low income
Burundi,BDI,Secure Internet servers (per 1 million people),IT.NET.SECR.P6,2019,8.649293662776769,Sub-Saharan Africa,Low income
Burundi,BDI,Secure Internet servers (per 1 million people),IT.NET.SECR.P6,2020,8.163565515704322,Sub-Saharan Africa,Low income
Burundi,BDI,Secure Internet servers (per 1 million people),IT.NET.SECR.P6,2021,6.324485763389727,Sub-Saharan Africa,Low income
Burundi,BDI,Secure Internet servers (per 1 million people),IT.NET.SECR.P6,2022,10.80992053432236,Sub-Saharan Africa,Low income
Burundi,BDI,Secure Internet servers (per 1 million people),IT.NET.SECR.P6,2023,10.299902479646734,Sub-Saharan Africa,Low income
Burundi,BDI,Secure Internet servers (per 1 million people),IT.NET.SECR.P6,2024,10.606653603635475,Sub-Saharan Africa,Low income
Burundi,BDI,Individuals using the Internet (% of population),IT.NET.USER.ZS,2000,0.077248447383456,Sub-Saharan Africa,Low income
Burundi,BDI,Individuals using the Internet (% of population),IT.NET.USER.ZS,2001,0.106001245363203,Sub-Saharan Africa,Low income
Burundi,BDI,Individuals using the Internet (% of population),IT.NET.USER.ZS,2002,0.118228412267794,Sub-Saharan Africa,Low income
Burundi,BDI,Individuals using the Internet (% of population),IT.NET.USER.ZS,2003,0.201273196735924,Sub-Saharan Africa,Low income
Burundi,BDI,Individuals using the Internet (% of population),IT.NET.USER.ZS,2004,0.349060461879596,Sub-Saharan Africa,Low income
Burundi,BDI,Individuals using the Internet (% of population),IT.NET.USER.ZS,2005,0.542100012,Sub-Saharan Africa,Low income
Burundi,BDI,Individuals using the Internet (% of population),IT.NET.USER.ZS,2006,0.657599986,Sub-Saharan Africa,Low income
Burundi,BDI,Individuals using the Internet (% of population),IT.NET.USER.ZS,2007,0.7,Sub-Saharan Africa,Low income
Burundi,BDI,Individuals using the Internet (% of population),IT.NET.USER.ZS,2008,0.81,Sub-Saharan Africa,Low income
Burundi,BDI,Individuals using the Internet (% of population),IT.NET.USER.ZS,2009,0.899999976,Sub-Saharan Africa,Low income
Burundi,BDI,Individuals using the Internet (% of population),IT.NET.USER.ZS,2010,1.0,Sub-Saharan Africa,Low income
Burundi,BDI,Individuals using the Internet (% of population),IT.NET.USER.ZS,2011,1.110000014,Sub-Saharan Africa,Low income
Burundi,BDI,Individuals using the Internet (% of population),IT.NET.USER.ZS,2012,1.220000029,Sub-Saharan Africa,Low income
Burundi,BDI,Individuals using the Internet (% of population),IT.NET.USER.ZS,2013,1.2642181112,Sub-Saharan Africa,Low income
Burundi,BDI,Individuals using the Internet (% of population),IT.NET.USER.ZS,2014,1.04239212643994,Sub-Saharan Africa,Low income
Burundi,BDI,Individuals using the Internet (% of population),IT.NET.USER.ZS,2015,2.0,Sub-Saharan Africa,Low income
Burundi,BDI,Individuals using the Internet (% of population),IT.NET.USER.ZS,2016,2.200000048,Sub-Saharan Africa,Low income
Burundi,BDI,Individuals using the Internet (% of population),IT.NET.USER.ZS,2017,2.6607485347534,Sub-Saharan Africa,Low income
Burundi,BDI,Individuals using the Internet (% of population),IT.NET.USER.ZS,2018,4.019499779,Sub-Saharan Africa,Low income
Burundi,BDI,Individuals using the Internet (% of population),IT.NET.USER.ZS,2019,6.072199821,Sub-Saharan Africa,Low income
Burundi,BDI,Individuals using the Internet (% of population),IT.NET.USER.ZS,2020,6.430099964,Sub-Saharan Africa,Low income
Burundi,BDI,Individuals using the Internet (% of population),IT.NET.USER.ZS,2021,6.777999878,Sub-Saharan Africa,Low income
Burundi,BDI,Individuals using the Internet (% of population),IT.NET.USER.ZS,2022,7.144800186,Sub-Saharan Africa,Low income
Burundi,BDI,Individuals using the Internet (% of population),IT.NET.USER.ZS,2023,7.172299862,Sub-Saharan Africa,Low income
Burundi,BDI,Individuals using the Internet (% of population),IT.NET.USER.ZS,2024,8.595999718,Sub-Saharan Africa,Low income
Cabo Verde,CPV,Mobile cellular subscriptions (per 100 people),IT.CEL.SETS.P2,2000,4.3521420992374,Sub-Saharan Africa,Upper middle income
Cabo Verde,CPV,Mobile cellular subscriptions (per 100 people),IT.CEL.SETS.P2,2001,6.84498786642421,Sub-Saharan Africa,Upper middle income
Cabo Verde,CPV,Mobile cellular subscriptions (per 100 people),IT.CEL.SETS.P2,2002,9.19588220432249,Sub-Saharan Africa,Upper middle income
Cabo Verde,CPV,Mobile cellular subscriptions (per 100 people),IT.CEL.SETS.P2,2003,11.2682542465615,Sub-Saharan Africa,Upper middle income
Cabo Verde,CPV,Mobile cellular subscriptions (per 100 people),IT.CEL.SETS.P2,2004,13.7221770240107,Sub-Saharan Africa,Upper middle income
Cabo Verde,CPV,Mobile cellular subscriptions (per 100 people),IT.CEL.SETS.P2,2005,16.8456963812704,Sub-Saharan Africa,Upper middle income
Cabo Verde,CPV,Mobile cellular subscriptions (per 100 people),IT.CEL.SETS.P2,2006,22.182960825549,Sub-Saharan Africa,Upper middle income
Cabo Verde,CPV,Mobile cellular subscriptions (per 100 people),IT.CEL.SETS.P2,2007,30.6761522803765,Sub-Saharan Africa,Upper middle income
Cabo Verde,CPV,Mobile cellular subscriptions (per 100 people),IT.CEL.SETS.P2,2008,55.3839096049705,Sub-Saharan Africa,Upper middle income
Cabo Verde,CPV,Mobile cellular subscriptions (per 100 people),IT.CEL.SETS.P2,2009,57.4189800865767,Sub-Saharan Africa,Upper middle income
Cabo Verde,CPV,Mobile cellular subscriptions (per 100 people),IT.CEL.SETS.P2,2010,72.9467774586884,Sub-Saharan Africa,Upper middle income
Cabo Verde,CPV,Mobile cellular subscriptions (per 100 people),IT.CEL.SETS.P2,2011,77.511257275925,Sub-Saharan Africa,Upper middle income
Cabo Verde,CPV,Mobile cellular subscriptions (per 100 people),IT.CEL.SETS.P2,2012,83.0756609467629,Sub-Saharan Africa,Upper middle income
Cabo Verde,CPV,Mobile cellular subscriptions (per 100 people),IT.CEL.SETS.P2,2013,97.5075406315584,Sub-Saharan Africa,Upper middle income
Cabo Verde,CPV,Mobile cellular subscriptions (per 100 people),IT.CEL.SETS.P2,2014,119.724160007495,Sub-Saharan Africa,Upper middle income
Cabo Verde,CPV,Mobile cellular subscriptions (per 100 people),IT.CEL.SETS.P2,2015,119.335511344785,Sub-Saharan Africa,Upper middle income
Cabo Verde,CPV,Mobile cellular subscriptions (per 100 people),IT.CEL.SETS.P2,2016,117.442454843782,Sub-Saharan Africa,Upper middle income
Cabo Verde,CPV,Mobile cellular subscriptions (per 100 people),IT.CEL.SETS.P2,2017,119.373631537182,Sub-Saharan Africa,Upper middle income
Cabo Verde,CPV,Mobile cellular subscriptions (per 100 people),IT.CEL.SETS.P2,2018,118.876152819844,Sub-Saharan Africa,Upper middle income
Cabo Verde,CPV,Mobile cellular subscriptions (per 100 people),IT.CEL.SETS.P2,2019,115.867801067488,Sub-Saharan Africa,Upper middle income
Cabo Verde,CPV,Mobile cellular subscriptions (per 100 people),IT.CEL.SETS.P2,2020,105.838590655535,Sub-Saharan Africa,Upper middle income
Cabo Verde,CPV,Mobile cellular subscriptions (per 100 people),IT.CEL.SETS.P2,2021,114.230551109167,Sub-Saharan Africa,Upper middle income
Cabo Verde,CPV,Mobile cellular subscriptions (per 100 people),IT.CEL.SETS.P2,2022,113.247367438782,Sub-Saharan Africa,Upper middle income
Cabo Verde,CPV,Mobile cellular subscriptions (per 100 people),IT.CEL.SETS.P2,2023,113.022968194497,Sub-Saharan Africa,Upper middle income
Cabo Verde,CPV,Mobile cellular subscriptions (per 100 people),IT.CEL.SETS.P2,2024,111.84067886381,Sub-Saharan Africa,Upper middle income
Cabo Verde,CPV,Fixed broadband subscriptions (per 100 people),IT.NET.BBND.P2,2004,0.0590358178442539,Sub-Saharan Africa,Upper middle income
Cabo Verde,CPV,Fixed broadband subscriptions (per 100 people),IT.NET.BBND.P2,2005,0.1931500778166,Sub-Saharan Africa,Upper middle income
Cabo Verde,CPV,Fixed broadband subscriptions (per 100 people),IT.NET.BBND.P2,2006,0.36965488009651,Sub-Saharan Africa,Upper middle income
Cabo Verde,CPV,Fixed broadband subscriptions (per 100 people),IT.NET.BBND.P2,2007,0.772486345956186,Sub-Saharan Africa,Upper middle income
Cabo Verde,CPV,Fixed broadband subscriptions (per 100 people),IT.NET.BBND.P2,2008,1.47201085059489,Sub-Saharan Africa,Upper middle income
Cabo Verde,CPV,Fixed broadband subscriptions (per 100 people),IT.NET.BBND.P2,2009,2.16777538274908,Sub-Saharan Africa,Upper middle income
Cabo Verde,CPV,Fixed broadband subscriptions (per 100 people),IT.NET.BBND.P2,2010,3.15251165199379,Sub-Saharan Africa,Upper middle income
Cabo Verde,CPV,Fixed broadband subscriptions (per 100 people),IT.NET.BBND.P2,2011,4.17091115990513,Sub-Saharan Africa,Upper middle income
Cabo Verde,CPV,Fixed broadband subscriptions (per 100 people),IT.NET.BBND.P2,2012,3.87787989178736,Sub-Saharan Africa,Upper middle income
Cabo Verde,CPV,Fixed broadband subscriptions (per 100 people),IT.NET.BBND.P2,2013,4.13919664210064,Sub-Saharan Africa,Upper middle income
Cabo Verde,CPV,Fixed broadband subscriptions (per 100 people),IT.NET.BBND.P2,2014,3.72341048473043,Sub-Saharan Africa,Upper middle income
Cabo Verde,CPV,Fixed broadband subscriptions (per 100 people),IT.NET.BBND.P2,2015,3.23344925974933,Sub-Saharan Africa,Upper middle income
Cabo Verde,CPV,Fixed broadband subscriptions (per 100 people),IT.NET.BBND.P2,2016,3.0320707671777,Sub-Saharan Africa,Upper middle income
Cabo Verde,CPV,Fixed broadband subscriptions (per 100 people),IT.NET.BBND.P2,2017,2.9232218025982,Sub-Saharan Africa,Upper middle income
Cabo Verde,CPV,Fixed broadband subscriptions (per 100 people),IT.NET.BBND.P2,2018,3.04957977464624,Sub-Saharan Africa,Upper middle income
Cabo Verde,CPV,Fixed broadband subscriptions (per 100 people),IT.NET.BBND.P2,2019,3.93928076809362,Sub-Saharan Africa,Upper middle income
Cabo Verde,CPV,Fixed broadband subscriptions (per 100 people),IT.NET.BBND.P2,2020,4.82611491823059,Sub-Saharan Africa,Upper middle income
Cabo Verde,CPV,Fixed broadband subscriptions (per 100 people),IT.NET.BBND.P2,2021,5.90962142576488,Sub-Saharan Africa,Upper middle income
Cabo Verde,CPV,Fixed broadband subscriptions (per 100 people),IT.NET.BBND.P2,2022,6.56769429388869,Sub-Saharan Africa,Upper middle income
Cabo Verde,CPV,Fixed broadband subscriptions (per 100 people),IT.NET.BBND.P2,2023,7.23008973237277,Sub-Saharan Africa,Upper middle income
Cabo Verde,CPV,Fixed broadband subscriptions (per 100 people),IT.NET.BBND.P2,2024,8.30537440200276,Sub-Saharan Africa,Upper middle income
Cabo Verde,CPV,Secure Internet servers (per 1 million people),IT.NET.SECR.P6,2010,23.5393813850572,Sub-Saharan Africa,Upper middle income
Cabo Verde,CPV,Secure Internet servers (per 1 million people),IT.NET.SECR.P6,2011,27.37331531908488,Sub-Saharan Africa,Upper middle income
Cabo Verde,CPV,Secure Internet servers (per 1 million people),IT.NET.SECR.P6,2012,60.55219697043685,Sub-Saharan Africa,Upper middle income
Cabo Verde,CPV,Secure Internet servers (per 1 million people),IT.NET.SECR.P6,2013,62.472546244326224,Sub-Saharan Africa,Upper middle income
Cabo Verde,CPV,Secure Internet servers (per 1 million people),IT.NET.SECR.P6,2014,76.12340580021315,Sub-Saharan Africa,Upper middle income
Cabo Verde,CPV,Secure Internet servers (per 1 million people),IT.NET.SECR.P6,2015,76.11330343446645,Sub-Saharan Africa,Upper middle income
Cabo Verde,CPV,Secure Internet servers (per 1 million people),IT.NET.SECR.P6,2016,117.06083651673777,Sub-Saharan Africa,Upper middle income
Cabo Verde,CPV,Secure Internet servers (per 1 million people),IT.NET.SECR.P6,2017,272.96141690372065,Sub-Saharan Africa,Upper middle income
Cabo Verde,CPV,Secure Internet servers (per 1 million people),IT.NET.SECR.P6,2018,527.838103678311,Sub-Saharan Africa,Upper middle income
Cabo Verde,CPV,Secure Internet servers (per 1 million people),IT.NET.SECR.P6,2019,587.4297807447521,Sub-Saharan Africa,Upper middle income
Cabo Verde,CPV,Secure Internet servers (per 1 million people),IT.NET.SECR.P6,2020,192.352903460215,Sub-Saharan Africa,Upper middle income
Cabo Verde,CPV,Secure Internet servers (per 1 million people),IT.NET.SECR.P6,2021,648.40926818788,Sub-Saharan Africa,Upper middle income
Cabo Verde,CPV,Secure Internet servers (per 1 million people),IT.NET.SECR.P6,2022,777.3102372143048,Sub-Saharan Africa,Upper middle income
Cabo Verde,CPV,Secure Internet servers (per 1 million people),IT.NET.SECR.P6,2023,951.5039314151372,Sub-Saharan Africa,Upper middle income
Cabo Verde,CPV,Secure Internet servers (per 1 million people),IT.NET.SECR.P6,2024,857.3437205288096,Sub-Saharan Africa,Upper middle income
Cabo Verde,CPV,Individuals using the Internet (% of population),IT.NET.USER.ZS,2000,1.82244385164396,Sub-Saharan Africa,Upper middle income
Cabo Verde,CPV,Individuals using the Internet (% of population),IT.NET.USER.ZS,2001,2.68533271272311,Sub-Saharan Africa,Upper middle income
Cabo Verde,CPV,Individuals using the Internet (% of population),IT.NET.USER.ZS,2002,3.5187571749658,Sub-Saharan Africa,Upper middle income
Cabo Verde,CPV,Individuals using the Internet (% of population),IT.NET.USER.ZS,2003,4.32488539053715,Sub-Saharan Africa,Upper middle income
Cabo Verde,CPV,Individuals using the Internet (% of population),IT.NET.USER.ZS,2004,5.31883206957883,Sub-Saharan Africa,Upper middle income
Cabo Verde,CPV,Individuals using the Internet (% of population),IT.NET.USER.ZS,2005,6.07408710659813,Sub-Saharan Africa,Upper middle income
Cabo Verde,CPV,Individuals using the Internet (% of population),IT.NET.USER.ZS,2006,6.80891100753313,Sub-Saharan Africa,Upper middle income
Cabo Verde,CPV,Individuals using the Internet (% of population),IT.NET.USER.ZS,2007,8.28321981953034,Sub-Saharan Africa,Upper middle income
Cabo Verde,CPV,Individuals using the Internet (% of population),IT.NET.USER.ZS,2008,14.0,Sub-Saharan Africa,Upper middle income
Cabo Verde,CPV,Individuals using the Internet (% of population),IT.NET.USER.ZS,2009,21.0,Sub-Saharan Africa,Upper middle income
Cabo Verde,CPV,Individuals using the Internet (% of population),IT.NET.USER.ZS,2010,30.0,Sub-Saharan Africa,Upper middle income
Cabo Verde,CPV,Individuals using the Internet (% of population),IT.NET.USER.ZS,2011,32.0,Sub-Saharan Africa,Upper middle income
Cabo Verde,CPV,Individuals using the Internet (% of population),IT.NET.USER.ZS,2012,34.74,Sub-Saharan Africa,Upper middle income
Cabo Verde,CPV,Individuals using the Internet (% of population),IT.NET.USER.ZS,2013,37.5,Sub-Saharan Africa,Upper middle income
Cabo Verde,CPV,Individuals using the Internet (% of population),IT.NET.USER.ZS,2014,40.25999832,Sub-Saharan Africa,Upper middle income
Cabo Verde,CPV,Individuals using the Internet (% of population),IT.NET.USER.ZS,2015,42.6830141582781,Sub-Saharan Africa,Upper middle income
Cabo Verde,CPV,Individuals using the Internet (% of population),IT.NET.USER.ZS,2016,50.3228178676892,Sub-Saharan Africa,Upper middle income
Cabo Verde,CPV,Individuals using the Internet (% of population),IT.NET.USER.ZS,2017,57.1621463484891,Sub-Saharan Africa,Upper middle income
Cabo Verde,CPV,Individuals using the Internet (% of population),IT.NET.USER.ZS,2018,59.5,Sub-Saharan Africa,Upper middle income
Cabo Verde,CPV,Individuals using the Internet (% of population),IT.NET.USER.ZS,2019,61.9433977593088,Sub-Saharan Africa,Upper middle income
Cabo Verde,CPV,Individuals using the Internet (% of population),IT.NET.USER.ZS,2020,69.37339783,Sub-Saharan Africa,Upper middle income
Cabo Verde,CPV,Individuals using the Internet (% of population),IT.NET.USER.ZS,2021,70.28250122,Sub-Saharan Africa,Upper middle income
Cabo Verde,CPV,Individuals using the Internet (% of population),IT.NET.USER.ZS,2022,73.32740021,Sub-Saharan Africa,Upper middle income
Cabo Verde,CPV,Individuals using the Internet (% of population),IT.NET.USER.ZS,2023,74.59919739,Sub-Saharan Africa,Upper middle income
Cabo Verde,CPV,Individuals using the Internet (% of population),IT.NET.USER.ZS,2024,74.73519897,Sub-Saharan Africa,Upper middle income
Cameroon,CMR,Mobile cellular subscriptions (per 100 people),IT.CEL.SETS.P2,2000,0.692560554874589,Sub-Saharan Africa,Lower middle income
Cameroon,CMR,Mobile cellular subscriptions (per 100 people),IT.CEL.SETS.P2,2001,2.72572763691018,Sub-Saharan Africa,Lower middle income
Cameroon,CMR,Mobile cellular subscriptions (per 100 people),IT.CEL.SETS.P2,2002,4.4609440140897,Sub-Saharan Africa,Lower middle income
Cameroon,CMR,Mobile cellular subscriptions (per 100 people),IT.CEL.SETS.P2,2003,6.66446374271828,Sub-Saharan Africa,Lower middle income
Cameroon,CMR,Mobile cellular subscriptions (per 100 people),IT.CEL.SETS.P2,2004,9.2162740321822,Sub-Saharan Africa,Lower middle income
Cameroon,CMR,Mobile cellular subscriptions (per 100 people),IT.CEL.SETS.P2,2005,13.1921614065904,Sub-Saharan Africa,Lower middle income
Cameroon,CMR,Mobile cellular subscriptions (per 100 people),IT.CEL.SETS.P2,2006,17.8682237967473,Sub-Saharan Africa,Lower middle income
Cameroon,CMR,Mobile cellular subscriptions (per 100 people),IT.CEL.SETS.P2,2007,25.1303387011205,Sub-Saharan Africa,Lower middle income
Cameroon,CMR,Mobile cellular subscriptions (per 100 people),IT.CEL.SETS.P2,2008,33.1693465336812,Sub-Saharan Africa,Lower middle income
Cameroon,CMR,Mobile cellular subscriptions (per 100 people),IT.CEL.SETS.P2,2009,41.8757501710529,Sub-Saharan Africa,Lower middle income
Cameroon,CMR,Mobile cellular subscriptions (per 100 people),IT.CEL.SETS.P2,2010,43.9120552066482,Sub-Saharan Africa,Lower middle income
Cameroon,CMR,Mobile cellular subscriptions (per 100 people),IT.CEL.SETS.P2,2011,51.831042080032,Sub-Saharan Africa,Lower middle income
Cameroon,CMR,Mobile cellular subscriptions (per 100 people),IT.CEL.SETS.P2,2012,62.9906520229266,Sub-Saharan Africa,Lower middle income
Cameroon,CMR,Mobile cellular subscriptions (per 100 people),IT.CEL.SETS.P2,2013,73.1912475512065,Sub-Saharan Africa,Lower middle income
Cameroon,CMR,Mobile cellular subscriptions (per 100 people),IT.CEL.SETS.P2,2014,77.2399893326772,Sub-Saharan Africa,Lower middle income
Cameroon,CMR,Mobile cellular subscriptions (per 100 people),IT.CEL.SETS.P2,2015,79.7800672605612,Sub-Saharan Africa,Lower middle income
Cameroon,CMR,Mobile cellular subscriptions (per 100 people),IT.CEL.SETS.P2,2016,79.8046154795305,Sub-Saharan Africa,Lower middle income
Cameroon,CMR,Mobile cellular subscriptions (per 100 people),IT.CEL.SETS.P2,2017,83.4502920413828,Sub-Saharan Africa,Lower middle income
Cameroon,CMR,Mobile cellular subscriptions (per 100 people),IT.CEL.SETS.P2,2018,74.3995446655806,Sub-Saharan Africa,Lower middle income
Cameroon,CMR,Mobile cellular subscriptions (per 100 people),IT.CEL.SETS.P2,2019,83.9044001051513,Sub-Saharan Africa,Lower middle income
Cameroon,CMR,Mobile cellular subscriptions (per 100 people),IT.CEL.SETS.P2,2020,85.2721639882676,Sub-Saharan Africa,Lower middle income
Cameroon,CMR,Mobile cellular subscriptions (per 100 people),IT.CEL.SETS.P2,2021,80.8081013360278,Sub-Saharan Africa,Lower middle income
Cameroon,CMR,Mobile cellular subscriptions (per 100 people),IT.CEL.SETS.P2,2022,89.8274190453067,Sub-Saharan Africa,Lower middle income
Cameroon,CMR,Mobile cellular subscriptions (per 100 people),IT.CEL.SETS.P2,2023,96.4817325902196,Sub-Saharan Africa,Lower middle income
Cameroon,CMR,Mobile cellular subscriptions (per 100 people),IT.CEL.SETS.P2,2024,108.213130152497,Sub-Saharan Africa,Lower middle income
Cameroon,CMR,Fixed broadband subscriptions (per 100 people),IT.NET.BBND.P2,2005,0.0011830442351952,Sub-Saharan Africa,Lower middle income
Cameroon,CMR,Fixed broadband subscriptions (per 100 people),IT.NET.BBND.P2,2006,0.0023988047684592,Sub-Saharan Africa,Lower middle income
Cameroon,CMR,Fixed broadband subscriptions (per 100 people),IT.NET.BBND.P2,2007,0.0035457268008635,Sub-Saharan Africa,Lower middle income
Cameroon,CMR,Fixed broadband subscriptions (per 100 people),IT.NET.BBND.P2,2008,0.004630114176462,Sub-Saharan Africa,Lower middle income
Cameroon,CMR,Fixed broadband subscriptions (per 100 people),IT.NET.BBND.P2,2009,0.0047085969668055,Sub-Saharan Africa,Lower middle income
Cameroon,CMR,Fixed broadband subscriptions (per 100 people),IT.NET.BBND.P2,2010,0.0302724223113752,Sub-Saharan Africa,Lower middle income
Cameroon,CMR,Fixed broadband subscriptions (per 100 people),IT.NET.BBND.P2,2011,0.0529499754452088,Sub-Saharan Africa,Lower middle income
Cameroon,CMR,Fixed broadband subscriptions (per 100 people),IT.NET.BBND.P2,2012,0.0665368255091213,Sub-Saharan Africa,Lower middle income
Cameroon,CMR,Fixed broadband subscriptions (per 100 people),IT.NET.BBND.P2,2013,0.0789631954882019,Sub-Saharan Africa,Lower middle income
Cameroon,CMR,Fixed broadband subscriptions (per 100 people),IT.NET.BBND.P2,2014,0.0762968342593502,Sub-Saharan Africa,Lower middle income
Cameroon,CMR,Fixed broadband subscriptions (per 100 people),IT.NET.BBND.P2,2015,0.0898239605008282,Sub-Saharan Africa,Lower middle income
Cameroon,CMR,Fixed broadband subscriptions (per 100 people),IT.NET.BBND.P2,2016,1.55529332300567,Sub-Saharan Africa,Lower middle income
Cameroon,CMR,Fixed broadband subscriptions (per 100 people),IT.NET.BBND.P2,2017,1.58466709279995,Sub-Saharan Africa,Lower middle income
Cameroon,CMR,Fixed broadband subscriptions (per 100 people),IT.NET.BBND.P2,2018,1.59560948486525,Sub-Saharan Africa,Lower middle income
Cameroon,CMR,Fixed broadband subscriptions (per 100 people),IT.NET.BBND.P2,2019,1.57189487453881,Sub-Saharan Africa,Lower middle income
Cameroon,CMR,Fixed broadband subscriptions (per 100 people),IT.NET.BBND.P2,2020,2.75682417749367,Sub-Saharan Africa,Lower middle income
Cameroon,CMR,Fixed broadband subscriptions (per 100 people),IT.NET.BBND.P2,2021,2.23385126289217,Sub-Saharan Africa,Lower middle income
Cameroon,CMR,Fixed broadband subscriptions (per 100 people),IT.NET.BBND.P2,2022,2.12862474053,Sub-Saharan Africa,Lower middle income
Cameroon,CMR,Secure Internet servers (per 1 million people),IT.NET.SECR.P6,2010,0.3559068797104911,Sub-Saharan Africa,Lower middle income
Cameroon,CMR,Secure Internet servers (per 1 million people),IT.NET.SECR.P6,2011,0.4448331737206005,Sub-Saharan Africa,Lower middle income
Cameroon,CMR,Secure Internet servers (per 1 million people),IT.NET.SECR.P6,2012,0.9130432505223928,Sub-Saharan Africa,Lower middle income
Cameroon,CMR,Secure Internet servers (per 1 million people),IT.NET.SECR.P6,2013,1.3082659607512737,Sub-Saharan Africa,Lower middle income
Cameroon,CMR,Secure Internet servers (per 1 million people),IT.NET.SECR.P6,2014,1.8585765579189344,Sub-Saharan Africa,Lower middle income
Cameroon,CMR,Secure Internet servers (per 1 million people),IT.NET.SECR.P6,2015,2.284367362470322,Sub-Saharan Africa,Lower middle income
Cameroon,CMR,Secure Internet servers (per 1 million people),IT.NET.SECR.P6,2016,2.856635971757848,Sub-Saharan Africa,Lower middle income
Cameroon,CMR,Secure Internet servers (per 1 million people),IT.NET.SECR.P6,2017,8.703364111329952,Sub-Saharan Africa,Lower middle income
Cameroon,CMR,Secure Internet servers (per 1 million people),IT.NET.SECR.P6,2018,5.522772102647935,Sub-Saharan Africa,Lower middle income
Cameroon,CMR,Secure Internet servers (per 1 million people),IT.NET.SECR.P6,2019,15.36887555699922,Sub-Saharan Africa,Lower middle income
Cameroon,CMR,Secure Internet servers (per 1 million people),IT.NET.SECR.P6,2020,16.939738558789937,Sub-Saharan Africa,Lower middle income
Cameroon,CMR,Secure Internet servers (per 1 million people),IT.NET.SECR.P6,2021,17.46188979704751,Sub-Saharan Africa,Lower middle income
Cameroon,CMR,Secure Internet servers (per 1 million people),IT.NET.SECR.P6,2022,15.199344285811945,Sub-Saharan Africa,Lower middle income
Cameroon,CMR,Secure Internet servers (per 1 million people),IT.NET.SECR.P6,2023,17.058659266216136,Sub-Saharan Africa,Lower middle income
Cameroon,CMR,Secure Internet servers (per 1 million people),IT.NET.SECR.P6,2024,25.16846735090104,Sub-Saharan Africa,Lower middle income
Cameroon,CMR,Individuals using the Internet (% of population),IT.NET.USER.ZS,2000,0.252120077733662,Sub-Saharan Africa,Lower middle income
Cameroon,CMR,Individuals using the Internet (% of population),IT.NET.USER.ZS,2001,0.277051321848797,Sub-Saharan Africa,Lower middle income
Cameroon,CMR,Individuals using the Internet (% of population),IT.NET.USER.ZS,2002,0.360871584267755,Sub-Saharan Africa,Lower middle income
Cameroon,CMR,Individuals using the Internet (% of population),IT.NET.USER.ZS,2003,0.587622611130454,Sub-Saharan Africa,Lower middle income
Cameroon,CMR,Individuals using the Internet (% of population),IT.NET.USER.ZS,2004,0.976075415490902,Sub-Saharan Africa,Lower middle income
Cameroon,CMR,Individuals using the Internet (% of population),IT.NET.USER.ZS,2005,1.402699947,Sub-Saharan Africa,Lower middle income
Cameroon,CMR,Individuals using the Internet (% of population),IT.NET.USER.ZS,2006,2.028700113,Sub-Saharan Africa,Lower middle income
Cameroon,CMR,Individuals using the Internet (% of population),IT.NET.USER.ZS,2007,2.93,Sub-Saharan Africa,Lower middle income
Cameroon,CMR,Individuals using the Internet (% of population),IT.NET.USER.ZS,2008,3.400000095,Sub-Saharan Africa,Lower middle income
Cameroon,CMR,Individuals using the Internet (% of population),IT.NET.USER.ZS,2009,3.84,Sub-Saharan Africa,Lower middle income
Cameroon,CMR,Individuals using the Internet (% of population),IT.NET.USER.ZS,2010,4.300000191,Sub-Saharan Africa,Lower middle income
Cameroon,CMR,Individuals using the Internet (% of population),IT.NET.USER.ZS,2011,5.0,Sub-Saharan Africa,Lower middle income
Cameroon,CMR,Individuals using the Internet (% of population),IT.NET.USER.ZS,2012,7.5,Sub-Saharan Africa,Lower middle income
Cameroon,CMR,Individuals using the Internet (% of population),IT.NET.USER.ZS,2013,10.0,Sub-Saharan Africa,Lower middle income
Cameroon,CMR,Individuals using the Internet (% of population),IT.NET.USER.ZS,2014,16.2148722257524,Sub-Saharan Africa,Lower middle income
Cameroon,CMR,Individuals using the Internet (% of population),IT.NET.USER.ZS,2015,18.29999924,Sub-Saharan Africa,Lower middle income
Cameroon,CMR,Individuals using the Internet (% of population),IT.NET.USER.ZS,2016,20.60000038,Sub-Saharan Africa,Lower middle income
Cameroon,CMR,Individuals using the Internet (% of population),IT.NET.USER.ZS,2017,23.2029719748646,Sub-Saharan Africa,Lower middle income
Cameroon,CMR,Individuals using the Internet (% of population),IT.NET.USER.ZS,2018,29.70000076,Sub-Saharan Africa,Lower middle income
Cameroon,CMR,Individuals using the Internet (% of population),IT.NET.USER.ZS,2019,36.53919983,Sub-Saharan Africa,Lower middle income
Cameroon,CMR,Individuals using the Internet (% of population),IT.NET.USER.ZS,2020,37.69749832,Sub-Saharan Africa,Lower middle income
Cameroon,CMR,Individuals using the Internet (% of population),IT.NET.USER.ZS,2021,38.89260101,Sub-Saharan Africa,Lower middle income
Cameroon,CMR,Individuals using the Internet (% of population),IT.NET.USER.ZS,2022,40.12559891,Sub-Saharan Africa,Lower middle income
Cameroon,CMR,Individuals using the Internet (% of population),IT.NET.USER.ZS,2023,42.24380112,Sub-Saharan Africa,Lower middle income
Cameroon,CMR,Individuals using the Internet (% of population),IT.NET.USER.ZS,2024,46.25880051,Sub-Saharan Africa,Lower middle income
Central African Republic,CAF,Mobile cellular subscriptions (per 100 people),IT.CEL.SETS.P2,2000,0.129571118814133,Sub-Saharan Africa,Low income
Central African Republic,CAF,Mobile cellular subscriptions (per 100 people),IT.CEL.SETS.P2,2001,0.280648972684436,Sub-Saharan Africa,Low income
Central African Republic,CAF,Mobile cellular subscriptions (per 100 people),IT.CEL.SETS.P2,2002,0.31452216220507,Sub-Saharan Africa,Low income
Central African Republic,CAF,Mobile cellular subscriptions (per 100 people),IT.CEL.SETS.P2,2003,0.974875983588938,Sub-Saharan Africa,Low income
Central African Republic,CAF,Mobile cellular subscriptions (per 100 people),IT.CEL.SETS.P2,2004,1.43101573974212,Sub-Saharan Africa,Low income
Central African Republic,CAF,Mobile cellular subscriptions (per 100 people),IT.CEL.SETS.P2,2005,2.33164910546282,Sub-Saharan Africa,Low income
Central African Republic,CAF,Mobile cellular subscriptions (per 100 people),IT.CEL.SETS.P2,2006,2.51280445195849,Sub-Saharan Africa,Low income
Central African Republic,CAF,Mobile cellular subscriptions (per 100 people),IT.CEL.SETS.P2,2007,7.61858666254367,Sub-Saharan Africa,Low income
Central African Republic,CAF,Mobile cellular subscriptions (per 100 people),IT.CEL.SETS.P2,2008,12.5027857083947,Sub-Saharan Africa,Low income
Central African Republic,CAF,Mobile cellular subscriptions (per 100 people),IT.CEL.SETS.P2,2009,19.0689343696367,Sub-Saharan Africa,Low income
Central African Republic,CAF,Mobile cellular subscriptions (per 100 people),IT.CEL.SETS.P2,2010,21.7946380977499,Sub-Saharan Africa,Low income
Central African Republic,CAF,Mobile cellular subscriptions (per 100 people),IT.CEL.SETS.P2,2011,21.7401847658532,Sub-Saharan Africa,Low income
Central African Republic,CAF,Mobile cellular subscriptions (per 100 people),IT.CEL.SETS.P2,2012,24.7918387246771,Sub-Saharan Africa,Low income
Central African Republic,CAF,Mobile cellular subscriptions (per 100 people),IT.CEL.SETS.P2,2013,29.3015343940304,Sub-Saharan Africa,Low income
Central African Republic,CAF,Mobile cellular subscriptions (per 100 people),IT.CEL.SETS.P2,2014,24.9962039132355,Sub-Saharan Africa,Low income
Central African Republic,CAF,Mobile cellular subscriptions (per 100 people),IT.CEL.SETS.P2,2015,26.8396654368244,Sub-Saharan Africa,Low income
Central African Republic,CAF,Mobile cellular subscriptions (per 100 people),IT.CEL.SETS.P2,2016,26.4835649048309,Sub-Saharan Africa,Low income
Central African Republic,CAF,Mobile cellular subscriptions (per 100 people),IT.CEL.SETS.P2,2017,24.5204193752763,Sub-Saharan Africa,Low income
Central African Republic,CAF,Mobile cellular subscriptions (per 100 people),IT.CEL.SETS.P2,2018,26.2215810621653,Sub-Saharan Africa,Low income
Central African Republic,CAF,Mobile cellular subscriptions (per 100 people),IT.CEL.SETS.P2,2019,32.2626859489842,Sub-Saharan Africa,Low income
Central African Republic,CAF,Mobile cellular subscriptions (per 100 people),IT.CEL.SETS.P2,2020,36.426009643045,Sub-Saharan Africa,Low income
Central African Republic,CAF,Mobile cellular subscriptions (per 100 people),IT.CEL.SETS.P2,2021,35.8169832358522,Sub-Saharan Africa,Low income
Central African Republic,CAF,Mobile cellular subscriptions (per 100 people),IT.CEL.SETS.P2,2022,38.8217901039988,Sub-Saharan Africa,Low income
Central African Republic,CAF,Fixed broadband subscriptions (per 100 people),IT.NET.BBND.P2,2011,0.0177436204565105,Sub-Saharan Africa,Low income
Central African Republic,CAF,Fixed broadband subscriptions (per 100 people),IT.NET.BBND.P2,2012,0.0131212306282922,Sub-Saharan Africa,Low income
Central African Republic,CAF,Fixed broadband subscriptions (per 100 people),IT.NET.BBND.P2,2015,0.0401354842611874,Sub-Saharan Africa,Low income
Central African Republic,CAF,Fixed broadband subscriptions (per 100 people),IT.NET.BBND.P2,2016,0.0156141837038414,Sub-Saharan Africa,Low income
Central African Republic,CAF,Fixed broadband subscriptions (per 100 people),IT.NET.BBND.P2,2017,0.0129132904879117,Sub-Saharan Africa,Low income
Central African Republic,CAF,Fixed broadband subscriptions (per 100 people),IT.NET.BBND.P2,2018,0.0124624461199055,Sub-Saharan Africa,Low income
Central African Republic,CAF,Fixed broadband subscriptions (per 100 people),IT.NET.BBND.P2,2019,0.0100916071197805,Sub-Saharan Africa,Low income
Central African Republic,CAF,Fixed broadband subscriptions (per 100 people),IT.NET.BBND.P2,2021,0.0097611549069853,Sub-Saharan Africa,Low income
Central African Republic,CAF,Fixed broadband subscriptions (per 100 people),IT.NET.BBND.P2,2022,0.0160846160651184,Sub-Saharan Africa,Low income
Central African Republic,CAF,Secure Internet servers (per 1 million people),IT.NET.SECR.P6,2013,0.0,Sub-Saharan Africa,Low income
Central African Republic,CAF,Secure Internet servers (per 1 million people),IT.NET.SECR.P6,2014,0.2163012401415302,Sub-Saharan Africa,Low income
Central African Republic,CAF,Secure Internet servers (per 1 million people),IT.NET.SECR.P6,2015,0.2160144470462184,Sub-Saharan Africa,Low income
Central African Republic,CAF,Secure Internet servers (per 1 million people),IT.NET.SECR.P6,2016,0.2121492351065403,Sub-Saharan Africa,Low income
Central African Republic,CAF,Secure Internet servers (per 1 million people),IT.NET.SECR.P6,2017,0.4172307104333337,Sub-Saharan Africa,Low income
Central African Republic,CAF,Secure Internet servers (per 1 million people),IT.NET.SECR.P6,2018,0.6149233282848128,Sub-Saharan Africa,Low income
Central African Republic,CAF,Secure Internet servers (per 1 million people),IT.NET.SECR.P6,2019,1.0111830781343187,Sub-Saharan Africa,Low income
Central African Republic,CAF,Secure Internet servers (per 1 million people),IT.NET.SECR.P6,2020,1.1936431341249043,Sub-Saharan Africa,Low income
Central African Republic,CAF,Secure Internet servers (per 1 million people),IT.NET.SECR.P6,2021,0.9780716339664716,Sub-Saharan Africa,Low income
Central African Republic,CAF,Secure Internet servers (per 1 million people),IT.NET.SECR.P6,2022,1.961538544526631,Sub-Saharan Africa,Low income
Central African Republic,CAF,Secure Internet servers (per 1 million people),IT.NET.SECR.P6,2023,2.5230857493981955,Sub-Saharan Africa,Low income
Central African Republic,CAF,Secure Internet servers (per 1 million people),IT.NET.SECR.P6,2024,1.688336781917538,Sub-Saharan Africa,Low income
Central African Republic,CAF,Individuals using the Internet (% of population),IT.NET.USER.ZS,2000,0.0533941742150456,Sub-Saharan Africa,Low income
Central African Republic,CAF,Individuals using the Internet (% of population),IT.NET.USER.ZS,2001,0.0785434278394038,Sub-Saharan Africa,Low income
Central African Republic,CAF,Individuals using the Internet (% of population),IT.NET.USER.ZS,2002,0.128537116506299,Sub-Saharan Africa,Low income
Central African Republic,CAF,Individuals using the Internet (% of population),IT.NET.USER.ZS,2003,0.151563337940017,Sub-Saharan Africa,Low income
Central African Republic,CAF,Individuals using the Internet (% of population),IT.NET.USER.ZS,2004,0.223401395464406,Sub-Saharan Africa,Low income
Central African Republic,CAF,Individuals using the Internet (% of population),IT.NET.USER.ZS,2005,0.26820001,Sub-Saharan Africa,Low income
Central African Republic,CAF,Individuals using the Internet (% of population),IT.NET.USER.ZS,2006,0.311199993,Sub-Saharan Africa,Low income
Central African Republic,CAF,Individuals using the Internet (% of population),IT.NET.USER.ZS,2007,0.375815961044797,Sub-Saharan Africa,Low income
Central African Republic,CAF,Individuals using the Internet (% of population),IT.NET.USER.ZS,2008,1.0,Sub-Saharan Africa,Low income
Central African Republic,CAF,Individuals using the Internet (% of population),IT.NET.USER.ZS,2009,1.799999952,Sub-Saharan Africa,Low income
Central African Republic,CAF,Individuals using the Internet (% of population),IT.NET.USER.ZS,2010,2.0,Sub-Saharan Africa,Low income
Central African Republic,CAF,Individuals using the Internet (% of population),IT.NET.USER.ZS,2011,2.200000048,Sub-Saharan Africa,Low income
Central African Republic,CAF,Individuals using the Internet (% of population),IT.NET.USER.ZS,2012,2.400000095,Sub-Saharan Africa,Low income
Central African Republic,CAF,Individuals using the Internet (% of population),IT.NET.USER.ZS,2013,2.5,Sub-Saharan Africa,Low income
Central African Republic,CAF,Individuals using the Internet (% of population),IT.NET.USER.ZS,2014,2.700000048,Sub-Saharan Africa,Low income
Central African Republic,CAF,Individuals using the Internet (% of population),IT.NET.USER.ZS,2015,2.900000095,Sub-Saharan Africa,Low income
Central African Republic,CAF,Individuals using the Internet (% of population),IT.NET.USER.ZS,2016,3.099999905,Sub-Saharan Africa,Low income
Central African Republic,CAF,Individuals using the Internet (% of population),IT.NET.USER.ZS,2017,4.0,Sub-Saharan Africa,Low income
Central African Republic,CAF,Individuals using the Internet (% of population),IT.NET.USER.ZS,2018,5.099999905,Sub-Saharan Africa,Low income
Central African Republic,CAF,Individuals using the Internet (% of population),IT.NET.USER.ZS,2019,7.509200096,Sub-Saharan Africa,Low income
Central African Republic,CAF,Individuals using the Internet (% of population),IT.NET.USER.ZS,2022,13.75360012,Sub-Saharan Africa,Low income
Central African Republic,CAF,Individuals using the Internet (% of population),IT.NET.USER.ZS,2023,13.8416996,Sub-Saharan Africa,Low income
Central African Republic,CAF,Individuals using the Internet (% of population),IT.NET.USER.ZS,2024,13.78250027,Sub-Saharan Africa,Low income
Chad,TCD,Mobile cellular subscriptions (per 100 people),IT.CEL.SETS.P2,2000,0.0646139556980874,Sub-Saharan Africa,Low income
Chad,TCD,Mobile cellular subscriptions (per 100 people),IT.CEL.SETS.P2,2001,0.249882895788383,Sub-Saharan Africa,Low income
Chad,TCD,Mobile cellular subscriptions (per 100 people),IT.CEL.SETS.P2,2002,0.375156644353256,Sub-Saharan Africa,Low income
Chad,TCD,Mobile cellular subscriptions (per 100 people),IT.CEL.SETS.P2,2003,0.685087943685349,Sub-Saharan Africa,Low income
Chad,TCD,Mobile cellular subscriptions (per 100 people),IT.CEL.SETS.P2,2004,1.2399148551477,Sub-Saharan Africa,Low income
Chad,TCD,Mobile cellular subscriptions (per 100 people),IT.CEL.SETS.P2,2005,2.03328940137249,Sub-Saharan Africa,Low income
Chad,TCD,Mobile cellular subscriptions (per 100 people),IT.CEL.SETS.P2,2006,4.35334898001424,Sub-Saharan Africa,Low income
Chad,TCD,Mobile cellular subscriptions (per 100 people),IT.CEL.SETS.P2,2007,8.28716997272972,Sub-Saharan Africa,Low income
Chad,TCD,Mobile cellular subscriptions (per 100 people),IT.CEL.SETS.P2,2008,13.9417805187318,Sub-Saharan Africa,Low income
Chad,TCD,Mobile cellular subscriptions (per 100 people),IT.CEL.SETS.P2,2009,19.1808238172742,Sub-Saharan Africa,Low income
Chad,TCD,Mobile cellular subscriptions (per 100 people),IT.CEL.SETS.P2,2010,23.3525805934177,Sub-Saharan Africa,Low income
Chad,TCD,Mobile cellular subscriptions (per 100 people),IT.CEL.SETS.P2,2011,28.7390189115685,Sub-Saharan Africa,Low income
Chad,TCD,Mobile cellular subscriptions (per 100 people),IT.CEL.SETS.P2,2012,33.3228572133612,Sub-Saharan Africa,Low income
Chad,TCD,Mobile cellular subscriptions (per 100 people),IT.CEL.SETS.P2,2013,33.3154384690936,Sub-Saharan Africa,Low income
Chad,TCD,Mobile cellular subscriptions (per 100 people),IT.CEL.SETS.P2,2014,37.0123277165075,Sub-Saharan Africa,Low income
Chad,TCD,Mobile cellular subscriptions (per 100 people),IT.CEL.SETS.P2,2015,37.3152541289811,Sub-Saharan Africa,Low income
Chad,TCD,Mobile cellular subscriptions (per 100 people),IT.CEL.SETS.P2,2016,36.9555838356879,Sub-Saharan Africa,Low income
Chad,TCD,Mobile cellular subscriptions (per 100 people),IT.CEL.SETS.P2,2017,40.7648866631048,Sub-Saharan Africa,Low income
Chad,TCD,Mobile cellular subscriptions (per 100 people),IT.CEL.SETS.P2,2018,43.2279057924006,Sub-Saharan Africa,Low income
Chad,TCD,Mobile cellular subscriptions (per 100 people),IT.CEL.SETS.P2,2019,45.9378876746208,Sub-Saharan Africa,Low income
Chad,TCD,Mobile cellular subscriptions (per 100 people),IT.CEL.SETS.P2,2020,50.434327397335,Sub-Saharan Africa,Low income
Chad,TCD,Mobile cellular subscriptions (per 100 people),IT.CEL.SETS.P2,2021,58.0323175441615,Sub-Saharan Africa,Low income
Chad,TCD,Mobile cellular subscriptions (per 100 people),IT.CEL.SETS.P2,2022,65.4377795535985,Sub-Saharan Africa,Low income
Chad,TCD,Mobile cellular subscriptions (per 100 people),IT.CEL.SETS.P2,2023,70.1873962423852,Sub-Saharan Africa,Low income
Chad,TCD,Mobile cellular subscriptions (per 100 people),IT.CEL.SETS.P2,2024,72.9289782617702,Sub-Saharan Africa,Low income
Chad,TCD,Fixed broadband subscriptions (per 100 people),IT.NET.BBND.P2,2009,0.0024971089867841,Sub-Saharan Africa,Low income
Chad,TCD,Fixed broadband subscriptions (per 100 people),IT.NET.BBND.P2,2010,0.0026883084976132,Sub-Saharan Africa,Low income
Chad,TCD,Fixed broadband subscriptions (per 100 people),IT.NET.BBND.P2,2011,0.123865180054531,Sub-Saharan Africa,Low income
Chad,TCD,Fixed broadband subscriptions (per 100 people),IT.NET.BBND.P2,2012,0.147256096776337,Sub-Saharan Africa,Low income
Chad,TCD,Fixed broadband subscriptions (per 100 people),IT.NET.BBND.P2,2013,0.107288841149774,Sub-Saharan Africa,Low income
Chad,TCD,Fixed broadband subscriptions (per 100 people),IT.NET.BBND.P2,2014,0.071402000947516,Sub-Saharan Africa,Low income
Chad,TCD,Fixed broadband subscriptions (per 100 people),IT.NET.BBND.P2,2015,0.0773982341569324,Sub-Saharan Africa,Low income
Chad,TCD,Fixed broadband subscriptions (per 100 people),IT.NET.BBND.P2,2016,0.0339141052177506,Sub-Saharan Africa,Low income
Chad,TCD,Fixed broadband subscriptions (per 100 people),IT.NET.BBND.P2,2017,0.0021187038729842,Sub-Saharan Africa,Low income
Chad,TCD,Fixed broadband subscriptions (per 100 people),IT.NET.BBND.P2,2018,0.0020672754565939,Sub-Saharan Africa,Low income
Chad,TCD,Fixed broadband subscriptions (per 100 people),IT.NET.BBND.P2,2019,0.0004075462461604,Sub-Saharan Africa,Low income
Chad,TCD,Fixed broadband subscriptions (per 100 people),IT.NET.BBND.P2,2020,0.0,Sub-Saharan Africa,Low income
Chad,TCD,Fixed broadband subscriptions (per 100 people),IT.NET.BBND.P2,2021,0.0,Sub-Saharan Africa,Low income
Chad,TCD,Fixed broadband subscriptions (per 100 people),IT.NET.BBND.P2,2022,0.0,Sub-Saharan Africa,Low income
Chad,TCD,Fixed broadband subscriptions (per 100 people),IT.NET.BBND.P2,2023,0.0,Sub-Saharan Africa,Low income
Chad,TCD,Fixed broadband subscriptions (per 100 people),IT.NET.BBND.P2,2024,0.0,Sub-Saharan Africa,Low income
Chad,TCD,Secure Internet servers (per 1 million people),IT.NET.SECR.P6,2010,0.0812177793840849,Sub-Saharan Africa,Low income
Chad,TCD,Secure Internet servers (per 1 million people),IT.NET.SECR.P6,2011,0.156801291289994,Sub-Saharan Africa,Low income
Chad,TCD,Secure Internet servers (per 1 million people),IT.NET.SECR.P6,2012,0.0756945084693828,Sub-Saharan Africa,Low income
Chad,TCD,Secure Internet servers (per 1 million people),IT.NET.SECR.P6,2013,0.1460805244057097,Sub-Saharan Africa,Low income
Chad,TCD,Secure Internet servers (per 1 million people),IT.NET.SECR.P6,2014,0.140957459179777,Sub-Saharan Africa,Low income
Chad,TCD,Secure Internet servers (per 1 million people),IT.NET.SECR.P6,2015,0.3413523602228648,Sub-Saharan Africa,Low income
Chad,TCD,Secure Internet servers (per 1 million people),IT.NET.SECR.P6,2016,0.330804771924996,Sub-Saharan Africa,Low income
Chad,TCD,Secure Internet servers (per 1 million people),IT.NET.SECR.P6,2017,0.5760826240742752,Sub-Saharan Africa,Low income
Chad,TCD,Secure Internet servers (per 1 million people),IT.NET.SECR.P6,2018,0.433261323238262,Sub-Saharan Africa,Low income
Chad,TCD,Secure Internet servers (per 1 million people),IT.NET.SECR.P6,2019,0.6592659864360219,Sub-Saharan Africa,Low income
Chad,TCD,Secure Internet servers (per 1 million people),IT.NET.SECR.P6,2020,1.219180920584935,Sub-Saharan Africa,Low income
Chad,TCD,Secure Internet servers (per 1 million people),IT.NET.SECR.P6,2021,1.23399501454796,Sub-Saharan Africa,Low income
Chad,TCD,Secure Internet servers (per 1 million people),IT.NET.SECR.P6,2022,0.8669588751555378,Sub-Saharan Africa,Low income
Chad,TCD,Secure Internet servers (per 1 million people),IT.NET.SECR.P6,2023,1.2422962106238686,Sub-Saharan Africa,Low income
Chad,TCD,Secure Internet servers (per 1 million people),IT.NET.SECR.P6,2024,1.2315803002917909,Sub-Saharan Africa,Low income
Chad,TCD,Individuals using the Internet (% of population),IT.NET.USER.ZS,2000,0.03570707628555,Sub-Saharan Africa,Low income
Chad,TCD,Individuals using the Internet (% of population),IT.NET.USER.ZS,2001,0.0459341343557353,Sub-Saharan Africa,Low income
Chad,TCD,Individuals using the Internet (% of population),IT.NET.USER.ZS,2002,0.166069664674347,Sub-Saharan Africa,Low income
Chad,TCD,Individuals using the Internet (% of population),IT.NET.USER.ZS,2003,0.320308555366775,Sub-Saharan Africa,Low income
Chad,TCD,Individuals using the Internet (% of population),IT.NET.USER.ZS,2004,0.360920107034467,Sub-Saharan Africa,Low income
Chad,TCD,Individuals using the Internet (% of population),IT.NET.USER.ZS,2005,0.399257700084004,Sub-Saharan Africa,Low income
Chad,TCD,Individuals using the Internet (% of population),IT.NET.USER.ZS,2006,0.581045764229641,Sub-Saharan Africa,Low income
Chad,TCD,Individuals using the Internet (% of population),IT.NET.USER.ZS,2007,0.847224520710968,Sub-Saharan Africa,Low income
Chad,TCD,Individuals using the Internet (% of population),IT.NET.USER.ZS,2008,1.19,Sub-Saharan Africa,Low income
Chad,TCD,Individuals using the Internet (% of population),IT.NET.USER.ZS,2009,1.5,Sub-Saharan Africa,Low income
Chad,TCD,Individuals using the Internet (% of population),IT.NET.USER.ZS,2010,1.700000048,Sub-Saharan Africa,Low income
Chad,TCD,Individuals using the Internet (% of population),IT.NET.USER.ZS,2011,1.899999976,Sub-Saharan Africa,Low income
Chad,TCD,Individuals using the Internet (% of population),IT.NET.USER.ZS,2012,2.099999905,Sub-Saharan Africa,Low income
Chad,TCD,Individuals using the Internet (% of population),IT.NET.USER.ZS,2013,2.5,Sub-Saharan Africa,Low income
Chad,TCD,Individuals using the Internet (% of population),IT.NET.USER.ZS,2014,2.900000095,Sub-Saharan Africa,Low income
Chad,TCD,Individuals using the Internet (% of population),IT.NET.USER.ZS,2015,3.5,Sub-Saharan Africa,Low income
Chad,TCD,Individuals using the Internet (% of population),IT.NET.USER.ZS,2016,5.800000191,Sub-Saharan Africa,Low income
Chad,TCD,Individuals using the Internet (% of population),IT.NET.USER.ZS,2017,6.351900101,Sub-Saharan Africa,Low income
Chad,TCD,Individuals using the Internet (% of population),IT.NET.USER.ZS,2018,6.956299782,Sub-Saharan Africa,Low income
Chad,TCD,Individuals using the Internet (% of population),IT.NET.USER.ZS,2019,7.618199825,Sub-Saharan Africa,Low income
Chad,TCD,Individuals using the Internet (% of population),IT.NET.USER.ZS,2020,8.343099594,Sub-Saharan Africa,Low income
Chad,TCD,Individuals using the Internet (% of population),IT.NET.USER.ZS,2021,9.653699875,Sub-Saharan Africa,Low income
Chad,TCD,Individuals using the Internet (% of population),IT.NET.USER.ZS,2022,11.17029953,Sub-Saharan Africa,Low income
Chad,TCD,Individuals using the Internet (% of population),IT.NET.USER.ZS,2023,12.03590012,Sub-Saharan Africa,Low income
Chad,TCD,Individuals using the Internet (% of population),IT.NET.USER.ZS,2024,12.62689972,Sub-Saharan Africa,Low income
Comoros,COM,Mobile cellular subscriptions (per 100 people),IT.CEL.SETS.P2,2000,0.0,Sub-Saharan Africa,Lower middle income
Comoros,COM,Mobile cellular subscriptions (per 100 people),IT.CEL.SETS.P2,2001,0.0,Sub-Saharan Africa,Lower middle income
Comoros,COM,Mobile cellular subscriptions (per 100 people),IT.CEL.SETS.P2,2002,0.0,Sub-Saharan Africa,Lower middle income
Comoros,COM,Mobile cellular subscriptions (per 100 people),IT.CEL.SETS.P2,2003,0.351001583017139,Sub-Saharan Africa,Lower middle income
Comoros,COM,Mobile cellular subscriptions (per 100 people),IT.CEL.SETS.P2,2004,1.44273158097757,Sub-Saharan Africa,Lower middle income
Comoros,COM,Mobile cellular subscriptions (per 100 people),IT.CEL.SETS.P2,2005,2.61913318721665,Sub-Saharan Africa,Lower middle income
Comoros,COM,Mobile cellular subscriptions (per 100 people),IT.CEL.SETS.P2,2006,6.09786144095193,Sub-Saharan Africa,Lower middle income
Comoros,COM,Mobile cellular subscriptions (per 100 people),IT.CEL.SETS.P2,2007,10.0666691521039,Sub-Saharan Africa,Lower middle income
Comoros,COM,Mobile cellular subscriptions (per 100 people),IT.CEL.SETS.P2,2008,14.578099401405,Sub-Saharan Africa,Lower middle income
Comoros,COM,Mobile cellular subscriptions (per 100 people),IT.CEL.SETS.P2,2009,19.097526742862,Sub-Saharan Africa,Lower middle income
Comoros,COM,Mobile cellular subscriptions (per 100 people),IT.CEL.SETS.P2,2010,25.2396019766781,Sub-Saharan Africa,Lower middle income
Comoros,COM,Mobile cellular subscriptions (per 100 people),IT.CEL.SETS.P2,2011,32.3981821883195,Sub-Saharan Africa,Lower middle income
Comoros,COM,Mobile cellular subscriptions (per 100 people),IT.CEL.SETS.P2,2012,41.5930930270088,Sub-Saharan Africa,Lower middle income
Comoros,COM,Mobile cellular subscriptions (per 100 people),IT.CEL.SETS.P2,2013,49.9143914322486,Sub-Saharan Africa,Lower middle income
Comoros,COM,Mobile cellular subscriptions (per 100 people),IT.CEL.SETS.P2,2014,53.8297097833741,Sub-Saharan Africa,Lower middle income
Comoros,COM,Mobile cellular subscriptions (per 100 people),IT.CEL.SETS.P2,2015,58.4555555249752,Sub-Saharan Africa,Lower middle income
Comoros,COM,Mobile cellular subscriptions (per 100 people),IT.CEL.SETS.P2,2016,61.2597928387402,Sub-Saharan Africa,Lower middle income
Comoros,COM,Mobile cellular subscriptions (per 100 people),IT.CEL.SETS.P2,2017,61.9708221164076,Sub-Saharan Africa,Lower middle income
Comoros,COM,Mobile cellular subscriptions (per 100 people),IT.CEL.SETS.P2,2018,64.6590805998004,Sub-Saharan Africa,Lower middle income
Comoros,COM,Mobile cellular subscriptions (per 100 people),IT.CEL.SETS.P2,2019,73.1291747290161,Sub-Saharan Africa,Lower middle income
Comoros,COM,Mobile cellular subscriptions (per 100 people),IT.CEL.SETS.P2,2020,97.4339379901591,Sub-Saharan Africa,Lower middle income
Comoros,COM,Mobile cellular subscriptions (per 100 people),IT.CEL.SETS.P2,2021,104.311430086999,Sub-Saharan Africa,Lower middle income
Comoros,COM,Mobile cellular subscriptions (per 100 people),IT.CEL.SETS.P2,2022,100.549036907747,Sub-Saharan Africa,Lower middle income
Comoros,COM,Mobile cellular subscriptions (per 100 people),IT.CEL.SETS.P2,2023,109.855630436495,Sub-Saharan Africa,Lower middle income
Comoros,COM,Fixed broadband subscriptions (per 100 people),IT.NET.BBND.P2,2004,0.0001722047721386,Sub-Saharan Africa,Lower middle income
Comoros,COM,Fixed broadband subscriptions (per 100 people),IT.NET.BBND.P2,2005,0.0006749038683802,Sub-Saharan Africa,Lower middle income
Comoros,COM,Fixed broadband subscriptions (per 100 people),IT.NET.BBND.P2,2007,0.0132916860503755,Sub-Saharan Africa,Lower middle income
Comoros,COM,Fixed broadband subscriptions (per 100 people),IT.NET.BBND.P2,2008,0.0174795449597732,Sub-Saharan Africa,Lower middle income
Comoros,COM,Fixed broadband subscriptions (per 100 people),IT.NET.BBND.P2,2009,0.0102812225931424,Sub-Saharan Africa,Lower middle income
Comoros,COM,Fixed broadband subscriptions (per 100 people),IT.NET.BBND.P2,2010,0.0502415872065677,Sub-Saharan Africa,Lower middle income
Comoros,COM,Fixed broadband subscriptions (per 100 people),IT.NET.BBND.P2,2011,0.0598752200414337,Sub-Saharan Africa,Lower middle income
Comoros,COM,Fixed broadband subscriptions (per 100 people),IT.NET.BBND.P2,2012,0.180889925619471,Sub-Saharan Africa,Lower middle income
Comoros,COM,Fixed broadband subscriptions (per 100 people),IT.NET.BBND.P2,2013,0.186730097444383,Sub-Saharan Africa,Lower middle income
Comoros,COM,Fixed broadband subscriptions (per 100 people),IT.NET.BBND.P2,2014,0.222486763934938,Sub-Saharan Africa,Lower middle income
Comoros,COM,Fixed broadband subscriptions (per 100 people),IT.NET.BBND.P2,2015,0.220178840263004,Sub-Saharan Africa,Lower middle income
Comoros,COM,Fixed broadband subscriptions (per 100 people),IT.NET.BBND.P2,2016,0.220292527984836,Sub-Saharan Africa,Lower middle income
Comoros,COM,Fixed broadband subscriptions (per 100 people),IT.NET.BBND.P2,2017,0.217268052477371,Sub-Saharan Africa,Lower middle income
Comoros,COM,Fixed broadband subscriptions (per 100 people),IT.NET.BBND.P2,2018,0.198421441439106,Sub-Saharan Africa,Lower middle income
Comoros,COM,Fixed broadband subscriptions (per 100 people),IT.NET.BBND.P2,2019,0.162475940084772,Sub-Saharan Africa,Lower middle income
Comoros,COM,Fixed broadband subscriptions (per 100 people),IT.NET.BBND.P2,2020,0.148099575772006,Sub-Saharan Africa,Lower middle income
Comoros,COM,Fixed broadband subscriptions (per 100 people),IT.NET.BBND.P2,2021,0.150456993255713,Sub-Saharan Africa,Lower middle income
Comoros,COM,Fixed broadband subscriptions (per 100 people),IT.NET.BBND.P2,2022,0.219375008990779,Sub-Saharan Africa,Lower middle income
Comoros,COM,Fixed broadband subscriptions (per 100 people),IT.NET.BBND.P2,2023,0.387941019794517,Sub-Saharan Africa,Lower middle income
Comoros,COM,Secure Internet servers (per 1 million people),IT.NET.SECR.P6,2010,0.0,Sub-Saharan Africa,Lower middle income
Comoros,COM,Secure Internet servers (per 1 million people),IT.NET.SECR.P6,2011,1.4968805010358412,Sub-Saharan Africa,Lower middle income
Comoros,COM,Secure Internet servers (per 1 million people),IT.NET.SECR.P6,2012,0.0,Sub-Saharan Africa,Lower middle income
Comoros,COM,Secure Internet servers (per 1 million people),IT.NET.SECR.P6,2013,1.4363853649567937,Sub-Saharan Africa,Lower middle income
Comoros,COM,Secure Internet servers (per 1 million people),IT.NET.SECR.P6,2014,4.216426353789092,Sub-Saharan Africa,Lower middle income
Comoros,COM,Secure Internet servers (per 1 million people),IT.NET.SECR.P6,2015,1.3761177516437728,Sub-Saharan Africa,Lower middle income
Comoros,COM,Secure Internet servers (per 1 million people),IT.NET.SECR.P6,2016,63.364435834071465,Sub-Saharan Africa,Lower middle income
Comoros,COM,Secure Internet servers (per 1 million people),IT.NET.SECR.P6,2017,5.2863273108849445,Sub-Saharan Africa,Lower middle income
Comoros,COM,Secure Internet servers (per 1 million people),IT.NET.SECR.P6,2018,7.776150546274575,Sub-Saharan Africa,Lower middle income
Comoros,COM,Secure Internet servers (per 1 million people),IT.NET.SECR.P6,2019,7.627978407735787,Sub-Saharan Africa,Lower middle income
Comoros,COM,Secure Internet servers (per 1 million people),IT.NET.SECR.P6,2020,9.97303540552232,Sub-Saharan Africa,Lower middle income
Comoros,COM,Secure Internet servers (per 1 million people),IT.NET.SECR.P6,2021,18.333508520192527,Sub-Saharan Africa,Lower middle income
Comoros,COM,Secure Internet servers (per 1 million people),IT.NET.SECR.P6,2022,26.37295190053081,Sub-Saharan Africa,Lower middle income
Comoros,COM,Secure Internet servers (per 1 million people),IT.NET.SECR.P6,2023,18.814963069755297,Sub-Saharan Africa,Lower middle income
Comoros,COM,Secure Internet servers (per 1 million people),IT.NET.SECR.P6,2024,16.154566896061517,Sub-Saharan Africa,Lower middle income
Comoros,COM,Individuals using the Internet (% of population),IT.NET.USER.ZS,2000,0.271740607285909,Sub-Saharan Africa,Lower middle income
Comoros,COM,Individuals using the Internet (% of population),IT.NET.USER.ZS,2001,0.443068372538977,Sub-Saharan Africa,Lower middle income
Comoros,COM,Individuals using the Internet (% of population),IT.NET.USER.ZS,2002,0.554869674985088,Sub-Saharan Africa,Lower middle income
Comoros,COM,Individuals using the Internet (% of population),IT.NET.USER.ZS,2003,0.848189370151537,Sub-Saharan Africa,Lower middle income
Comoros,COM,Individuals using the Internet (% of population),IT.NET.USER.ZS,2004,1.32732717785355,Sub-Saharan Africa,Lower middle income
Comoros,COM,Individuals using the Internet (% of population),IT.NET.USER.ZS,2005,2.0,Sub-Saharan Africa,Lower middle income
Comoros,COM,Individuals using the Internet (% of population),IT.NET.USER.ZS,2006,2.200000048,Sub-Saharan Africa,Lower middle income
Comoros,COM,Individuals using the Internet (% of population),IT.NET.USER.ZS,2007,2.5,Sub-Saharan Africa,Lower middle income
Comoros,COM,Individuals using the Internet (% of population),IT.NET.USER.ZS,2008,3.0,Sub-Saharan Africa,Lower middle income
Comoros,COM,Individuals using the Internet (% of population),IT.NET.USER.ZS,2009,3.5,Sub-Saharan Africa,Lower middle income
Comoros,COM,Individuals using the Internet (% of population),IT.NET.USER.ZS,2010,5.099999905,Sub-Saharan Africa,Lower middle income
Comoros,COM,Individuals using the Internet (% of population),IT.NET.USER.ZS,2011,5.5,Sub-Saharan Africa,Lower middle income
Comoros,COM,Individuals using the Internet (% of population),IT.NET.USER.ZS,2012,5.975299835,Sub-Saharan Africa,Lower middle income
Comoros,COM,Individuals using the Internet (% of population),IT.NET.USER.ZS,2013,6.5,Sub-Saharan Africa,Lower middle income
Comoros,COM,Individuals using the Internet (% of population),IT.NET.USER.ZS,2014,6.980000019,Sub-Saharan Africa,Lower middle income
Comoros,COM,Individuals using the Internet (% of population),IT.NET.USER.ZS,2015,7.459199905,Sub-Saharan Africa,Lower middle income
Comoros,COM,Individuals using the Internet (% of population),IT.NET.USER.ZS,2016,7.938300133,Sub-Saharan Africa,Lower middle income
Comoros,COM,Individuals using the Internet (% of population),IT.NET.USER.ZS,2017,8.478199959,Sub-Saharan Africa,Lower middle income
Comoros,COM,Individuals using the Internet (% of population),IT.NET.USER.ZS,2019,16.38380051,Sub-Saharan Africa,Lower middle income
Comoros,COM,Individuals using the Internet (% of population),IT.NET.USER.ZS,2020,22.42040062,Sub-Saharan Africa,Lower middle income
Comoros,COM,Individuals using the Internet (% of population),IT.NET.USER.ZS,2021,30.68120003,Sub-Saharan Africa,Lower middle income
Comoros,COM,Individuals using the Internet (% of population),IT.NET.USER.ZS,2022,31.37409973,Sub-Saharan Africa,Lower middle income
Comoros,COM,Individuals using the Internet (% of population),IT.NET.USER.ZS,2023,31.92749977,Sub-Saharan Africa,Lower middle income
Comoros,COM,Individuals using the Internet (% of population),IT.NET.USER.ZS,2024,32.51750183,Sub-Saharan Africa,Lower middle income
Dem. Rep. Congo,COD,Mobile cellular subscriptions (per 100 people),IT.CEL.SETS.P2,2000,0.0296985937240694,Sub-Saharan Africa,Low income
Dem. Rep. Congo,COD,Mobile cellular subscriptions (per 100 people),IT.CEL.SETS.P2,2001,0.287727578607846,Sub-Saharan Africa,Low income
Dem. Rep. Congo,COD,Mobile cellular subscriptions (per 100 people),IT.CEL.SETS.P2,2002,1.04185030828723,Sub-Saharan Africa,Low income
Dem. Rep. Congo,COD,Mobile cellular subscriptions (per 100 people),IT.CEL.SETS.P2,2003,2.25178518877259,Sub-Saharan Africa,Low income
Dem. Rep. Congo,COD,Mobile cellular subscriptions (per 100 people),IT.CEL.SETS.P2,2004,3.49263315540874,Sub-Saharan Africa,Low income
Dem. Rep. Congo,COD,Mobile cellular subscriptions (per 100 people),IT.CEL.SETS.P2,2005,4.672156824474,Sub-Saharan Africa,Low income
Dem. Rep. Congo,COD,Mobile cellular subscriptions (per 100 people),IT.CEL.SETS.P2,2006,7.28434192555525,Sub-Saharan Africa,Low income
Dem. Rep. Congo,COD,Mobile cellular subscriptions (per 100 people),IT.CEL.SETS.P2,2007,10.5509558026352,Sub-Saharan Africa,Low income
Dem. Rep. Congo,COD,Mobile cellular subscriptions (per 100 people),IT.CEL.SETS.P2,2008,15.4333274152911,Sub-Saharan Africa,Low income
Dem. Rep. Congo,COD,Mobile cellular subscriptions (per 100 people),IT.CEL.SETS.P2,2009,14.2422314241676,Sub-Saharan Africa,Low income
Dem. Rep. Congo,COD,Mobile cellular subscriptions (per 100 people),IT.CEL.SETS.P2,2010,17.2401170438218,Sub-Saharan Africa,Low income
Dem. Rep. Congo,COD,Mobile cellular subscriptions (per 100 people),IT.CEL.SETS.P2,2011,22.081904226281,Sub-Saharan Africa,Low income
Dem. Rep. Congo,COD,Mobile cellular subscriptions (per 100 people),IT.CEL.SETS.P2,2012,27.4285479176207,Sub-Saharan Africa,Low income
Dem. Rep. Congo,COD,Mobile cellular subscriptions (per 100 people),IT.CEL.SETS.P2,2013,37.2504622843341,Sub-Saharan Africa,Low income
Dem. Rep. Congo,COD,Mobile cellular subscriptions (per 100 people),IT.CEL.SETS.P2,2014,47.3232446178692,Sub-Saharan Africa,Low income
Dem. Rep. Congo,COD,Mobile cellular subscriptions (per 100 people),IT.CEL.SETS.P2,2015,46.5879368397055,Sub-Saharan Africa,Low income
Dem. Rep. Congo,COD,Mobile cellular subscriptions (per 100 people),IT.CEL.SETS.P2,2016,34.4098982787676,Sub-Saharan Africa,Low income
Dem. Rep. Congo,COD,Mobile cellular subscriptions (per 100 people),IT.CEL.SETS.P2,2017,40.6222618919854,Sub-Saharan Africa,Low income
Dem. Rep. Congo,COD,Mobile cellular subscriptions (per 100 people),IT.CEL.SETS.P2,2018,40.5014483221793,Sub-Saharan Africa,Low income
Dem. Rep. Congo,COD,Mobile cellular subscriptions (per 100 people),IT.CEL.SETS.P2,2019,39.9399996397964,Sub-Saharan Africa,Low income
Dem. Rep. Congo,COD,Mobile cellular subscriptions (per 100 people),IT.CEL.SETS.P2,2020,42.5027574227056,Sub-Saharan Africa,Low income
Dem. Rep. Congo,COD,Mobile cellular subscriptions (per 100 people),IT.CEL.SETS.P2,2021,47.2882541992485,Sub-Saharan Africa,Low income
Dem. Rep. Congo,COD,Mobile cellular subscriptions (per 100 people),IT.CEL.SETS.P2,2022,48.6773534153863,Sub-Saharan Africa,Low income
Dem. Rep. Congo,COD,Mobile cellular subscriptions (per 100 people),IT.CEL.SETS.P2,2023,53.1888827659463,Sub-Saharan Africa,Low income
Dem. Rep. Congo,COD,Mobile cellular subscriptions (per 100 people),IT.CEL.SETS.P2,2024,58.532153345468,Sub-Saharan Africa,Low income
Dem. Rep. Congo,COD,Fixed broadband subscriptions (per 100 people),IT.NET.BBND.P2,2010,0.0,Sub-Saharan Africa,Low income
Dem. Rep. Congo,COD,Fixed broadband subscriptions (per 100 people),IT.NET.BBND.P2,2013,0.0005937506164285,Sub-Saharan Africa,Low income
Dem. Rep. Congo,COD,Fixed broadband subscriptions (per 100 people),IT.NET.BBND.P2,2014,0.0006377287306563,Sub-Saharan Africa,Low income
Dem. Rep. Congo,COD,Fixed broadband subscriptions (per 100 people),IT.NET.BBND.P2,2015,0.0012340265901385,Sub-Saharan Africa,Low income
Dem. Rep. Congo,COD,Fixed broadband subscriptions (per 100 people),IT.NET.BBND.P2,2016,0.0011910942123958,Sub-Saharan Africa,Low income
Dem. Rep. Congo,COD,Fixed broadband subscriptions (per 100 people),IT.NET.BBND.P2,2017,0.0011483245061245,Sub-Saharan Africa,Low income
Dem. Rep. Congo,COD,Fixed broadband subscriptions (per 100 people),IT.NET.BBND.P2,2018,0.0051306172985492,Sub-Saharan Africa,Low income
Dem. Rep. Congo,COD,Fixed broadband subscriptions (per 100 people),IT.NET.BBND.P2,2019,0.012802934372309,Sub-Saharan Africa,Low income
Dem. Rep. Congo,COD,Fixed broadband subscriptions (per 100 people),IT.NET.BBND.P2,2020,0.0322950314052512,Sub-Saharan Africa,Low income
Dem. Rep. Congo,COD,Fixed broadband subscriptions (per 100 people),IT.NET.BBND.P2,2021,0.0312660957356555,Sub-Saharan Africa,Low income
Dem. Rep. Congo,COD,Fixed broadband subscriptions (per 100 people),IT.NET.BBND.P2,2022,0.0322275167366284,Sub-Saharan Africa,Low income
Dem. Rep. Congo,COD,Fixed broadband subscriptions (per 100 people),IT.NET.BBND.P2,2023,0.0219936280960956,Sub-Saharan Africa,Low income
Dem. Rep. Congo,COD,Fixed broadband subscriptions (per 100 people),IT.NET.BBND.P2,2024,0.0320289131404702,Sub-Saharan Africa,Low income
Dem. Rep. Congo,COD,Secure Internet servers (per 1 million people),IT.NET.SECR.P6,2010,0.0583404720193408,Sub-Saharan Africa,Low income
Dem. Rep. Congo,COD,Secure Internet servers (per 1 million people),IT.NET.SECR.P6,2011,0.0705723165042494,Sub-Saharan Africa,Low income
Dem. Rep. Congo,COD,Secure Internet servers (per 1 million people),IT.NET.SECR.P6,2012,0.1638121981606675,Sub-Saharan Africa,Low income
Dem. Rep. Congo,COD,Secure Internet servers (per 1 million people),IT.NET.SECR.P6,2013,0.1451390395714334,Sub-Saharan Africa,Low income
Dem. Rep. Congo,COD,Secure Internet servers (per 1 million people),IT.NET.SECR.P6,2014,0.3316189399412846,Sub-Saharan Africa,Low income
Dem. Rep. Congo,COD,Secure Internet servers (per 1 million people),IT.NET.SECR.P6,2015,0.48127037015405,Sub-Saharan Africa,Low income
Dem. Rep. Congo,COD,Secure Internet servers (per 1 million people),IT.NET.SECR.P6,2016,0.5955471061979004,Sub-Saharan Africa,Low income
Dem. Rep. Congo,COD,Secure Internet servers (per 1 million people),IT.NET.SECR.P6,2017,2.3885149727391206,Sub-Saharan Africa,Low income
Dem. Rep. Congo,COD,Secure Internet servers (per 1 million people),IT.NET.SECR.P6,2018,2.631940042762252,Sub-Saharan Africa,Low income
Dem. Rep. Congo,COD,Secure Internet servers (per 1 million people),IT.NET.SECR.P6,2019,2.8295560839640967,Sub-Saharan Africa,Low income
Dem. Rep. Congo,COD,Secure Internet servers (per 1 million people),IT.NET.SECR.P6,2020,3.5941244628424727,Sub-Saharan Africa,Low income
Dem. Rep. Congo,COD,Secure Internet servers (per 1 million people),IT.NET.SECR.P6,2021,4.700000197682412,Sub-Saharan Africa,Low income
Dem. Rep. Congo,COD,Secure Internet servers (per 1 million people),IT.NET.SECR.P6,2022,5.957207639194942,Sub-Saharan Africa,Low income
Dem. Rep. Congo,COD,Secure Internet servers (per 1 million people),IT.NET.SECR.P6,2023,8.828834246681277,Sub-Saharan Africa,Low income
Dem. Rep. Congo,COD,Secure Internet servers (per 1 million people),IT.NET.SECR.P6,2024,9.663580650381856,Sub-Saharan Africa,Low income
Dem. Rep. Congo,COD,Individuals using the Internet (% of population),IT.NET.USER.ZS,2000,0.0059021136806903,Sub-Saharan Africa,Low income
Dem. Rep. Congo,COD,Individuals using the Internet (% of population),IT.NET.USER.ZS,2001,0.0114757819210493,Sub-Saharan Africa,Low income
Dem. Rep. Congo,COD,Individuals using the Internet (% of population),IT.NET.USER.ZS,2002,0.0927907024606925,Sub-Saharan Africa,Low income
Dem. Rep. Congo,COD,Individuals using the Internet (% of population),IT.NET.USER.ZS,2003,0.134914837437335,Sub-Saharan Africa,Low income
Dem. Rep. Congo,COD,Individuals using the Internet (% of population),IT.NET.USER.ZS,2004,0.196208375178039,Sub-Saharan Africa,Low income
Dem. Rep. Congo,COD,Individuals using the Internet (% of population),IT.NET.USER.ZS,2005,0.238000005,Sub-Saharan Africa,Low income
Dem. Rep. Congo,COD,Individuals using the Internet (% of population),IT.NET.USER.ZS,2006,0.296099991,Sub-Saharan Africa,Low income
Dem. Rep. Congo,COD,Individuals using the Internet (% of population),IT.NET.USER.ZS,2007,0.370000005,Sub-Saharan Africa,Low income
Dem. Rep. Congo,COD,Individuals using the Internet (% of population),IT.NET.USER.ZS,2008,0.439999998,Sub-Saharan Africa,Low income
Dem. Rep. Congo,COD,Individuals using the Internet (% of population),IT.NET.USER.ZS,2009,0.560000002,Sub-Saharan Africa,Low income
Dem. Rep. Congo,COD,Individuals using the Internet (% of population),IT.NET.USER.ZS,2010,0.72,Sub-Saharan Africa,Low income
Dem. Rep. Congo,COD,Individuals using the Internet (% of population),IT.NET.USER.ZS,2011,1.200000048,Sub-Saharan Africa,Low income
Dem. Rep. Congo,COD,Individuals using the Internet (% of population),IT.NET.USER.ZS,2012,1.679999948,Sub-Saharan Africa,Low income
Dem. Rep. Congo,COD,Individuals using the Internet (% of population),IT.NET.USER.ZS,2013,2.200000048,Sub-Saharan Africa,Low income
Dem. Rep. Congo,COD,Individuals using the Internet (% of population),IT.NET.USER.ZS,2014,3.0,Sub-Saharan Africa,Low income
Dem. Rep. Congo,COD,Individuals using the Internet (% of population),IT.NET.USER.ZS,2015,3.799999952,Sub-Saharan Africa,Low income
Dem. Rep. Congo,COD,Individuals using the Internet (% of population),IT.NET.USER.ZS,2016,10.1,Sub-Saharan Africa,Low income
Dem. Rep. Congo,COD,Individuals using the Internet (% of population),IT.NET.USER.ZS,2018,11.69999981,Sub-Saharan Africa,Low income
Dem. Rep. Congo,COD,Individuals using the Internet (% of population),IT.NET.USER.ZS,2019,13.02970028,Sub-Saharan Africa,Low income
Dem. Rep. Congo,COD,Individuals using the Internet (% of population),IT.NET.USER.ZS,2020,14.51049995,Sub-Saharan Africa,Low income
Dem. Rep. Congo,COD,Individuals using the Internet (% of population),IT.NET.USER.ZS,2021,16.1595993,Sub-Saharan Africa,Low income
Dem. Rep. Congo,COD,Individuals using the Internet (% of population),IT.NET.USER.ZS,2022,17.99620056,Sub-Saharan Africa,Low income
Dem. Rep. Congo,COD,Individuals using the Internet (% of population),IT.NET.USER.ZS,2023,18.96789932,Sub-Saharan Africa,Low income
Dem. Rep. Congo,COD,Individuals using the Internet (% of population),IT.NET.USER.ZS,2024,19.67350006,Sub-Saharan Africa,Low income
Rep. Congo,COG,Mobile cellular subscriptions (per 100 people),IT.CEL.SETS.P2,2000,2.22127377357922,Sub-Saharan Africa,Lower middle income
Rep. Congo,COG,Mobile cellular subscriptions (per 100 people),IT.CEL.SETS.P2,2001,4.58359981873391,Sub-Saharan Africa,Lower middle income
Rep. Congo,COG,Mobile cellular subscriptions (per 100 people),IT.CEL.SETS.P2,2002,6.61937207884394,Sub-Saharan Africa,Lower middle income
Rep. Congo,COG,Mobile cellular subscriptions (per 100 people),IT.CEL.SETS.P2,2003,9.57700682550374,Sub-Saharan Africa,Lower middle income
Rep. Congo,COG,Mobile cellular subscriptions (per 100 people),IT.CEL.SETS.P2,2004,10.7599828806407,Sub-Saharan Africa,Lower middle income
Rep. Congo,COG,Mobile cellular subscriptions (per 100 people),IT.CEL.SETS.P2,2005,15.1009916964998,Sub-Saharan Africa,Lower middle income
Rep. Congo,COG,Mobile cellular subscriptions (per 100 people),IT.CEL.SETS.P2,2006,23.9093357002081,Sub-Saharan Africa,Lower middle income
Rep. Congo,COG,Mobile cellular subscriptions (per 100 people),IT.CEL.SETS.P2,2007,32.3490426913675,Sub-Saharan Africa,Lower middle income
Rep. Congo,COG,Mobile cellular subscriptions (per 100 people),IT.CEL.SETS.P2,2008,43.9283464733463,Sub-Saharan Africa,Lower middle income
Rep. Congo,COG,Mobile cellular subscriptions (per 100 people),IT.CEL.SETS.P2,2009,68.8659935406248,Sub-Saharan Africa,Lower middle income
Rep. Congo,COG,Mobile cellular subscriptions (per 100 people),IT.CEL.SETS.P2,2010,83.3372102664775,Sub-Saharan Africa,Lower middle income
Rep. Congo,COG,Mobile cellular subscriptions (per 100 people),IT.CEL.SETS.P2,2011,84.2730931396327,Sub-Saharan Africa,Lower middle income
Rep. Congo,COG,Mobile cellular subscriptions (per 100 people),IT.CEL.SETS.P2,2012,90.3528989863831,Sub-Saharan Africa,Lower middle income
Rep. Congo,COG,Mobile cellular subscriptions (per 100 people),IT.CEL.SETS.P2,2013,95.9371427265534,Sub-Saharan Africa,Lower middle income
Rep. Congo,COG,Mobile cellular subscriptions (per 100 people),IT.CEL.SETS.P2,2014,99.0799617354116,Sub-Saharan Africa,Lower middle income
Rep. Congo,COG,Mobile cellular subscriptions (per 100 people),IT.CEL.SETS.P2,2015,102.323043027664,Sub-Saharan Africa,Lower middle income
Rep. Congo,COG,Mobile cellular subscriptions (per 100 people),IT.CEL.SETS.P2,2016,103.857589492921,Sub-Saharan Africa,Lower middle income
Rep. Congo,COG,Mobile cellular subscriptions (per 100 people),IT.CEL.SETS.P2,2017,94.4868175378447,Sub-Saharan Africa,Lower middle income
Rep. Congo,COG,Mobile cellular subscriptions (per 100 people),IT.CEL.SETS.P2,2018,91.1889913731567,Sub-Saharan Africa,Lower middle income
Rep. Congo,COG,Mobile cellular subscriptions (per 100 people),IT.CEL.SETS.P2,2019,91.0654212529473,Sub-Saharan Africa,Lower middle income
Rep. Congo,COG,Mobile cellular subscriptions (per 100 people),IT.CEL.SETS.P2,2020,97.6561289989503,Sub-Saharan Africa,Lower middle income
Rep. Congo,COG,Mobile cellular subscriptions (per 100 people),IT.CEL.SETS.P2,2021,95.8614998889206,Sub-Saharan Africa,Lower middle income
Rep. Congo,COG,Mobile cellular subscriptions (per 100 people),IT.CEL.SETS.P2,2022,93.6259259161068,Sub-Saharan Africa,Lower middle income
Rep. Congo,COG,Mobile cellular subscriptions (per 100 people),IT.CEL.SETS.P2,2023,94.8715365076336,Sub-Saharan Africa,Lower middle income
Rep. Congo,COG,Mobile cellular subscriptions (per 100 people),IT.CEL.SETS.P2,2024,95.5319320614796,Sub-Saharan Africa,Lower middle income
Rep. Congo,COG,Fixed broadband subscriptions (per 100 people),IT.NET.BBND.P2,2009,0.0029197291705937,Sub-Saharan Africa,Lower middle income
Rep. Congo,COG,Fixed broadband subscriptions (per 100 people),IT.NET.BBND.P2,2010,0.0056025045436311,Sub-Saharan Africa,Lower middle income
Rep. Congo,COG,Fixed broadband subscriptions (per 100 people),IT.NET.BBND.P2,2011,0.0284398805655176,Sub-Saharan Africa,Lower middle income
Rep. Congo,COG,Fixed broadband subscriptions (per 100 people),IT.NET.BBND.P2,2012,0.0293643008575135,Sub-Saharan Africa,Lower middle income
Rep. Congo,COG,Fixed broadband subscriptions (per 100 people),IT.NET.BBND.P2,2013,0.0090177284836071,Sub-Saharan Africa,Lower middle income
Rep. Congo,COG,Fixed broadband subscriptions (per 100 people),IT.NET.BBND.P2,2014,0.0100484738377935,Sub-Saharan Africa,Lower middle income
Rep. Congo,COG,Fixed broadband subscriptions (per 100 people),IT.NET.BBND.P2,2021,0.256899692355108,Sub-Saharan Africa,Lower middle income
Rep. Congo,COG,Fixed broadband subscriptions (per 100 people),IT.NET.BBND.P2,2022,0.435883126454822,Sub-Saharan Africa,Lower middle income
Rep. Congo,COG,Fixed broadband subscriptions (per 100 people),IT.NET.BBND.P2,2023,1.26798412068153,Sub-Saharan Africa,Lower middle income
Rep. Congo,COG,Secure Internet servers (per 1 million people),IT.NET.SECR.P6,2010,0.0,Sub-Saharan Africa,Lower middle income
Rep. Congo,COG,Secure Internet servers (per 1 million people),IT.NET.SECR.P6,2011,0.2169327274257634,Sub-Saharan Africa,Lower middle income
Rep. Congo,COG,Secure Internet servers (per 1 million people),IT.NET.SECR.P6,2012,1.6876034975582488,Sub-Saharan Africa,Lower middle income
Rep. Congo,COG,Secure Internet servers (per 1 million people),IT.NET.SECR.P6,2013,1.8529579075905185,Sub-Saharan Africa,Lower middle income
Rep. Congo,COG,Secure Internet servers (per 1 million people),IT.NET.SECR.P6,2014,3.014542151338055,Sub-Saharan Africa,Lower middle income
Rep. Congo,COG,Secure Internet servers (per 1 million people),IT.NET.SECR.P6,2015,3.531086607549738,Sub-Saharan Africa,Lower middle income
Rep. Congo,COG,Secure Internet servers (per 1 million people),IT.NET.SECR.P6,2016,4.403990704898923,Sub-Saharan Africa,Lower middle income
Rep. Congo,COG,Secure Internet servers (per 1 million people),IT.NET.SECR.P6,2017,4.485133743885034,Sub-Saharan Africa,Lower middle income
Rep. Congo,COG,Secure Internet servers (per 1 million people),IT.NET.SECR.P6,2018,5.836095447882027,Sub-Saharan Africa,Lower middle income
Rep. Congo,COG,Secure Internet servers (per 1 million people),IT.NET.SECR.P6,2019,5.875376847561211,Sub-Saharan Africa,Lower middle income
Rep. Congo,COG,Secure Internet servers (per 1 million people),IT.NET.SECR.P6,2020,7.996118753488525,Sub-Saharan Africa,Lower middle income
Rep. Congo,COG,Secure Internet servers (per 1 million people),IT.NET.SECR.P6,2021,10.182983115086548,Sub-Saharan Africa,Lower middle income
Rep. Congo,COG,Secure Internet servers (per 1 million people),IT.NET.SECR.P6,2022,11.764503146921744,Sub-Saharan Africa,Lower middle income
Rep. Congo,COG,Secure Internet servers (per 1 million people),IT.NET.SECR.P6,2023,18.59973135518452,Sub-Saharan Africa,Lower middle income
Rep. Congo,COG,Secure Internet servers (per 1 million people),IT.NET.SECR.P6,2024,16.579922093314647,Sub-Saharan Africa,Lower middle income
Rep. Congo,COG,Individuals using the Internet (% of population),IT.NET.USER.ZS,2000,0.0263547320580279,Sub-Saharan Africa,Lower middle income
Rep. Congo,COG,Individuals using the Internet (% of population),IT.NET.USER.ZS,2001,0.0322236164306931,Sub-Saharan Africa,Lower middle income
Rep. Congo,COG,Individuals using the Internet (% of population),IT.NET.USER.ZS,2002,0.157249517243982,Sub-Saharan Africa,Lower middle income
Rep. Congo,COG,Individuals using the Internet (% of population),IT.NET.USER.ZS,2003,0.460014186837522,Sub-Saharan Africa,Lower middle income
Rep. Congo,COG,Individuals using the Internet (% of population),IT.NET.USER.ZS,2004,1.07750492958505,Sub-Saharan Africa,Lower middle income
Rep. Congo,COG,Individuals using the Internet (% of population),IT.NET.USER.ZS,2005,1.463400006,Sub-Saharan Africa,Lower middle income
Rep. Congo,COG,Individuals using the Internet (% of population),IT.NET.USER.ZS,2006,2.007999897,Sub-Saharan Africa,Lower middle income
Rep. Congo,COG,Individuals using the Internet (% of population),IT.NET.USER.ZS,2007,2.75970437370903,Sub-Saharan Africa,Lower middle income
Rep. Congo,COG,Individuals using the Internet (% of population),IT.NET.USER.ZS,2008,4.28750990276481,Sub-Saharan Africa,Lower middle income
Rep. Congo,COG,Individuals using the Internet (% of population),IT.NET.USER.ZS,2009,4.5,Sub-Saharan Africa,Lower middle income
Rep. Congo,COG,Individuals using the Internet (% of population),IT.NET.USER.ZS,2010,5.0,Sub-Saharan Africa,Lower middle income
Rep. Congo,COG,Individuals using the Internet (% of population),IT.NET.USER.ZS,2011,5.6,Sub-Saharan Africa,Lower middle income
Rep. Congo,COG,Individuals using the Internet (% of population),IT.NET.USER.ZS,2012,6.106699944,Sub-Saharan Africa,Lower middle income
Rep. Congo,COG,Individuals using the Internet (% of population),IT.NET.USER.ZS,2013,6.599999905,Sub-Saharan Africa,Lower middle income
Rep. Congo,COG,Individuals using the Internet (% of population),IT.NET.USER.ZS,2014,7.110000134,Sub-Saharan Africa,Lower middle income
Rep. Congo,COG,Individuals using the Internet (% of population),IT.NET.USER.ZS,2015,7.616000175,Sub-Saharan Africa,Lower middle income
Rep. Congo,COG,Individuals using the Internet (% of population),IT.NET.USER.ZS,2016,8.121899605,Sub-Saharan Africa,Lower middle income
Rep. Congo,COG,Individuals using the Internet (% of population),IT.NET.USER.ZS,2017,8.649999619,Sub-Saharan Africa,Lower middle income
Rep. Congo,COG,Individuals using the Internet (% of population),IT.NET.USER.ZS,2018,11.8071003,Sub-Saharan Africa,Lower middle income
Rep. Congo,COG,Individuals using the Internet (% of population),IT.NET.USER.ZS,2019,16.11639977,Sub-Saharan Africa,Lower middle income
Rep. Congo,COG,Individuals using the Internet (% of population),IT.NET.USER.ZS,2020,21.99850082,Sub-Saharan Africa,Lower middle income
Rep. Congo,COG,Individuals using the Internet (% of population),IT.NET.USER.ZS,2021,30.02739906,Sub-Saharan Africa,Lower middle income
Rep. Congo,COG,Individuals using the Internet (% of population),IT.NET.USER.ZS,2022,40.98669815,Sub-Saharan Africa,Lower middle income
Rep. Congo,COG,Individuals using the Internet (% of population),IT.NET.USER.ZS,2023,43.15039825,Sub-Saharan Africa,Lower middle income
Rep. Congo,COG,Individuals using the Internet (% of population),IT.NET.USER.ZS,2024,47.25159836,Sub-Saharan Africa,Lower middle income
Cote d'Ivoire,CIV,Mobile cellular subscriptions (per 100 people),IT.CEL.SETS.P2,2000,2.67219556535498,Sub-Saharan Africa,Lower middle income
Cote d'Ivoire,CIV,Mobile cellular subscriptions (per 100 people),IT.CEL.SETS.P2,2001,4.00763786041553,Sub-Saharan Africa,Lower middle income
Cote d'Ivoire,CIV,Mobile cellular subscriptions (per 100 people),IT.CEL.SETS.P2,2002,5.50560497365526,Sub-Saharan Africa,Lower middle income
Cote d'Ivoire,CIV,Mobile cellular subscriptions (per 100 people),IT.CEL.SETS.P2,2003,6.69625990207232,Sub-Saharan Africa,Lower middle income
Cote d'Ivoire,CIV,Mobile cellular subscriptions (per 100 people),IT.CEL.SETS.P2,2004,8.54468997193162,Sub-Saharan Africa,Lower middle income
Cote d'Ivoire,CIV,Mobile cellular subscriptions (per 100 people),IT.CEL.SETS.P2,2005,11.7071226897453,Sub-Saharan Africa,Lower middle income
Cote d'Ivoire,CIV,Mobile cellular subscriptions (per 100 people),IT.CEL.SETS.P2,2006,19.7861496888908,Sub-Saharan Africa,Lower middle income
Cote d'Ivoire,CIV,Mobile cellular subscriptions (per 100 people),IT.CEL.SETS.P2,2007,35.5088438452275,Sub-Saharan Africa,Lower middle income
Cote d'Ivoire,CIV,Mobile cellular subscriptions (per 100 people),IT.CEL.SETS.P2,2008,48.5675503786085,Sub-Saharan Africa,Lower middle income
Cote d'Ivoire,CIV,Mobile cellular subscriptions (per 100 people),IT.CEL.SETS.P2,2009,59.9342847557544,Sub-Saharan Africa,Lower middle income
Cote d'Ivoire,CIV,Mobile cellular subscriptions (per 100 people),IT.CEL.SETS.P2,2010,69.3658791896946,Sub-Saharan Africa,Lower middle income
Cote d'Ivoire,CIV,Mobile cellular subscriptions (per 100 people),IT.CEL.SETS.P2,2011,75.4688103733356,Sub-Saharan Africa,Lower middle income
Cote d'Ivoire,CIV,Mobile cellular subscriptions (per 100 people),IT.CEL.SETS.P2,2012,77.1273355805099,Sub-Saharan Africa,Lower middle income
Cote d'Ivoire,CIV,Mobile cellular subscriptions (per 100 people),IT.CEL.SETS.P2,2013,80.9986810652982,Sub-Saharan Africa,Lower middle income
Cote d'Ivoire,CIV,Mobile cellular subscriptions (per 100 people),IT.CEL.SETS.P2,2014,90.1219840101242,Sub-Saharan Africa,Lower middle income
Cote d'Ivoire,CIV,Mobile cellular subscriptions (per 100 people),IT.CEL.SETS.P2,2015,100.638777689061,Sub-Saharan Africa,Lower middle income
Cote d'Ivoire,CIV,Mobile cellular subscriptions (per 100 people),IT.CEL.SETS.P2,2016,105.624772864173,Sub-Saharan Africa,Lower middle income
Cote d'Ivoire,CIV,Mobile cellular subscriptions (per 100 people),IT.CEL.SETS.P2,2017,118.755063895419,Sub-Saharan Africa,Lower middle income
Cote d'Ivoire,CIV,Mobile cellular subscriptions (per 100 people),IT.CEL.SETS.P2,2018,123.098008449044,Sub-Saharan Africa,Lower middle income
Cote d'Ivoire,CIV,Mobile cellular subscriptions (per 100 people),IT.CEL.SETS.P2,2019,132.574011521792,Sub-Saharan Africa,Lower middle income
Cote d'Ivoire,CIV,Mobile cellular subscriptions (per 100 people),IT.CEL.SETS.P2,2020,138.663750301785,Sub-Saharan Africa,Lower middle income
Cote d'Ivoire,CIV,Mobile cellular subscriptions (per 100 people),IT.CEL.SETS.P2,2021,150.343798608733,Sub-Saharan Africa,Lower middle income
Cote d'Ivoire,CIV,Mobile cellular subscriptions (per 100 people),IT.CEL.SETS.P2,2022,161.231833444196,Sub-Saharan Africa,Lower middle income
Cote d'Ivoire,CIV,Mobile cellular subscriptions (per 100 people),IT.CEL.SETS.P2,2023,171.988943341282,Sub-Saharan Africa,Lower middle income
Cote d'Ivoire,CIV,Mobile cellular subscriptions (per 100 people),IT.CEL.SETS.P2,2024,183.875985110648,Sub-Saharan Africa,Lower middle income
Cote d'Ivoire,CIV,Fixed broadband subscriptions (per 100 people),IT.NET.BBND.P2,2003,0.0021594159266179,Sub-Saharan Africa,Lower middle income
Cote d'Ivoire,CIV,Fixed broadband subscriptions (per 100 people),IT.NET.BBND.P2,2004,0.0042153610614952,Sub-Saharan Africa,Lower middle income
Cote d'Ivoire,CIV,Fixed broadband subscriptions (per 100 people),IT.NET.BBND.P2,2005,0.0061738674690402,Sub-Saharan Africa,Lower middle income
Cote d'Ivoire,CIV,Fixed broadband subscriptions (per 100 people),IT.NET.BBND.P2,2006,0.0486693744359828,Sub-Saharan Africa,Lower middle income
Cote d'Ivoire,CIV,Fixed broadband subscriptions (per 100 people),IT.NET.BBND.P2,2007,0.0475498557860424,Sub-Saharan Africa,Lower middle income
Cote d'Ivoire,CIV,Fixed broadband subscriptions (per 100 people),IT.NET.BBND.P2,2008,0.0464804125266757,Sub-Saharan Africa,Lower middle income
Cote d'Ivoire,CIV,Fixed broadband subscriptions (per 100 people),IT.NET.BBND.P2,2009,0.0454588020514648,Sub-Saharan Africa,Lower middle income
Cote d'Ivoire,CIV,Fixed broadband subscriptions (per 100 people),IT.NET.BBND.P2,2012,0.196730926619837,Sub-Saharan Africa,Lower middle income
Cote d'Ivoire,CIV,Fixed broadband subscriptions (per 100 people),IT.NET.BBND.P2,2013,0.235094105938757,Sub-Saharan Africa,Lower middle income
Cote d'Ivoire,CIV,Fixed broadband subscriptions (per 100 people),IT.NET.BBND.P2,2014,0.517205353442549,Sub-Saharan Africa,Lower middle income
Cote d'Ivoire,CIV,Fixed broadband subscriptions (per 100 people),IT.NET.BBND.P2,2015,0.434546121572781,Sub-Saharan Africa,Lower middle income
Cote d'Ivoire,CIV,Fixed broadband subscriptions (per 100 people),IT.NET.BBND.P2,2016,0.524752298099937,Sub-Saharan Africa,Lower middle income
Cote d'Ivoire,CIV,Fixed broadband subscriptions (per 100 people),IT.NET.BBND.P2,2017,0.534257331996876,Sub-Saharan Africa,Lower middle income
Cote d'Ivoire,CIV,Fixed broadband subscriptions (per 100 people),IT.NET.BBND.P2,2018,0.640536308885034,Sub-Saharan Africa,Lower middle income
Cote d'Ivoire,CIV,Fixed broadband subscriptions (per 100 people),IT.NET.BBND.P2,2019,0.768711846259475,Sub-Saharan Africa,Lower middle income
Cote d'Ivoire,CIV,Fixed broadband subscriptions (per 100 people),IT.NET.BBND.P2,2020,0.903911262107671,Sub-Saharan Africa,Lower middle income
Cote d'Ivoire,CIV,Fixed broadband subscriptions (per 100 people),IT.NET.BBND.P2,2021,1.13037781443128,Sub-Saharan Africa,Lower middle income
Cote d'Ivoire,CIV,Fixed broadband subscriptions (per 100 people),IT.NET.BBND.P2,2022,1.25179133069312,Sub-Saharan Africa,Lower middle income
Cote d'Ivoire,CIV,Fixed broadband subscriptions (per 100 people),IT.NET.BBND.P2,2023,1.36336622359986,Sub-Saharan Africa,Lower middle income
Cote d'Ivoire,CIV,Fixed broadband subscriptions (per 100 people),IT.NET.BBND.P2,2024,1.60153227430253,Sub-Saharan Africa,Lower middle income
Cote d'Ivoire,CIV,Secure Internet servers (per 1 million people),IT.NET.SECR.P6,2010,0.4891483549162633,Sub-Saharan Africa,Lower middle income
Cote d'Ivoire,CIV,Secure Internet servers (per 1 million people),IT.NET.SECR.P6,2011,0.6091723957880081,Sub-Saharan Africa,Lower middle income
Cote d'Ivoire,CIV,Secure Internet servers (per 1 million people),IT.NET.SECR.P6,2012,1.6619026876716394,Sub-Saharan Africa,Lower middle income
Cote d'Ivoire,CIV,Secure Internet servers (per 1 million people),IT.NET.SECR.P6,2013,2.255660297559188,Sub-Saharan Africa,Lower middle income
Cote d'Ivoire,CIV,Secure Internet servers (per 1 million people),IT.NET.SECR.P6,2014,3.180117578731863,Sub-Saharan Africa,Lower middle income
Cote d'Ivoire,CIV,Secure Internet servers (per 1 million people),IT.NET.SECR.P6,2015,4.634334748376617,Sub-Saharan Africa,Lower middle income
Cote d'Ivoire,CIV,Secure Internet servers (per 1 million people),IT.NET.SECR.P6,2016,5.540719381609544,Sub-Saharan Africa,Lower middle income
Cote d'Ivoire,CIV,Secure Internet servers (per 1 million people),IT.NET.SECR.P6,2017,7.930163093529691,Sub-Saharan Africa,Lower middle income
Cote d'Ivoire,CIV,Secure Internet servers (per 1 million people),IT.NET.SECR.P6,2018,10.632033231075264,Sub-Saharan Africa,Lower middle income
Cote d'Ivoire,CIV,Secure Internet servers (per 1 million people),IT.NET.SECR.P6,2019,40.61290513545397,Sub-Saharan Africa,Lower middle income
Cote d'Ivoire,CIV,Secure Internet servers (per 1 million people),IT.NET.SECR.P6,2020,51.633298172198536,Sub-Saharan Africa,Lower middle income
Cote d'Ivoire,CIV,Secure Internet servers (per 1 million people),IT.NET.SECR.P6,2021,56.44449734640012,Sub-Saharan Africa,Lower middle income
Cote d'Ivoire,CIV,Secure Internet servers (per 1 million people),IT.NET.SECR.P6,2022,65.83319191753961,Sub-Saharan Africa,Lower middle income
Cote d'Ivoire,CIV,Secure Internet servers (per 1 million people),IT.NET.SECR.P6,2023,63.43521621590229,Sub-Saharan Africa,Lower middle income
Cote d'Ivoire,CIV,Secure Internet servers (per 1 million people),IT.NET.SECR.P6,2024,60.74985994652134,Sub-Saharan Africa,Lower middle income
Cote d'Ivoire,CIV,Individuals using the Internet (% of population),IT.NET.USER.ZS,2000,0.231461670612799,Sub-Saharan Africa,Lower middle income
Cote d'Ivoire,CIV,Individuals using the Internet (% of population),IT.NET.USER.ZS,2001,0.395747702246439,Sub-Saharan Africa,Lower middle income
Cote d'Ivoire,CIV,Individuals using the Internet (% of population),IT.NET.USER.ZS,2002,0.497929360753307,Sub-Saharan Africa,Lower middle income
Cote d'Ivoire,CIV,Individuals using the Internet (% of population),IT.NET.USER.ZS,2003,0.758669629452205,Sub-Saharan Africa,Lower middle income
Cote d'Ivoire,CIV,Individuals using the Internet (% of population),IT.NET.USER.ZS,2004,0.849282414747704,Sub-Saharan Africa,Lower middle income
Cote d'Ivoire,CIV,Individuals using the Internet (% of population),IT.NET.USER.ZS,2005,1.039199948,Sub-Saharan Africa,Lower middle income
Cote d'Ivoire,CIV,Individuals using the Internet (% of population),IT.NET.USER.ZS,2006,1.52489996,Sub-Saharan Africa,Lower middle income
Cote d'Ivoire,CIV,Individuals using the Internet (% of population),IT.NET.USER.ZS,2007,1.799999952,Sub-Saharan Africa,Lower middle income
Cote d'Ivoire,CIV,Individuals using the Internet (% of population),IT.NET.USER.ZS,2008,1.899999976,Sub-Saharan Africa,Lower middle income
Cote d'Ivoire,CIV,Individuals using the Internet (% of population),IT.NET.USER.ZS,2009,2.0,Sub-Saharan Africa,Lower middle income
Cote d'Ivoire,CIV,Individuals using the Internet (% of population),IT.NET.USER.ZS,2010,2.700000048,Sub-Saharan Africa,Lower middle income
Cote d'Ivoire,CIV,Individuals using the Internet (% of population),IT.NET.USER.ZS,2011,2.900000095,Sub-Saharan Africa,Lower middle income
Cote d'Ivoire,CIV,Individuals using the Internet (% of population),IT.NET.USER.ZS,2012,4.400000095,Sub-Saharan Africa,Lower middle income
Cote d'Ivoire,CIV,Individuals using the Internet (% of population),IT.NET.USER.ZS,2013,6.599999905,Sub-Saharan Africa,Lower middle income
Cote d'Ivoire,CIV,Individuals using the Internet (% of population),IT.NET.USER.ZS,2014,10.0,Sub-Saharan Africa,Lower middle income
Cote d'Ivoire,CIV,Individuals using the Internet (% of population),IT.NET.USER.ZS,2015,38.4400001654616,Sub-Saharan Africa,Lower middle income
Cote d'Ivoire,CIV,Individuals using the Internet (% of population),IT.NET.USER.ZS,2016,41.2078149304414,Sub-Saharan Africa,Lower middle income
Cote d'Ivoire,CIV,Individuals using the Internet (% of population),IT.NET.USER.ZS,2017,43.8399208514876,Sub-Saharan Africa,Lower middle income
Cote d'Ivoire,CIV,Individuals using the Internet (% of population),IT.NET.USER.ZS,2018,37.5465361301281,Sub-Saharan Africa,Lower middle income
Cote d'Ivoire,CIV,Individuals using the Internet (% of population),IT.NET.USER.ZS,2019,36.2889545655205,Sub-Saharan Africa,Lower middle income
Cote d'Ivoire,CIV,Individuals using the Internet (% of population),IT.NET.USER.ZS,2020,36.01660156,Sub-Saharan Africa,Lower middle income
Cote d'Ivoire,CIV,Individuals using the Internet (% of population),IT.NET.USER.ZS,2021,35.95069885,Sub-Saharan Africa,Lower middle income
Cote d'Ivoire,CIV,Individuals using the Internet (% of population),IT.NET.USER.ZS,2022,38.41328122,Sub-Saharan Africa,Lower middle income
Cote d'Ivoire,CIV,Individuals using the Internet (% of population),IT.NET.USER.ZS,2023,40.65284979,Sub-Saharan Africa,Lower middle income
Cote d'Ivoire,CIV,Individuals using the Internet (% of population),IT.NET.USER.ZS,2024,41.43219902,Sub-Saharan Africa,Lower middle income
Egypt,EGY,Mobile cellular subscriptions (per 100 people),IT.CEL.SETS.P2,2000,1.8607538216263,Middle East & North Africa,Lower middle income
Egypt,EGY,Mobile cellular subscriptions (per 100 people),IT.CEL.SETS.P2,2001,3.74243009523559,Middle East & North Africa,Lower middle income
Egypt,EGY,Mobile cellular subscriptions (per 100 people),IT.CEL.SETS.P2,2002,5.89552843443126,Middle East & North Africa,Lower middle income
Egypt,EGY,Mobile cellular subscriptions (per 100 people),IT.CEL.SETS.P2,2003,7.44671264050805,Middle East & North Africa,Lower middle income
Egypt,EGY,Mobile cellular subscriptions (per 100 people),IT.CEL.SETS.P2,2004,9.61664053535291,Middle East & North Africa,Lower middle income
Egypt,EGY,Mobile cellular subscriptions (per 100 people),IT.CEL.SETS.P2,2005,16.8057130340828,Middle East & North Africa,Lower middle income
Egypt,EGY,Mobile cellular subscriptions (per 100 people),IT.CEL.SETS.P2,2006,21.7666484648207,Middle East & North Africa,Lower middle income
Egypt,EGY,Mobile cellular subscriptions (per 100 people),IT.CEL.SETS.P2,2007,35.7083780152706,Middle East & North Africa,Lower middle income
Egypt,EGY,Mobile cellular subscriptions (per 100 people),IT.CEL.SETS.P2,2008,48.0833441516988,Middle East & North Africa,Lower middle income
Egypt,EGY,Mobile cellular subscriptions (per 100 people),IT.CEL.SETS.P2,2009,63.2585121037051,Middle East & North Africa,Lower middle income
Egypt,EGY,Mobile cellular subscriptions (per 100 people),IT.CEL.SETS.P2,2010,79.2198618342745,Middle East & North Africa,Lower middle income
Egypt,EGY,Mobile cellular subscriptions (per 100 people),IT.CEL.SETS.P2,2011,91.5823290114783,Middle East & North Africa,Lower middle income
Egypt,EGY,Mobile cellular subscriptions (per 100 people),IT.CEL.SETS.P2,2012,103.904852847169,Middle East & North Africa,Lower middle income
Egypt,EGY,Mobile cellular subscriptions (per 100 people),IT.CEL.SETS.P2,2013,104.585398175604,Middle East & North Africa,Lower middle income
Egypt,EGY,Mobile cellular subscriptions (per 100 people),IT.CEL.SETS.P2,2014,97.7313128919015,Middle East & North Africa,Lower middle income
Egypt,EGY,Mobile cellular subscriptions (per 100 people),IT.CEL.SETS.P2,2015,94.3962460363651,Middle East & North Africa,Lower middle income
Egypt,EGY,Mobile cellular subscriptions (per 100 people),IT.CEL.SETS.P2,2016,96.2091951594197,Middle East & North Africa,Lower middle income
Egypt,EGY,Mobile cellular subscriptions (per 100 people),IT.CEL.SETS.P2,2017,99.2884367821237,Middle East & North Africa,Lower middle income
Egypt,EGY,Mobile cellular subscriptions (per 100 people),IT.CEL.SETS.P2,2018,88.7420881346276,Middle East & North Africa,Lower middle income
Egypt,EGY,Mobile cellular subscriptions (per 100 people),IT.CEL.SETS.P2,2019,88.6447815879102,Middle East & North Africa,Lower middle income
Egypt,EGY,Mobile cellular subscriptions (per 100 people),IT.CEL.SETS.P2,2020,87.2316871725819,Middle East & North Africa,Lower middle income
Egypt,EGY,Mobile cellular subscriptions (per 100 people),IT.CEL.SETS.P2,2021,84.0866220906029,Middle East & North Africa,Lower middle income
Egypt,EGY,Mobile cellular subscriptions (per 100 people),IT.CEL.SETS.P2,2022,90.6794715776528,Middle East & North Africa,Lower middle income
Egypt,EGY,Mobile cellular subscriptions (per 100 people),IT.CEL.SETS.P2,2023,92.8261626420085,Middle East & North Africa,Lower middle income
Egypt,EGY,Mobile cellular subscriptions (per 100 people),IT.CEL.SETS.P2,2024,97.1295066037455,Middle East & North Africa,Lower middle income
Egypt,EGY,Fixed broadband subscriptions (per 100 people),IT.NET.BBND.P2,2002,0.0668121413808763,Middle East & North Africa,Lower middle income
Egypt,EGY,Fixed broadband subscriptions (per 100 people),IT.NET.BBND.P2,2003,0.0704527942644309,Middle East & North Africa,Lower middle income
Egypt,EGY,Fixed broadband subscriptions (per 100 people),IT.NET.BBND.P2,2004,0.0996723057635359,Middle East & North Africa,Lower middle income
Egypt,EGY,Fixed broadband subscriptions (per 100 people),IT.NET.BBND.P2,2005,0.17385604745411,Middle East & North Africa,Lower middle income
Egypt,EGY,Fixed broadband subscriptions (per 100 people),IT.NET.BBND.P2,2006,0.312605489963574,Middle East & North Africa,Lower middle income
Egypt,EGY,Fixed broadband subscriptions (per 100 people),IT.NET.BBND.P2,2007,0.566508525981082,Middle East & North Africa,Lower middle income
Egypt,EGY,Fixed broadband subscriptions (per 100 people),IT.NET.BBND.P2,2008,0.896460596904279,Middle East & North Africa,Lower middle income
Egypt,EGY,Fixed broadband subscriptions (per 100 people),IT.NET.BBND.P2,2009,1.23139297646961,Middle East & North Africa,Lower middle income
Egypt,EGY,Fixed broadband subscriptions (per 100 people),IT.NET.BBND.P2,2010,1.62745731673027,Middle East & North Africa,Lower middle income
Egypt,EGY,Fixed broadband subscriptions (per 100 people),IT.NET.BBND.P2,2011,2.02567464552925,Middle East & North Africa,Lower middle income
Egypt,EGY,Fixed broadband subscriptions (per 100 people),IT.NET.BBND.P2,2012,2.45679305227732,Middle East & North Africa,Lower middle income
Egypt,EGY,Fixed broadband subscriptions (per 100 people),IT.NET.BBND.P2,2013,2.80726241263661,Middle East & North Africa,Lower middle income
Egypt,EGY,Fixed broadband subscriptions (per 100 people),IT.NET.BBND.P2,2014,3.14561708192958,Middle East & North Africa,Lower middle income
Egypt,EGY,Fixed broadband subscriptions (per 100 people),IT.NET.BBND.P2,2015,3.84187963570353,Middle East & North Africa,Lower middle income
Egypt,EGY,Fixed broadband subscriptions (per 100 people),IT.NET.BBND.P2,2016,4.39685382563749,Middle East & North Africa,Lower middle income
Egypt,EGY,Fixed broadband subscriptions (per 100 people),IT.NET.BBND.P2,2017,5.04732016956055,Middle East & North Africa,Lower middle income
Egypt,EGY,Fixed broadband subscriptions (per 100 people),IT.NET.BBND.P2,2018,6.26825297386708,Middle East & North Africa,Lower middle income
Egypt,EGY,Fixed broadband subscriptions (per 100 people),IT.NET.BBND.P2,2019,7.04130696004296,Middle East & North Africa,Lower middle income
Egypt,EGY,Fixed broadband subscriptions (per 100 people),IT.NET.BBND.P2,2020,8.5396308016812,Middle East & North Africa,Lower middle income
Egypt,EGY,Fixed broadband subscriptions (per 100 people),IT.NET.BBND.P2,2021,9.76582299335252,Middle East & North Africa,Lower middle income
Egypt,EGY,Fixed broadband subscriptions (per 100 people),IT.NET.BBND.P2,2022,10.6832498285136,Middle East & North Africa,Lower middle income
Egypt,EGY,Fixed broadband subscriptions (per 100 people),IT.NET.BBND.P2,2023,10.8642477216638,Middle East & North Africa,Lower middle income
Egypt,EGY,Fixed broadband subscriptions (per 100 people),IT.NET.BBND.P2,2024,11.6871225241757,Middle East & North Africa,Lower middle income
Egypt,EGY,Secure Internet servers (per 1 million people),IT.NET.SECR.P6,2010,2.298307486006783,Middle East & North Africa,Lower middle income
Egypt,EGY,Secure Internet servers (per 1 million people),IT.NET.SECR.P6,2011,2.7664017738168174,Middle East & North Africa,Lower middle income
Egypt,EGY,Secure Internet servers (per 1 million people),IT.NET.SECR.P6,2012,4.690804041489422,Middle East & North Africa,Lower middle income
Egypt,EGY,Secure Internet servers (per 1 million people),IT.NET.SECR.P6,2013,5.90558079797991,Middle East & North Africa,Lower middle income
Egypt,EGY,Secure Internet servers (per 1 million people),IT.NET.SECR.P6,2014,7.433712763020394,Middle East & North Africa,Lower middle income
Egypt,EGY,Secure Internet servers (per 1 million people),IT.NET.SECR.P6,2015,9.789417874223991,Middle East & North Africa,Lower middle income
Egypt,EGY,Secure Internet servers (per 1 million people),IT.NET.SECR.P6,2016,13.65542439253702,Middle East & North Africa,Lower middle income
Egypt,EGY,Secure Internet servers (per 1 million people),IT.NET.SECR.P6,2017,33.65605309370635,Middle East & North Africa,Lower middle income
Egypt,EGY,Secure Internet servers (per 1 million people),IT.NET.SECR.P6,2018,32.701850135558445,Middle East & North Africa,Lower middle income
Egypt,EGY,Secure Internet servers (per 1 million people),IT.NET.SECR.P6,2019,32.979040931554984,Middle East & North Africa,Lower middle income
Egypt,EGY,Secure Internet servers (per 1 million people),IT.NET.SECR.P6,2020,41.19283622639444,Middle East & North Africa,Lower middle income
Egypt,EGY,Secure Internet servers (per 1 million people),IT.NET.SECR.P6,2021,38.08682368219591,Middle East & North Africa,Lower middle income
Egypt,EGY,Secure Internet servers (per 1 million people),IT.NET.SECR.P6,2022,48.18046808576762,Middle East & North Africa,Lower middle income
Egypt,EGY,Secure Internet servers (per 1 million people),IT.NET.SECR.P6,2023,53.3021246846793,Middle East & North Africa,Lower middle income
Egypt,EGY,Secure Internet servers (per 1 million people),IT.NET.SECR.P6,2024,82.20476403551528,Middle East & North Africa,Lower middle income
Egypt,EGY,Individuals using the Internet (% of population),IT.NET.USER.ZS,2000,0.641265037504813,Middle East & North Africa,Lower middle income
Egypt,EGY,Individuals using the Internet (% of population),IT.NET.USER.ZS,2001,0.838945611477604,Middle East & North Africa,Lower middle income
Egypt,EGY,Individuals using the Internet (% of population),IT.NET.USER.ZS,2002,2.71999971465421,Middle East & North Africa,Lower middle income
Egypt,EGY,Individuals using the Internet (% of population),IT.NET.USER.ZS,2003,4.03788510706701,Middle East & North Africa,Lower middle income
Egypt,EGY,Individuals using the Internet (% of population),IT.NET.USER.ZS,2004,11.92,Middle East & North Africa,Lower middle income
Egypt,EGY,Individuals using the Internet (% of population),IT.NET.USER.ZS,2005,12.75,Middle East & North Africa,Lower middle income
Egypt,EGY,Individuals using the Internet (% of population),IT.NET.USER.ZS,2006,13.66,Middle East & North Africa,Lower middle income
Egypt,EGY,Individuals using the Internet (% of population),IT.NET.USER.ZS,2007,16.03,Middle East & North Africa,Lower middle income
Egypt,EGY,Individuals using the Internet (% of population),IT.NET.USER.ZS,2008,18.01,Middle East & North Africa,Lower middle income
Egypt,EGY,Individuals using the Internet (% of population),IT.NET.USER.ZS,2009,20.0,Middle East & North Africa,Lower middle income
Egypt,EGY,Individuals using the Internet (% of population),IT.NET.USER.ZS,2010,21.6,Middle East & North Africa,Lower middle income
Egypt,EGY,Individuals using the Internet (% of population),IT.NET.USER.ZS,2011,25.6,Middle East & North Africa,Lower middle income
Egypt,EGY,Individuals using the Internet (% of population),IT.NET.USER.ZS,2012,26.4,Middle East & North Africa,Lower middle income
Egypt,EGY,Individuals using the Internet (% of population),IT.NET.USER.ZS,2013,29.4,Middle East & North Africa,Lower middle income
Egypt,EGY,Individuals using the Internet (% of population),IT.NET.USER.ZS,2014,33.8946039115275,Middle East & North Africa,Lower middle income
Egypt,EGY,Individuals using the Internet (% of population),IT.NET.USER.ZS,2015,37.8193834276939,Middle East & North Africa,Lower middle income
Egypt,EGY,Individuals using the Internet (% of population),IT.NET.USER.ZS,2016,41.2480670885772,Middle East & North Africa,Lower middle income
Egypt,EGY,Individuals using the Internet (% of population),IT.NET.USER.ZS,2017,44.9502042452857,Middle East & North Africa,Lower middle income
Egypt,EGY,Individuals using the Internet (% of population),IT.NET.USER.ZS,2018,46.92433676792,Middle East & North Africa,Lower middle income
Egypt,EGY,Individuals using the Internet (% of population),IT.NET.USER.ZS,2019,57.2828663990195,Middle East & North Africa,Lower middle income
Egypt,EGY,Individuals using the Internet (% of population),IT.NET.USER.ZS,2020,71.91420096,Middle East & North Africa,Lower middle income
Egypt,EGY,Individuals using the Internet (% of population),IT.NET.USER.ZS,2021,72.05599976,Middle East & North Africa,Lower middle income
Egypt,EGY,Individuals using the Internet (% of population),IT.NET.USER.ZS,2022,72.19806556,Middle East & North Africa,Lower middle income
Egypt,EGY,Individuals using the Internet (% of population),IT.NET.USER.ZS,2023,74.01190186,Middle East & North Africa,Lower middle income
Egypt,EGY,Individuals using the Internet (% of population),IT.NET.USER.ZS,2024,74.64839935,Middle East & North Africa,Lower middle income
Equatorial Guinea,GNQ,Mobile cellular subscriptions (per 100 people),IT.CEL.SETS.P2,2000,0.710955396080361,Sub-Saharan Africa,Upper middle income
Equatorial Guinea,GNQ,Mobile cellular subscriptions (per 100 people),IT.CEL.SETS.P2,2001,2.00043742898447,Sub-Saharan Africa,Upper middle income
Equatorial Guinea,GNQ,Mobile cellular subscriptions (per 100 people),IT.CEL.SETS.P2,2002,4.01024115334536,Sub-Saharan Africa,Upper middle income
Equatorial Guinea,GNQ,Mobile cellular subscriptions (per 100 people),IT.CEL.SETS.P2,2003,4.89466446190536,Sub-Saharan Africa,Upper middle income
Equatorial Guinea,GNQ,Mobile cellular subscriptions (per 100 people),IT.CEL.SETS.P2,2004,6.87841212022887,Sub-Saharan Africa,Upper middle income
Equatorial Guinea,GNQ,Mobile cellular subscriptions (per 100 people),IT.CEL.SETS.P2,2005,10.2283486758563,Sub-Saharan Africa,Upper middle income
Equatorial Guinea,GNQ,Mobile cellular subscriptions (per 100 people),IT.CEL.SETS.P2,2006,12.1170140042389,Sub-Saharan Africa,Upper middle income
Equatorial Guinea,GNQ,Mobile cellular subscriptions (per 100 people),IT.CEL.SETS.P2,2007,14.4781495766589,Sub-Saharan Africa,Upper middle income
Equatorial Guinea,GNQ,Mobile cellular subscriptions (per 100 people),IT.CEL.SETS.P2,2008,16.5970512572266,Sub-Saharan Africa,Upper middle income
Equatorial Guinea,GNQ,Mobile cellular subscriptions (per 100 people),IT.CEL.SETS.P2,2009,17.6107030809045,Sub-Saharan Africa,Upper middle income
Equatorial Guinea,GNQ,Mobile cellular subscriptions (per 100 people),IT.CEL.SETS.P2,2010,33.579601121871,Sub-Saharan Africa,Upper middle income
Equatorial Guinea,GNQ,Mobile cellular subscriptions (per 100 people),IT.CEL.SETS.P2,2011,38.5606783509887,Sub-Saharan Africa,Upper middle income
Equatorial Guinea,GNQ,Mobile cellular subscriptions (per 100 people),IT.CEL.SETS.P2,2012,38.7385841174565,Sub-Saharan Africa,Upper middle income
Equatorial Guinea,GNQ,Mobile cellular subscriptions (per 100 people),IT.CEL.SETS.P2,2013,37.9420717892644,Sub-Saharan Africa,Upper middle income
Equatorial Guinea,GNQ,Mobile cellular subscriptions (per 100 people),IT.CEL.SETS.P2,2014,36.9002477447229,Sub-Saharan Africa,Upper middle income
Equatorial Guinea,GNQ,Mobile cellular subscriptions (per 100 people),IT.CEL.SETS.P2,2015,36.6825478378153,Sub-Saharan Africa,Upper middle income
Equatorial Guinea,GNQ,Mobile cellular subscriptions (per 100 people),IT.CEL.SETS.P2,2016,38.1683691534068,Sub-Saharan Africa,Upper middle income
Equatorial Guinea,GNQ,Mobile cellular subscriptions (per 100 people),IT.CEL.SETS.P2,2017,36.2336437113254,Sub-Saharan Africa,Upper middle income
Equatorial Guinea,GNQ,Mobile cellular subscriptions (per 100 people),IT.CEL.SETS.P2,2018,36.5760302693232,Sub-Saharan Africa,Upper middle income
Equatorial Guinea,GNQ,Mobile cellular subscriptions (per 100 people),IT.CEL.SETS.P2,2019,36.942192354463,Sub-Saharan Africa,Upper middle income
Equatorial Guinea,GNQ,Mobile cellular subscriptions (per 100 people),IT.CEL.SETS.P2,2020,43.3495410342634,Sub-Saharan Africa,Upper middle income
Equatorial Guinea,GNQ,Mobile cellular subscriptions (per 100 people),IT.CEL.SETS.P2,2021,46.434813558898,Sub-Saharan Africa,Upper middle income
Equatorial Guinea,GNQ,Mobile cellular subscriptions (per 100 people),IT.CEL.SETS.P2,2022,49.5380486763568,Sub-Saharan Africa,Upper middle income
Equatorial Guinea,GNQ,Fixed broadband subscriptions (per 100 people),IT.NET.BBND.P2,2005,0.0190000285000428,Sub-Saharan Africa,Upper middle income
Equatorial Guinea,GNQ,Fixed broadband subscriptions (per 100 people),IT.NET.BBND.P2,2006,0.0181755210063584,Sub-Saharan Africa,Upper middle income
Equatorial Guinea,GNQ,Fixed broadband subscriptions (per 100 people),IT.NET.BBND.P2,2007,0.0173737794919907,Sub-Saharan Africa,Upper middle income
Equatorial Guinea,GNQ,Fixed broadband subscriptions (per 100 people),IT.NET.BBND.P2,2008,0.0165970512572266,Sub-Saharan Africa,Upper middle income
Equatorial Guinea,GNQ,Fixed broadband subscriptions (per 100 people),IT.NET.BBND.P2,2009,0.015849632772814,Sub-Saharan Africa,Upper middle income
Equatorial Guinea,GNQ,Fixed broadband subscriptions (per 100 people),IT.NET.BBND.P2,2010,0.0997405568146936,Sub-Saharan Africa,Upper middle income
Equatorial Guinea,GNQ,Fixed broadband subscriptions (per 100 people),IT.NET.BBND.P2,2011,0.108387990352986,Sub-Saharan Africa,Upper middle income
Equatorial Guinea,GNQ,Fixed broadband subscriptions (per 100 people),IT.NET.BBND.P2,2012,0.114419748848651,Sub-Saharan Africa,Upper middle income
Equatorial Guinea,GNQ,Fixed broadband subscriptions (per 100 people),IT.NET.BBND.P2,2013,0.261324688869113,Sub-Saharan Africa,Upper middle income
Equatorial Guinea,GNQ,Fixed broadband subscriptions (per 100 people),IT.NET.BBND.P2,2014,0.27724834765414,Sub-Saharan Africa,Upper middle income
Equatorial Guinea,GNQ,Fixed broadband subscriptions (per 100 people),IT.NET.BBND.P2,2015,0.261293067101903,Sub-Saharan Africa,Upper middle income
Equatorial Guinea,GNQ,Fixed broadband subscriptions (per 100 people),IT.NET.BBND.P2,2016,0.224242898422343,Sub-Saharan Africa,Upper middle income
Equatorial Guinea,GNQ,Fixed broadband subscriptions (per 100 people),IT.NET.BBND.P2,2017,0.121416081454382,Sub-Saharan Africa,Upper middle income
Equatorial Guinea,GNQ,Fixed broadband subscriptions (per 100 people),IT.NET.BBND.P2,2018,0.100221353087251,Sub-Saharan Africa,Upper middle income
Equatorial Guinea,GNQ,Fixed broadband subscriptions (per 100 people),IT.NET.BBND.P2,2019,0.0598738936052885,Sub-Saharan Africa,Upper middle income
Equatorial Guinea,GNQ,Fixed broadband subscriptions (per 100 people),IT.NET.BBND.P2,2020,0.107371649223871,Sub-Saharan Africa,Upper middle income
Equatorial Guinea,GNQ,Fixed broadband subscriptions (per 100 people),IT.NET.BBND.P2,2021,0.0976810140631094,Sub-Saharan Africa,Upper middle income
Equatorial Guinea,GNQ,Fixed broadband subscriptions (per 100 people),IT.NET.BBND.P2,2022,0.10069058437688,Sub-Saharan Africa,Upper middle income
Equatorial Guinea,GNQ,Secure Internet servers (per 1 million people),IT.NET.SECR.P6,2010,0.0,Sub-Saharan Africa,Upper middle income
Equatorial Guinea,GNQ,Secure Internet servers (per 1 million people),IT.NET.SECR.P6,2011,0.8052599580459562,Sub-Saharan Africa,Upper middle income
Equatorial Guinea,GNQ,Secure Internet servers (per 1 million people),IT.NET.SECR.P6,2012,0.0,Sub-Saharan Africa,Upper middle income
Equatorial Guinea,GNQ,Secure Internet servers (per 1 million people),IT.NET.SECR.P6,2013,0.7428217420952624,Sub-Saharan Africa,Upper middle income
Equatorial Guinea,GNQ,Secure Internet servers (per 1 million people),IT.NET.SECR.P6,2014,2.1431204405112627,Sub-Saharan Africa,Upper middle income
Equatorial Guinea,GNQ,Secure Internet servers (per 1 million people),IT.NET.SECR.P6,2015,2.7511773319494908,Sub-Saharan Africa,Upper middle income
Equatorial Guinea,GNQ,Secure Internet servers (per 1 million people),IT.NET.SECR.P6,2016,4.641337341680668,Sub-Saharan Africa,Upper middle income
Equatorial Guinea,GNQ,Secure Internet servers (per 1 million people),IT.NET.SECR.P6,2017,0.0,Sub-Saharan Africa,Upper middle income
Equatorial Guinea,GNQ,Secure Internet servers (per 1 million people),IT.NET.SECR.P6,2018,8.042454260088022,Sub-Saharan Africa,Upper middle income
Equatorial Guinea,GNQ,Secure Internet servers (per 1 million people),IT.NET.SECR.P6,2019,16.165951273427908,Sub-Saharan Africa,Upper middle income
Equatorial Guinea,GNQ,Secure Internet servers (per 1 million people),IT.NET.SECR.P6,2020,27.381809623016565,Sub-Saharan Africa,Upper middle income
Equatorial Guinea,GNQ,Secure Internet servers (per 1 million people),IT.NET.SECR.P6,2021,19.9000901758372,Sub-Saharan Africa,Upper middle income
Equatorial Guinea,GNQ,Secure Internet servers (per 1 million people),IT.NET.SECR.P6,2022,36.59459564357973,Sub-Saharan Africa,Upper middle income
Equatorial Guinea,GNQ,Secure Internet servers (per 1 million people),IT.NET.SECR.P6,2023,43.84186833475053,Sub-Saharan Africa,Upper middle income
Equatorial Guinea,GNQ,Secure Internet servers (per 1 million people),IT.NET.SECR.P6,2024,66.57803685675576,Sub-Saharan Africa,Upper middle income
Equatorial Guinea,GNQ,Individuals using the Internet (% of population),IT.NET.USER.ZS,2000,0.132354665123789,Sub-Saharan Africa,Upper middle income
Equatorial Guinea,GNQ,Individuals using the Internet (% of population),IT.NET.USER.ZS,2001,0.16526042288306,Sub-Saharan Africa,Upper middle income
Equatorial Guinea,GNQ,Individuals using the Internet (% of population),IT.NET.USER.ZS,2002,0.321197997152044,Sub-Saharan Africa,Upper middle income
Equatorial Guinea,GNQ,Individuals using the Internet (% of population),IT.NET.USER.ZS,2003,0.520524272046806,Sub-Saharan Africa,Upper middle income
Equatorial Guinea,GNQ,Individuals using the Internet (% of population),IT.NET.USER.ZS,2004,0.843930284607049,Sub-Saharan Africa,Upper middle income
Equatorial Guinea,GNQ,Individuals using the Internet (% of population),IT.NET.USER.ZS,2005,1.149799943,Sub-Saharan Africa,Upper middle income
Equatorial Guinea,GNQ,Individuals using the Internet (% of population),IT.NET.USER.ZS,2006,1.279199958,Sub-Saharan Africa,Upper middle income
Equatorial Guinea,GNQ,Individuals using the Internet (% of population),IT.NET.USER.ZS,2007,1.557100058,Sub-Saharan Africa,Upper middle income
Equatorial Guinea,GNQ,Individuals using the Internet (% of population),IT.NET.USER.ZS,2008,1.820000052,Sub-Saharan Africa,Upper middle income
Equatorial Guinea,GNQ,Individuals using the Internet (% of population),IT.NET.USER.ZS,2009,2.130000114,Sub-Saharan Africa,Upper middle income
Equatorial Guinea,GNQ,Individuals using the Internet (% of population),IT.NET.USER.ZS,2010,6.0,Sub-Saharan Africa,Upper middle income
Equatorial Guinea,GNQ,Individuals using the Internet (% of population),IT.NET.USER.ZS,2011,11.5,Sub-Saharan Africa,Upper middle income
Equatorial Guinea,GNQ,Individuals using the Internet (% of population),IT.NET.USER.ZS,2012,13.94320011,Sub-Saharan Africa,Upper middle income
Equatorial Guinea,GNQ,Individuals using the Internet (% of population),IT.NET.USER.ZS,2013,16.39999962,Sub-Saharan Africa,Upper middle income
Equatorial Guinea,GNQ,Individuals using the Internet (% of population),IT.NET.USER.ZS,2014,18.86000061,Sub-Saharan Africa,Upper middle income
Equatorial Guinea,GNQ,Individuals using the Internet (% of population),IT.NET.USER.ZS,2015,21.31999969,Sub-Saharan Africa,Upper middle income
Equatorial Guinea,GNQ,Individuals using the Internet (% of population),IT.NET.USER.ZS,2016,23.78000069,Sub-Saharan Africa,Upper middle income
Equatorial Guinea,GNQ,Individuals using the Internet (% of population),IT.NET.USER.ZS,2017,26.23999977,Sub-Saharan Africa,Upper middle income
Equatorial Guinea,GNQ,Individuals using the Internet (% of population),IT.NET.USER.ZS,2018,29.39999962,Sub-Saharan Africa,Upper middle income
Equatorial Guinea,GNQ,Individuals using the Internet (% of population),IT.NET.USER.ZS,2019,49.13370132,Sub-Saharan Africa,Upper middle income
Equatorial Guinea,GNQ,Individuals using the Internet (% of population),IT.NET.USER.ZS,2020,55.00130081,Sub-Saharan Africa,Upper middle income
Equatorial Guinea,GNQ,Individuals using the Internet (% of population),IT.NET.USER.ZS,2021,58.71730042,Sub-Saharan Africa,Upper middle income
Equatorial Guinea,GNQ,Individuals using the Internet (% of population),IT.NET.USER.ZS,2022,63.65950012,Sub-Saharan Africa,Upper middle income
Equatorial Guinea,GNQ,Individuals using the Internet (% of population),IT.NET.USER.ZS,2023,63.51950073,Sub-Saharan Africa,Upper middle income
Equatorial Guinea,GNQ,Individuals using the Internet (% of population),IT.NET.USER.ZS,2024,63.29930115,Sub-Saharan Africa,Upper middle income
Eritrea,ERI,Mobile cellular subscriptions (per 100 people),IT.CEL.SETS.P2,2000,0.0,Sub-Saharan Africa,Low income
Eritrea,ERI,Mobile cellular subscriptions (per 100 people),IT.CEL.SETS.P2,2001,0.0,Sub-Saharan Africa,Low income
Eritrea,ERI,Mobile cellular subscriptions (per 100 people),IT.CEL.SETS.P2,2002,0.0,Sub-Saharan Africa,Low income
Eritrea,ERI,Mobile cellular subscriptions (per 100 people),IT.CEL.SETS.P2,2003,0.0,Sub-Saharan Africa,Low income
Eritrea,ERI,Mobile cellular subscriptions (per 100 people),IT.CEL.SETS.P2,2004,0.769738796836681,Sub-Saharan Africa,Low income
Eritrea,ERI,Mobile cellular subscriptions (per 100 people),IT.CEL.SETS.P2,2005,1.51953149219435,Sub-Saharan Africa,Low income
Eritrea,ERI,Mobile cellular subscriptions (per 100 people),IT.CEL.SETS.P2,2006,2.29317381677543,Sub-Saharan Africa,Low income
Eritrea,ERI,Mobile cellular subscriptions (per 100 people),IT.CEL.SETS.P2,2007,3.07477849040289,Sub-Saharan Africa,Low income
Eritrea,ERI,Mobile cellular subscriptions (per 100 people),IT.CEL.SETS.P2,2008,3.85718703829491,Sub-Saharan Africa,Low income
Eritrea,ERI,Mobile cellular subscriptions (per 100 people),IT.CEL.SETS.P2,2009,4.88696745195879,Sub-Saharan Africa,Low income
Eritrea,ERI,Mobile cellular subscriptions (per 100 people),IT.CEL.SETS.P2,2010,6.29077416502727,Sub-Saharan Africa,Low income
Eritrea,ERI,Mobile cellular subscriptions (per 100 people),IT.CEL.SETS.P2,2011,8.06870803088893,Sub-Saharan Africa,Low income
Eritrea,ERI,Mobile cellular subscriptions (per 100 people),IT.CEL.SETS.P2,2012,10.0521635251769,Sub-Saharan Africa,Low income
Eritrea,ERI,Mobile cellular subscriptions (per 100 people),IT.CEL.SETS.P2,2013,11.5420445230877,Sub-Saharan Africa,Low income
Eritrea,ERI,Mobile cellular subscriptions (per 100 people),IT.CEL.SETS.P2,2014,13.4855143799717,Sub-Saharan Africa,Low income
Eritrea,ERI,Mobile cellular subscriptions (per 100 people),IT.CEL.SETS.P2,2015,15.2952170085389,Sub-Saharan Africa,Low income
Eritrea,ERI,Mobile cellular subscriptions (per 100 people),IT.CEL.SETS.P2,2016,16.1935649461164,Sub-Saharan Africa,Low income
Eritrea,ERI,Mobile cellular subscriptions (per 100 people),IT.CEL.SETS.P2,2017,22.0610618449333,Sub-Saharan Africa,Low income
Eritrea,ERI,Mobile cellular subscriptions (per 100 people),IT.CEL.SETS.P2,2019,40.4605403256719,Sub-Saharan Africa,Low income
Eritrea,ERI,Mobile cellular subscriptions (per 100 people),IT.CEL.SETS.P2,2020,54.7205015934574,Sub-Saharan Africa,Low income
Eritrea,ERI,Mobile cellular subscriptions (per 100 people),IT.CEL.SETS.P2,2021,53.7582573847458,Sub-Saharan Africa,Low income
Eritrea,ERI,Mobile cellular subscriptions (per 100 people),IT.CEL.SETS.P2,2022,59.1248082166991,Sub-Saharan Africa,Low income
Eritrea,ERI,Fixed broadband subscriptions (per 100 people),IT.NET.BBND.P2,2008,0.0015623185801932,Sub-Saharan Africa,Low income
Eritrea,ERI,Fixed broadband subscriptions (per 100 people),IT.NET.BBND.P2,2009,0.002423919235011,Sub-Saharan Africa,Low income
Eritrea,ERI,Fixed broadband subscriptions (per 100 people),IT.NET.BBND.P2,2010,0.0040065381269638,Sub-Saharan Africa,Low income
Eritrea,ERI,Fixed broadband subscriptions (per 100 people),IT.NET.BBND.P2,2011,0.0047023746992231,Sub-Saharan Africa,Low income
Eritrea,ERI,Fixed broadband subscriptions (per 100 people),IT.NET.BBND.P2,2012,0.0060915617710705,Sub-Saharan Africa,Low income
Eritrea,ERI,Fixed broadband subscriptions (per 100 people),IT.NET.BBND.P2,2013,0.0047489558802482,Sub-Saharan Africa,Low income
Eritrea,ERI,Fixed broadband subscriptions (per 100 people),IT.NET.BBND.P2,2014,0.0064616743555206,Sub-Saharan Africa,Low income
Eritrea,ERI,Fixed broadband subscriptions (per 100 people),IT.NET.BBND.P2,2015,0.016100228430041,Sub-Saharan Africa,Low income
Eritrea,ERI,Fixed broadband subscriptions (per 100 people),IT.NET.BBND.P2,2016,0.0192018556673317,Sub-Saharan Africa,Low income
Eritrea,ERI,Fixed broadband subscriptions (per 100 people),IT.NET.BBND.P2,2017,0.031742535028681,Sub-Saharan Africa,Low income
Eritrea,ERI,Fixed broadband subscriptions (per 100 people),IT.NET.BBND.P2,2019,0.0925870488001644,Sub-Saharan Africa,Low income
Eritrea,ERI,Fixed broadband subscriptions (per 100 people),IT.NET.BBND.P2,2020,0.151916994984612,Sub-Saharan Africa,Low income
Eritrea,ERI,Fixed broadband subscriptions (per 100 people),IT.NET.BBND.P2,2021,0.149245578525113,Sub-Saharan Africa,Low income
Eritrea,ERI,Fixed broadband subscriptions (per 100 people),IT.NET.BBND.P2,2022,0.165393390775689,Sub-Saharan Africa,Low income
Eritrea,ERI,Secure Internet servers (per 1 million people),IT.NET.SECR.P6,2010,0.3395371294037116,Sub-Saharan Africa,Low income
Eritrea,ERI,Secure Internet servers (per 1 million people),IT.NET.SECR.P6,2011,0.3335017517179509,Sub-Saharan Africa,Low income
Eritrea,ERI,Secure Internet servers (per 1 million people),IT.NET.SECR.P6,2012,0.0,Sub-Saharan Africa,Low income
Eritrea,ERI,Secure Internet servers (per 1 million people),IT.NET.SECR.P6,2013,0.0,Sub-Saharan Africa,Low income
Eritrea,ERI,Secure Internet servers (per 1 million people),IT.NET.SECR.P6,2015,0.0,Sub-Saharan Africa,Low income
Eritrea,ERI,Secure Internet servers (per 1 million people),IT.NET.SECR.P6,2016,0.0,Sub-Saharan Africa,Low income
Eritrea,ERI,Secure Internet servers (per 1 million people),IT.NET.SECR.P6,2017,0.0,Sub-Saharan Africa,Low income
Eritrea,ERI,Secure Internet servers (per 1 million people),IT.NET.SECR.P6,2018,0.3132086345356368,Sub-Saharan Africa,Low income
Eritrea,ERI,Secure Internet servers (per 1 million people),IT.NET.SECR.P6,2019,0.9258704880016444,Sub-Saharan Africa,Low income
Eritrea,ERI,Secure Internet servers (per 1 million people),IT.NET.SECR.P6,2020,0.911501969907674,Sub-Saharan Africa,Low income
Eritrea,ERI,Secure Internet servers (per 1 million people),IT.NET.SECR.P6,2021,0.8954734711506804,Sub-Saharan Africa,Low income
Eritrea,ERI,Secure Internet servers (per 1 million people),IT.NET.SECR.P6,2022,0.8799080906669029,Sub-Saharan Africa,Low income
Eritrea,ERI,Secure Internet servers (per 1 million people),IT.NET.SECR.P6,2023,0.2881520520748388,Sub-Saharan Africa,Low income
Eritrea,ERI,Secure Internet servers (per 1 million people),IT.NET.SECR.P6,2024,1.9798602954008129,Sub-Saharan Africa,Low income
Eritrea,ERI,Individuals using the Internet (% of population),IT.NET.USER.ZS,2000,0.136711941104496,Sub-Saharan Africa,Low income
Eritrea,ERI,Individuals using the Internet (% of population),IT.NET.USER.ZS,2001,0.157815289303043,Sub-Saharan Africa,Low income
Eritrea,ERI,Individuals using the Internet (% of population),IT.NET.USER.ZS,2002,0.227090137626716,Sub-Saharan Africa,Low income
Eritrea,ERI,Individuals using the Internet (% of population),IT.NET.USER.ZS,2007,0.409999996,Sub-Saharan Africa,Low income
Eritrea,ERI,Individuals using the Internet (% of population),IT.NET.USER.ZS,2008,0.469999999,Sub-Saharan Africa,Low income
Eritrea,ERI,Individuals using the Internet (% of population),IT.NET.USER.ZS,2009,0.540000021,Sub-Saharan Africa,Low income
Eritrea,ERI,Individuals using the Internet (% of population),IT.NET.USER.ZS,2010,0.610000014,Sub-Saharan Africa,Low income
Eritrea,ERI,Individuals using the Internet (% of population),IT.NET.USER.ZS,2011,0.699999988,Sub-Saharan Africa,Low income
Eritrea,ERI,Individuals using the Internet (% of population),IT.NET.USER.ZS,2012,0.800000012,Sub-Saharan Africa,Low income
Eritrea,ERI,Individuals using the Internet (% of population),IT.NET.USER.ZS,2013,0.899999976,Sub-Saharan Africa,Low income
Eritrea,ERI,Individuals using the Internet (% of population),IT.NET.USER.ZS,2014,0.99000001,Sub-Saharan Africa,Low income
Eritrea,ERI,Individuals using the Internet (% of population),IT.NET.USER.ZS,2015,1.083699942,Sub-Saharan Africa,Low income
Eritrea,ERI,Individuals using the Internet (% of population),IT.NET.USER.ZS,2016,1.177099943,Sub-Saharan Africa,Low income
Eritrea,ERI,Individuals using the Internet (% of population),IT.NET.USER.ZS,2017,2.496099949,Sub-Saharan Africa,Low income
Eritrea,ERI,Individuals using the Internet (% of population),IT.NET.USER.ZS,2018,5.293000221,Sub-Saharan Africa,Low income
Eritrea,ERI,Individuals using the Internet (% of population),IT.NET.USER.ZS,2019,11.22379971,Sub-Saharan Africa,Low income
Eritrea,ERI,Individuals using the Internet (% of population),IT.NET.USER.ZS,2020,14.34939957,Sub-Saharan Africa,Low income
Eswatini,SWZ,Mobile cellular subscriptions (per 100 people),IT.CEL.SETS.P2,2000,3.16876861651562,Sub-Saharan Africa,Lower middle income
Eswatini,SWZ,Mobile cellular subscriptions (per 100 people),IT.CEL.SETS.P2,2001,5.23279267485139,Sub-Saharan Africa,Lower middle income
Eswatini,SWZ,Mobile cellular subscriptions (per 100 people),IT.CEL.SETS.P2,2002,6.41847917911427,Sub-Saharan Africa,Lower middle income
Eswatini,SWZ,Mobile cellular subscriptions (per 100 people),IT.CEL.SETS.P2,2003,7.96850098434424,Sub-Saharan Africa,Lower middle income
Eswatini,SWZ,Mobile cellular subscriptions (per 100 people),IT.CEL.SETS.P2,2004,13.511511341749,Sub-Saharan Africa,Lower middle income
Eswatini,SWZ,Mobile cellular subscriptions (per 100 people),IT.CEL.SETS.P2,2005,18.5353032653644,Sub-Saharan Africa,Lower middle income
Eswatini,SWZ,Mobile cellular subscriptions (per 100 people),IT.CEL.SETS.P2,2006,23.0534582031581,Sub-Saharan Africa,Lower middle income
Eswatini,SWZ,Mobile cellular subscriptions (per 100 people),IT.CEL.SETS.P2,2007,34.8398512888453,Sub-Saharan Africa,Lower middle income
Eswatini,SWZ,Mobile cellular subscriptions (per 100 people),IT.CEL.SETS.P2,2008,48.4152042043874,Sub-Saharan Africa,Lower middle income
Eswatini,SWZ,Mobile cellular subscriptions (per 100 people),IT.CEL.SETS.P2,2009,60.1212682768811,Sub-Saharan Africa,Lower middle income
Eswatini,SWZ,Mobile cellular subscriptions (per 100 people),IT.CEL.SETS.P2,2010,65.2905141006612,Sub-Saharan Africa,Lower middle income
Eswatini,SWZ,Mobile cellular subscriptions (per 100 people),IT.CEL.SETS.P2,2011,68.5737493883254,Sub-Saharan Africa,Lower middle income
Eswatini,SWZ,Mobile cellular subscriptions (per 100 people),IT.CEL.SETS.P2,2012,71.6279475345304,Sub-Saharan Africa,Lower middle income
Eswatini,SWZ,Mobile cellular subscriptions (per 100 people),IT.CEL.SETS.P2,2013,79.0272480287436,Sub-Saharan Africa,Lower middle income
Eswatini,SWZ,Mobile cellular subscriptions (per 100 people),IT.CEL.SETS.P2,2014,80.6829892484285,Sub-Saharan Africa,Lower middle income
Eswatini,SWZ,Mobile cellular subscriptions (per 100 people),IT.CEL.SETS.P2,2015,82.3406804087808,Sub-Saharan Africa,Lower middle income
Eswatini,SWZ,Mobile cellular subscriptions (per 100 people),IT.CEL.SETS.P2,2016,86.5588465316001,Sub-Saharan Africa,Lower middle income
Eswatini,SWZ,Mobile cellular subscriptions (per 100 people),IT.CEL.SETS.P2,2017,88.7130405501664,Sub-Saharan Africa,Lower middle income
Eswatini,SWZ,Mobile cellular subscriptions (per 100 people),IT.CEL.SETS.P2,2018,89.2003705956478,Sub-Saharan Africa,Lower middle income
Eswatini,SWZ,Mobile cellular subscriptions (per 100 people),IT.CEL.SETS.P2,2019,91.0519258836113,Sub-Saharan Africa,Lower middle income
Eswatini,SWZ,Mobile cellular subscriptions (per 100 people),IT.CEL.SETS.P2,2020,104.747264466614,Sub-Saharan Africa,Lower middle income
Eswatini,SWZ,Mobile cellular subscriptions (per 100 people),IT.CEL.SETS.P2,2021,118.627490794327,Sub-Saharan Africa,Lower middle income
Eswatini,SWZ,Mobile cellular subscriptions (per 100 people),IT.CEL.SETS.P2,2022,121.491701239707,Sub-Saharan Africa,Lower middle income
Eswatini,SWZ,Mobile cellular subscriptions (per 100 people),IT.CEL.SETS.P2,2023,128.399211381334,Sub-Saharan Africa,Lower middle income
Eswatini,SWZ,Mobile cellular subscriptions (per 100 people),IT.CEL.SETS.P2,2024,139.833459658744,Sub-Saharan Africa,Lower middle income
Eswatini,SWZ,Fixed broadband subscriptions (per 100 people),IT.NET.BBND.P2,2008,0.0703038272784314,Sub-Saharan Africa,Lower middle income
Eswatini,SWZ,Fixed broadband subscriptions (per 100 people),IT.NET.BBND.P2,2009,0.136089754088348,Sub-Saharan Africa,Lower middle income
Eswatini,SWZ,Fixed broadband subscriptions (per 100 people),IT.NET.BBND.P2,2010,0.329060405703234,Sub-Saharan Africa,Lower middle income
Eswatini,SWZ,Fixed broadband subscriptions (per 100 people),IT.NET.BBND.P2,2011,0.717817419954501,Sub-Saharan Africa,Lower middle income
Eswatini,SWZ,Fixed broadband subscriptions (per 100 people),IT.NET.BBND.P2,2012,0.305108362852056,Sub-Saharan Africa,Lower middle income
Eswatini,SWZ,Fixed broadband subscriptions (per 100 people),IT.NET.BBND.P2,2013,0.371684705174382,Sub-Saharan Africa,Lower middle income
Eswatini,SWZ,Fixed broadband subscriptions (per 100 people),IT.NET.BBND.P2,2014,0.448825529196101,Sub-Saharan Africa,Lower middle income
Eswatini,SWZ,Fixed broadband subscriptions (per 100 people),IT.NET.BBND.P2,2015,0.525020278908273,Sub-Saharan Africa,Lower middle income
Eswatini,SWZ,Fixed broadband subscriptions (per 100 people),IT.NET.BBND.P2,2016,0.608956709267538,Sub-Saharan Africa,Lower middle income
Eswatini,SWZ,Fixed broadband subscriptions (per 100 people),IT.NET.BBND.P2,2017,1.34191565323629,Sub-Saharan Africa,Lower middle income
Eswatini,SWZ,Fixed broadband subscriptions (per 100 people),IT.NET.BBND.P2,2018,1.8710289504324,Sub-Saharan Africa,Lower middle income
Eswatini,SWZ,Fixed broadband subscriptions (per 100 people),IT.NET.BBND.P2,2019,2.04369280109571,Sub-Saharan Africa,Lower middle income
Eswatini,SWZ,Fixed broadband subscriptions (per 100 people),IT.NET.BBND.P2,2020,2.29004241533492,Sub-Saharan Africa,Lower middle income
Eswatini,SWZ,Fixed broadband subscriptions (per 100 people),IT.NET.BBND.P2,2021,2.55280778191155,Sub-Saharan Africa,Lower middle income
Eswatini,SWZ,Fixed broadband subscriptions (per 100 people),IT.NET.BBND.P2,2022,2.18530055779024,Sub-Saharan Africa,Lower middle income
Eswatini,SWZ,Fixed broadband subscriptions (per 100 people),IT.NET.BBND.P2,2023,2.76365982774566,Sub-Saharan Africa,Lower middle income
Eswatini,SWZ,Fixed broadband subscriptions (per 100 people),IT.NET.BBND.P2,2024,2.5065536335855,Sub-Saharan Africa,Lower middle income
Eswatini,SWZ,Secure Internet servers (per 1 million people),IT.NET.SECR.P6,2010,4.49781855799937,Sub-Saharan Africa,Lower middle income
Eswatini,SWZ,Secure Internet servers (per 1 million people),IT.NET.SECR.P6,2011,6.262116076372768,Sub-Saharan Africa,Lower middle income
Eswatini,SWZ,Secure Internet servers (per 1 million people),IT.NET.SECR.P6,2012,8.008093513177318,Sub-Saharan Africa,Lower middle income
Eswatini,SWZ,Secure Internet servers (per 1 million people),IT.NET.SECR.P6,2013,9.734599421233815,Sub-Saharan Africa,Lower middle income
Eswatini,SWZ,Secure Internet servers (per 1 million people),IT.NET.SECR.P6,2014,18.48105120219238,Sub-Saharan Africa,Lower middle income
Eswatini,SWZ,Secure Internet servers (per 1 million people),IT.NET.SECR.P6,2015,25.375980147233182,Sub-Saharan Africa,Lower middle income
Eswatini,SWZ,Secure Internet servers (per 1 million people),IT.NET.SECR.P6,2016,25.228206526798008,Sub-Saharan Africa,Lower middle income
Eswatini,SWZ,Secure Internet servers (per 1 million people),IT.NET.SECR.P6,2017,39.71697339394488,Sub-Saharan Africa,Lower middle income
Eswatini,SWZ,Secure Internet servers (per 1 million people),IT.NET.SECR.P6,2018,52.18452104447747,Sub-Saharan Africa,Lower middle income
Eswatini,SWZ,Secure Internet servers (per 1 million people),IT.NET.SECR.P6,2019,90.68764969818812,Sub-Saharan Africa,Lower middle income
Eswatini,SWZ,Secure Internet servers (per 1 million people),IT.NET.SECR.P6,2020,107.3169177575124,Sub-Saharan Africa,Lower middle income
Eswatini,SWZ,Secure Internet servers (per 1 million people),IT.NET.SECR.P6,2021,87.85066712636323,Sub-Saharan Africa,Lower middle income
Eswatini,SWZ,Secure Internet servers (per 1 million people),IT.NET.SECR.P6,2022,109.93365421927824,Sub-Saharan Africa,Lower middle income
Eswatini,SWZ,Secure Internet servers (per 1 million people),IT.NET.SECR.P6,2023,139.77989542513404,Sub-Saharan Africa,Lower middle income
Eswatini,SWZ,Secure Internet servers (per 1 million people),IT.NET.SECR.P6,2024,116.66996561052186,Sub-Saharan Africa,Lower middle income
Eswatini,SWZ,Individuals using the Internet (% of population),IT.NET.USER.ZS,2000,0.926191777269401,Sub-Saharan Africa,Lower middle income
Eswatini,SWZ,Individuals using the Internet (% of population),IT.NET.USER.ZS,2001,1.28159005046719,Sub-Saharan Africa,Lower middle income
Eswatini,SWZ,Individuals using the Internet (% of population),IT.NET.USER.ZS,2002,1.81620380712642,Sub-Saharan Africa,Lower middle income
Eswatini,SWZ,Individuals using the Internet (% of population),IT.NET.USER.ZS,2003,2.43707385055863,Sub-Saharan Africa,Lower middle income
Eswatini,SWZ,Individuals using the Internet (% of population),IT.NET.USER.ZS,2004,3.22868507316111,Sub-Saharan Africa,Lower middle income
Eswatini,SWZ,Individuals using the Internet (% of population),IT.NET.USER.ZS,2005,3.697000027,Sub-Saharan Africa,Lower middle income
Eswatini,SWZ,Individuals using the Internet (% of population),IT.NET.USER.ZS,2006,3.69653878906882,Sub-Saharan Africa,Lower middle income
Eswatini,SWZ,Individuals using the Internet (% of population),IT.NET.USER.ZS,2007,4.1,Sub-Saharan Africa,Lower middle income
Eswatini,SWZ,Individuals using the Internet (% of population),IT.NET.USER.ZS,2008,6.85,Sub-Saharan Africa,Lower middle income
Eswatini,SWZ,Individuals using the Internet (% of population),IT.NET.USER.ZS,2009,8.94,Sub-Saharan Africa,Lower middle income
Eswatini,SWZ,Individuals using the Internet (% of population),IT.NET.USER.ZS,2010,11.04,Sub-Saharan Africa,Lower middle income
Eswatini,SWZ,Individuals using the Internet (% of population),IT.NET.USER.ZS,2011,18.13,Sub-Saharan Africa,Lower middle income
Eswatini,SWZ,Individuals using the Internet (% of population),IT.NET.USER.ZS,2012,20.78179932,Sub-Saharan Africa,Lower middle income
Eswatini,SWZ,Individuals using the Internet (% of population),IT.NET.USER.ZS,2013,24.70000076,Sub-Saharan Africa,Lower middle income
Eswatini,SWZ,Individuals using the Internet (% of population),IT.NET.USER.ZS,2014,25.0,Sub-Saharan Africa,Lower middle income
Eswatini,SWZ,Individuals using the Internet (% of population),IT.NET.USER.ZS,2015,25.64299965,Sub-Saharan Africa,Lower middle income
Eswatini,SWZ,Individuals using the Internet (% of population),IT.NET.USER.ZS,2016,28.56999969,Sub-Saharan Africa,Lower middle income
Eswatini,SWZ,Individuals using the Internet (% of population),IT.NET.USER.ZS,2017,35.33160019,Sub-Saharan Africa,Lower middle income
Eswatini,SWZ,Individuals using the Internet (% of population),IT.NET.USER.ZS,2018,39.38100052,Sub-Saharan Africa,Lower middle income
Eswatini,SWZ,Individuals using the Internet (% of population),IT.NET.USER.ZS,2019,43.93389893,Sub-Saharan Africa,Lower middle income
Eswatini,SWZ,Individuals using the Internet (% of population),IT.NET.USER.ZS,2020,49.01300049,Sub-Saharan Africa,Lower middle income
Eswatini,SWZ,Individuals using the Internet (% of population),IT.NET.USER.ZS,2021,53.99530029,Sub-Saharan Africa,Lower middle income
Eswatini,SWZ,Individuals using the Internet (% of population),IT.NET.USER.ZS,2022,57.34370041,Sub-Saharan Africa,Lower middle income
Eswatini,SWZ,Individuals using the Internet (% of population),IT.NET.USER.ZS,2023,61.33330154,Sub-Saharan Africa,Lower middle income
Eswatini,SWZ,Individuals using the Internet (% of population),IT.NET.USER.ZS,2024,63.40309906,Sub-Saharan Africa,Lower middle income
Ethiopia,ETH,Mobile cellular subscriptions (per 100 people),IT.CEL.SETS.P2,2000,0.026341205254997,Sub-Saharan Africa,Low income
Ethiopia,ETH,Mobile cellular subscriptions (per 100 people),IT.CEL.SETS.P2,2001,0.0395753139955781,Sub-Saharan Africa,Low income
Ethiopia,ETH,Mobile cellular subscriptions (per 100 people),IT.CEL.SETS.P2,2002,0.0703128868323795,Sub-Saharan Africa,Low income
Ethiopia,ETH,Mobile cellular subscriptions (per 100 people),IT.CEL.SETS.P2,2003,0.0695139494020418,Sub-Saharan Africa,Low income
Ethiopia,ETH,Mobile cellular subscriptions (per 100 people),IT.CEL.SETS.P2,2004,0.204442313509778,Sub-Saharan Africa,Low income
Ethiopia,ETH,Mobile cellular subscriptions (per 100 people),IT.CEL.SETS.P2,2005,0.523980166770728,Sub-Saharan Africa,Low income
Ethiopia,ETH,Mobile cellular subscriptions (per 100 people),IT.CEL.SETS.P2,2006,1.07393125130028,Sub-Saharan Africa,Low income
Ethiopia,ETH,Mobile cellular subscriptions (per 100 people),IT.CEL.SETS.P2,2007,1.45421325867565,Sub-Saharan Africa,Low income
Ethiopia,ETH,Mobile cellular subscriptions (per 100 people),IT.CEL.SETS.P2,2008,2.28482954460171,Sub-Saharan Africa,Low income
Ethiopia,ETH,Mobile cellular subscriptions (per 100 people),IT.CEL.SETS.P2,2009,4.60380846952871,Sub-Saharan Africa,Low income
Ethiopia,ETH,Mobile cellular subscriptions (per 100 people),IT.CEL.SETS.P2,2010,7.57025899497312,Sub-Saharan Africa,Low income
Ethiopia,ETH,Mobile cellular subscriptions (per 100 people),IT.CEL.SETS.P2,2011,15.1655003216856,Sub-Saharan Africa,Low income
Ethiopia,ETH,Mobile cellular subscriptions (per 100 people),IT.CEL.SETS.P2,2012,21.4239594545095,Sub-Saharan Africa,Low income
Ethiopia,ETH,Mobile cellular subscriptions (per 100 people),IT.CEL.SETS.P2,2013,26.0536269908585,Sub-Saharan Africa,Low income
Ethiopia,ETH,Mobile cellular subscriptions (per 100 people),IT.CEL.SETS.P2,2014,30.1536033852735,Sub-Saharan Africa,Low income
Ethiopia,ETH,Mobile cellular subscriptions (per 100 people),IT.CEL.SETS.P2,2015,40.7363012371526,Sub-Saharan Africa,Low income
Ethiopia,ETH,Mobile cellular subscriptions (per 100 people),IT.CEL.SETS.P2,2016,47.9993274246983,Sub-Saharan Africa,Low income
Ethiopia,ETH,Mobile cellular subscriptions (per 100 people),IT.CEL.SETS.P2,2017,36.1094836260863,Sub-Saharan Africa,Low income
Ethiopia,ETH,Mobile cellular subscriptions (per 100 people),IT.CEL.SETS.P2,2019,36.2199307720652,Sub-Saharan Africa,Low income
Ethiopia,ETH,Mobile cellular subscriptions (per 100 people),IT.CEL.SETS.P2,2020,37.4208472347226,Sub-Saharan Africa,Low income
Ethiopia,ETH,Mobile cellular subscriptions (per 100 people),IT.CEL.SETS.P2,2021,52.8088633217211,Sub-Saharan Africa,Low income
Ethiopia,ETH,Mobile cellular subscriptions (per 100 people),IT.CEL.SETS.P2,2022,56.9642988837987,Sub-Saharan Africa,Low income
Ethiopia,ETH,Mobile cellular subscriptions (per 100 people),IT.CEL.SETS.P2,2023,59.8748744402242,Sub-Saharan Africa,Low income
Ethiopia,ETH,Mobile cellular subscriptions (per 100 people),IT.CEL.SETS.P2,2024,65.0825091944922,Sub-Saharan Africa,Low income
Ethiopia,ETH,Fixed broadband subscriptions (per 100 people),IT.NET.BBND.P2,2003,7.72016038484214e-05,Sub-Saharan Africa,Low income
Ethiopia,ETH,Fixed broadband subscriptions (per 100 people),IT.NET.BBND.P2,2004,4.6005895642382e-05,Sub-Saharan Africa,Low income
Ethiopia,ETH,Fixed broadband subscriptions (per 100 people),IT.NET.BBND.P2,2005,7.78384194360236e-05,Sub-Saharan Africa,Low income
Ethiopia,ETH,Fixed broadband subscriptions (per 100 people),IT.NET.BBND.P2,2006,0.0003234060881381,Sub-Saharan Africa,Low income
Ethiopia,ETH,Fixed broadband subscriptions (per 100 people),IT.NET.BBND.P2,2007,0.0012466424735398,Sub-Saharan Africa,Low income
Ethiopia,ETH,Fixed broadband subscriptions (per 100 people),IT.NET.BBND.P2,2008,0.0017488144183857,Sub-Saharan Africa,Low income
Ethiopia,ETH,Fixed broadband subscriptions (per 100 people),IT.NET.BBND.P2,2009,0.0039746551083362,Sub-Saharan Africa,Low income
Ethiopia,ETH,Fixed broadband subscriptions (per 100 people),IT.NET.BBND.P2,2010,0.004536191084382,Sub-Saharan Africa,Low income
Ethiopia,ETH,Fixed broadband subscriptions (per 100 people),IT.NET.BBND.P2,2011,0.0068201846978587,Sub-Saharan Africa,Low income
Ethiopia,ETH,Fixed broadband subscriptions (per 100 people),IT.NET.BBND.P2,2012,0.0089093004714768,Sub-Saharan Africa,Low income
Ethiopia,ETH,Fixed broadband subscriptions (per 100 people),IT.NET.BBND.P2,2013,0.241842767793752,Sub-Saharan Africa,Low income
Ethiopia,ETH,Fixed broadband subscriptions (per 100 people),IT.NET.BBND.P2,2014,0.466085305720848,Sub-Saharan Africa,Low income
Ethiopia,ETH,Fixed broadband subscriptions (per 100 people),IT.NET.BBND.P2,2015,0.460203316477344,Sub-Saharan Africa,Low income
Ethiopia,ETH,Fixed broadband subscriptions (per 100 people),IT.NET.BBND.P2,2016,0.523809621083991,Sub-Saharan Africa,Low income
Ethiopia,ETH,Fixed broadband subscriptions (per 100 people),IT.NET.BBND.P2,2017,0.0574013129864174,Sub-Saharan Africa,Low income
Ethiopia,ETH,Fixed broadband subscriptions (per 100 people),IT.NET.BBND.P2,2019,0.137379985514274,Sub-Saharan Africa,Low income
Ethiopia,ETH,Fixed broadband subscriptions (per 100 people),IT.NET.BBND.P2,2020,0.178274598062049,Sub-Saharan Africa,Low income
Ethiopia,ETH,Fixed broadband subscriptions (per 100 people),IT.NET.BBND.P2,2021,0.399382380284272,Sub-Saharan Africa,Low income
Ethiopia,ETH,Fixed broadband subscriptions (per 100 people),IT.NET.BBND.P2,2022,0.45157652011053,Sub-Saharan Africa,Low income
Ethiopia,ETH,Fixed broadband subscriptions (per 100 people),IT.NET.BBND.P2,2023,0.534823180349513,Sub-Saharan Africa,Low income
Ethiopia,ETH,Fixed broadband subscriptions (per 100 people),IT.NET.BBND.P2,2024,0.593917449513598,Sub-Saharan Africa,Low income
Ethiopia,ETH,Secure Internet servers (per 1 million people),IT.NET.SECR.P6,2010,0.0331350700100953,Sub-Saharan Africa,Low income
Ethiopia,ETH,Secure Internet servers (per 1 million people),IT.NET.SECR.P6,2011,0.0429415060466471,Sub-Saharan Africa,Low income
Ethiopia,ETH,Secure Internet servers (per 1 million people),IT.NET.SECR.P6,2012,0.2505251450678901,Sub-Saharan Africa,Low income
Ethiopia,ETH,Secure Internet servers (per 1 million people),IT.NET.SECR.P6,2013,0.2844408296078441,Sub-Saharan Africa,Low income
Ethiopia,ETH,Secure Internet servers (per 1 million people),IT.NET.SECR.P6,2014,0.3560281147490481,Sub-Saharan Africa,Low income
Ethiopia,ETH,Secure Internet servers (per 1 million people),IT.NET.SECR.P6,2015,0.3177135866893796,Sub-Saharan Africa,Low income
Ethiopia,ETH,Secure Internet servers (per 1 million people),IT.NET.SECR.P6,2016,0.3935600015300113,Sub-Saharan Africa,Low income
Ethiopia,ETH,Secure Internet servers (per 1 million people),IT.NET.SECR.P6,2017,0.6930102918137767,Sub-Saharan Africa,Low income
Ethiopia,ETH,Secure Internet servers (per 1 million people),IT.NET.SECR.P6,2018,1.4201500402719047,Sub-Saharan Africa,Low income
Ethiopia,ETH,Secure Internet servers (per 1 million people),IT.NET.SECR.P6,2019,1.4256413591103922,Sub-Saharan Africa,Low income
Ethiopia,ETH,Secure Internet servers (per 1 million people),IT.NET.SECR.P6,2020,5.49960316663114,Sub-Saharan Africa,Low income
Ethiopia,ETH,Secure Internet servers (per 1 million people),IT.NET.SECR.P6,2021,7.196742768960125,Sub-Saharan Africa,Low income
Ethiopia,ETH,Secure Internet servers (per 1 million people),IT.NET.SECR.P6,2022,9.004318061002332,Sub-Saharan Africa,Low income
Ethiopia,ETH,Secure Internet servers (per 1 million people),IT.NET.SECR.P6,2023,17.46810508948783,Sub-Saharan Africa,Low income
Ethiopia,ETH,Secure Internet servers (per 1 million people),IT.NET.SECR.P6,2024,23.731679005612666,Sub-Saharan Africa,Low income
Ethiopia,ETH,Individuals using the Internet (% of population),IT.NET.USER.ZS,2000,0.0152637672082567,Sub-Saharan Africa,Low income
Ethiopia,ETH,Individuals using the Internet (% of population),IT.NET.USER.ZS,2001,0.0371623810686744,Sub-Saharan Africa,Low income
Ethiopia,ETH,Individuals using the Internet (% of population),IT.NET.USER.ZS,2002,0.0724022618698295,Sub-Saharan Africa,Low income
Ethiopia,ETH,Individuals using the Internet (% of population),IT.NET.USER.ZS,2003,0.105811658802603,Sub-Saharan Africa,Low income
Ethiopia,ETH,Individuals using the Internet (% of population),IT.NET.USER.ZS,2004,0.155334520794722,Sub-Saharan Africa,Low income
Ethiopia,ETH,Individuals using the Internet (% of population),IT.NET.USER.ZS,2005,0.219659818999505,Sub-Saharan Africa,Low income
Ethiopia,ETH,Individuals using the Internet (% of population),IT.NET.USER.ZS,2006,0.310592656856176,Sub-Saharan Africa,Low income
Ethiopia,ETH,Individuals using the Internet (% of population),IT.NET.USER.ZS,2007,0.37,Sub-Saharan Africa,Low income
Ethiopia,ETH,Individuals using the Internet (% of population),IT.NET.USER.ZS,2008,0.449999988,Sub-Saharan Africa,Low income
Ethiopia,ETH,Individuals using the Internet (% of population),IT.NET.USER.ZS,2009,0.540000021,Sub-Saharan Africa,Low income
Ethiopia,ETH,Individuals using the Internet (% of population),IT.NET.USER.ZS,2010,0.75,Sub-Saharan Africa,Low income
Ethiopia,ETH,Individuals using the Internet (% of population),IT.NET.USER.ZS,2011,1.100000024,Sub-Saharan Africa,Low income
Ethiopia,ETH,Individuals using the Internet (% of population),IT.NET.USER.ZS,2012,2.900000095,Sub-Saharan Africa,Low income
Ethiopia,ETH,Individuals using the Internet (% of population),IT.NET.USER.ZS,2013,4.599999905,Sub-Saharan Africa,Low income
Ethiopia,ETH,Individuals using the Internet (% of population),IT.NET.USER.ZS,2014,7.699999809,Sub-Saharan Africa,Low income
Ethiopia,ETH,Individuals using the Internet (% of population),IT.NET.USER.ZS,2015,13.8551755555556,Sub-Saharan Africa,Low income
Ethiopia,ETH,Individuals using the Internet (% of population),IT.NET.USER.ZS,2016,15.3669238595896,Sub-Saharan Africa,Low income
Ethiopia,ETH,Individuals using the Internet (% of population),IT.NET.USER.ZS,2017,15.62440014,Sub-Saharan Africa,Low income
Ethiopia,ETH,Individuals using the Internet (% of population),IT.NET.USER.ZS,2018,15.88619995,Sub-Saharan Africa,Low income
Ethiopia,ETH,Individuals using the Internet (% of population),IT.NET.USER.ZS,2019,15.98460007,Sub-Saharan Africa,Low income
Ethiopia,ETH,Individuals using the Internet (% of population),IT.NET.USER.ZS,2020,16.06959915,Sub-Saharan Africa,Low income
Ethiopia,ETH,Individuals using the Internet (% of population),IT.NET.USER.ZS,2021,16.6981031,Sub-Saharan Africa,Low income
Ethiopia,ETH,Individuals using the Internet (% of population),IT.NET.USER.ZS,2022,17.9836998,Sub-Saharan Africa,Low income
Ethiopia,ETH,Individuals using the Internet (% of population),IT.NET.USER.ZS,2023,20.33749962,Sub-Saharan Africa,Low income
Ethiopia,ETH,Individuals using the Internet (% of population),IT.NET.USER.ZS,2024,21.94129944,Sub-Saharan Africa,Low income
Gabon,GAB,Mobile cellular subscriptions (per 100 people),IT.CEL.SETS.P2,2000,9.40754422329747,Sub-Saharan Africa,Upper middle income
Gabon,GAB,Mobile cellular subscriptions (per 100 people),IT.CEL.SETS.P2,2001,11.4539752548319,Sub-Saharan Africa,Upper middle income
Gabon,GAB,Mobile cellular subscriptions (per 100 people),IT.CEL.SETS.P2,2002,20.7628974043498,Sub-Saharan Africa,Upper middle income
Gabon,GAB,Mobile cellular subscriptions (per 100 people),IT.CEL.SETS.P2,2003,21.7021738344124,Sub-Saharan Africa,Upper middle income
Gabon,GAB,Mobile cellular subscriptions (per 100 people),IT.CEL.SETS.P2,2004,34.4234596151262,Sub-Saharan Africa,Upper middle income
Gabon,GAB,Mobile cellular subscriptions (per 100 people),IT.CEL.SETS.P2,2005,50.3377189536008,Sub-Saharan Africa,Upper middle income
Gabon,GAB,Mobile cellular subscriptions (per 100 people),IT.CEL.SETS.P2,2006,59.534904998021,Sub-Saharan Africa,Upper middle income
Gabon,GAB,Mobile cellular subscriptions (per 100 people),IT.CEL.SETS.P2,2007,75.1170933476071,Sub-Saharan Africa,Upper middle income
Gabon,GAB,Mobile cellular subscriptions (per 100 people),IT.CEL.SETS.P2,2008,80.887271143466,Sub-Saharan Africa,Upper middle income
Gabon,GAB,Mobile cellular subscriptions (per 100 people),IT.CEL.SETS.P2,2009,87.2675973605464,Sub-Saharan Africa,Upper middle income
Gabon,GAB,Mobile cellular subscriptions (per 100 people),IT.CEL.SETS.P2,2010,93.6112366044355,Sub-Saharan Africa,Upper middle income
Gabon,GAB,Mobile cellular subscriptions (per 100 people),IT.CEL.SETS.P2,2011,133.010491109633,Sub-Saharan Africa,Upper middle income
Gabon,GAB,Mobile cellular subscriptions (per 100 people),IT.CEL.SETS.P2,2012,138.488452744047,Sub-Saharan Africa,Upper middle income
Gabon,GAB,Mobile cellular subscriptions (per 100 people),IT.CEL.SETS.P2,2013,143.499442515887,Sub-Saharan Africa,Upper middle income
Gabon,GAB,Mobile cellular subscriptions (per 100 people),IT.CEL.SETS.P2,2014,148.237590091786,Sub-Saharan Africa,Upper middle income
Gabon,GAB,Mobile cellular subscriptions (per 100 people),IT.CEL.SETS.P2,2015,138.244498133013,Sub-Saharan Africa,Upper middle income
Gabon,GAB,Mobile cellular subscriptions (per 100 people),IT.CEL.SETS.P2,2016,141.050208874326,Sub-Saharan Africa,Upper middle income
Gabon,GAB,Mobile cellular subscriptions (per 100 people),IT.CEL.SETS.P2,2017,123.475497241411,Sub-Saharan Africa,Upper middle income
Gabon,GAB,Mobile cellular subscriptions (per 100 people),IT.CEL.SETS.P2,2018,132.465314660912,Sub-Saharan Africa,Upper middle income
Gabon,GAB,Mobile cellular subscriptions (per 100 people),IT.CEL.SETS.P2,2019,131.975264871196,Sub-Saharan Africa,Upper middle income
Gabon,GAB,Mobile cellular subscriptions (per 100 people),IT.CEL.SETS.P2,2020,131.301562643297,Sub-Saharan Africa,Upper middle income
Gabon,GAB,Mobile cellular subscriptions (per 100 people),IT.CEL.SETS.P2,2021,132.30865873249,Sub-Saharan Africa,Upper middle income
Gabon,GAB,Mobile cellular subscriptions (per 100 people),IT.CEL.SETS.P2,2022,123.233187164275,Sub-Saharan Africa,Upper middle income
Gabon,GAB,Mobile cellular subscriptions (per 100 people),IT.CEL.SETS.P2,2023,122.606627765979,Sub-Saharan Africa,Upper middle income
Gabon,GAB,Mobile cellular subscriptions (per 100 people),IT.CEL.SETS.P2,2024,125.337107593999,Sub-Saharan Africa,Upper middle income
Gabon,GAB,Fixed broadband subscriptions (per 100 people),IT.NET.BBND.P2,2003,0.012297898506167,Sub-Saharan Africa,Upper middle income
Gabon,GAB,Fixed broadband subscriptions (per 100 people),IT.NET.BBND.P2,2004,0.0457228394023955,Sub-Saharan Africa,Upper middle income
Gabon,GAB,Fixed broadband subscriptions (per 100 people),IT.NET.BBND.P2,2005,0.104544258777789,Sub-Saharan Africa,Upper middle income
Gabon,GAB,Fixed broadband subscriptions (per 100 people),IT.NET.BBND.P2,2006,0.116883693763396,Sub-Saharan Africa,Upper middle income
Gabon,GAB,Fixed broadband subscriptions (per 100 people),IT.NET.BBND.P2,2007,0.127422751161937,Sub-Saharan Africa,Upper middle income
Gabon,GAB,Fixed broadband subscriptions (per 100 people),IT.NET.BBND.P2,2008,0.136886151165866,Sub-Saharan Africa,Upper middle income
Gabon,GAB,Fixed broadband subscriptions (per 100 people),IT.NET.BBND.P2,2009,0.222502280994441,Sub-Saharan Africa,Upper middle income
Gabon,GAB,Fixed broadband subscriptions (per 100 people),IT.NET.BBND.P2,2010,0.237342278148637,Sub-Saharan Africa,Upper middle income
Gabon,GAB,Fixed broadband subscriptions (per 100 people),IT.NET.BBND.P2,2011,0.252527378176584,Sub-Saharan Africa,Upper middle income
Gabon,GAB,Fixed broadband subscriptions (per 100 people),IT.NET.BBND.P2,2012,0.270725528171969,Sub-Saharan Africa,Upper middle income
Gabon,GAB,Fixed broadband subscriptions (per 100 people),IT.NET.BBND.P2,2013,0.465223498072982,Sub-Saharan Africa,Upper middle income
Gabon,GAB,Fixed broadband subscriptions (per 100 people),IT.NET.BBND.P2,2014,0.545895949199327,Sub-Saharan Africa,Upper middle income
Gabon,GAB,Fixed broadband subscriptions (per 100 people),IT.NET.BBND.P2,2015,0.542972059134077,Sub-Saharan Africa,Upper middle income
Gabon,GAB,Fixed broadband subscriptions (per 100 people),IT.NET.BBND.P2,2016,0.715038665794413,Sub-Saharan Africa,Upper middle income
Gabon,GAB,Fixed broadband subscriptions (per 100 people),IT.NET.BBND.P2,2017,0.683712735870926,Sub-Saharan Africa,Upper middle income
Gabon,GAB,Fixed broadband subscriptions (per 100 people),IT.NET.BBND.P2,2018,0.953117951397584,Sub-Saharan Africa,Upper middle income
Gabon,GAB,Fixed broadband subscriptions (per 100 people),IT.NET.BBND.P2,2019,1.07496298020996,Sub-Saharan Africa,Upper middle income
Gabon,GAB,Fixed broadband subscriptions (per 100 people),IT.NET.BBND.P2,2020,1.9206136043356,Sub-Saharan Africa,Upper middle income
Gabon,GAB,Fixed broadband subscriptions (per 100 people),IT.NET.BBND.P2,2021,2.65142494578668,Sub-Saharan Africa,Upper middle income
Gabon,GAB,Fixed broadband subscriptions (per 100 people),IT.NET.BBND.P2,2022,3.3054859267542,Sub-Saharan Africa,Upper middle income
Gabon,GAB,Fixed broadband subscriptions (per 100 people),IT.NET.BBND.P2,2023,3.97293291301595,Sub-Saharan Africa,Upper middle income
Gabon,GAB,Fixed broadband subscriptions (per 100 people),IT.NET.BBND.P2,2024,4.6941021334787,Sub-Saharan Africa,Upper middle income
Gabon,GAB,Secure Internet servers (per 1 million people),IT.NET.SECR.P6,2010,2.325745008805852,Sub-Saharan Africa,Upper middle income
Gabon,GAB,Secure Internet servers (per 1 million people),IT.NET.SECR.P6,2011,17.396330496609117,Sub-Saharan Africa,Upper middle income
Gabon,GAB,Secure Internet servers (per 1 million people),IT.NET.SECR.P6,2012,7.580314788815137,Sub-Saharan Africa,Upper middle income
Gabon,GAB,Secure Internet servers (per 1 million people),IT.NET.SECR.P6,2013,11.49990669393887,Sub-Saharan Africa,Upper middle income
Gabon,GAB,Secure Internet servers (per 1 million people),IT.NET.SECR.P6,2014,11.625561881096786,Sub-Saharan Africa,Upper middle income
Gabon,GAB,Secure Internet servers (per 1 million people),IT.NET.SECR.P6,2015,15.678673427441304,Sub-Saharan Africa,Upper middle income
Gabon,GAB,Secure Internet servers (per 1 million people),IT.NET.SECR.P6,2016,21.425449434510973,Sub-Saharan Africa,Upper middle income
Gabon,GAB,Secure Internet servers (per 1 million people),IT.NET.SECR.P6,2017,26.89044461959293,Sub-Saharan Africa,Upper middle income
Gabon,GAB,Secure Internet servers (per 1 million people),IT.NET.SECR.P6,2018,25.31281669271777,Sub-Saharan Africa,Upper middle income
Gabon,GAB,Secure Internet servers (per 1 million people),IT.NET.SECR.P6,2019,24.253584900335408,Sub-Saharan Africa,Upper middle income
Gabon,GAB,Secure Internet servers (per 1 million people),IT.NET.SECR.P6,2020,42.19520102784065,Sub-Saharan Africa,Upper middle income
Gabon,GAB,Secure Internet servers (per 1 million people),IT.NET.SECR.P6,2021,39.97101890755419,Sub-Saharan Africa,Upper middle income
Gabon,GAB,Secure Internet servers (per 1 million people),IT.NET.SECR.P6,2022,28.386335558575205,Sub-Saharan Africa,Upper middle income
Gabon,GAB,Secure Internet servers (per 1 million people),IT.NET.SECR.P6,2023,43.06200647217933,Sub-Saharan Africa,Upper middle income
Gabon,GAB,Secure Internet servers (per 1 million people),IT.NET.SECR.P6,2024,87.0437881456601,Sub-Saharan Africa,Upper middle income
Gabon,GAB,Individuals using the Internet (% of population),IT.NET.USER.ZS,2000,1.21614061828589,Sub-Saharan Africa,Upper middle income
Gabon,GAB,Individuals using the Internet (% of population),IT.NET.USER.ZS,2001,1.34762022159633,Sub-Saharan Africa,Upper middle income
Gabon,GAB,Individuals using the Internet (% of population),IT.NET.USER.ZS,2002,1.93953010616212,Sub-Saharan Africa,Upper middle income
Gabon,GAB,Individuals using the Internet (% of population),IT.NET.USER.ZS,2003,2.65958659385985,Sub-Saharan Africa,Upper middle income
Gabon,GAB,Individuals using the Internet (% of population),IT.NET.USER.ZS,2004,2.97906980035019,Sub-Saharan Africa,Upper middle income
Gabon,GAB,Individuals using the Internet (% of population),IT.NET.USER.ZS,2005,4.89326474972412,Sub-Saharan Africa,Upper middle income
Gabon,GAB,Individuals using the Internet (% of population),IT.NET.USER.ZS,2006,5.48920080280135,Sub-Saharan Africa,Upper middle income
Gabon,GAB,Individuals using the Internet (% of population),IT.NET.USER.ZS,2007,5.767000198,Sub-Saharan Africa,Upper middle income
Gabon,GAB,Individuals using the Internet (% of population),IT.NET.USER.ZS,2008,7.5,Sub-Saharan Africa,Upper middle income
Gabon,GAB,Individuals using the Internet (% of population),IT.NET.USER.ZS,2009,9.5,Sub-Saharan Africa,Upper middle income
Gabon,GAB,Individuals using the Internet (% of population),IT.NET.USER.ZS,2010,13.0,Sub-Saharan Africa,Upper middle income
Gabon,GAB,Individuals using the Internet (% of population),IT.NET.USER.ZS,2011,18.0,Sub-Saharan Africa,Upper middle income
Gabon,GAB,Individuals using the Internet (% of population),IT.NET.USER.ZS,2012,24.0,Sub-Saharan Africa,Upper middle income
Gabon,GAB,Individuals using the Internet (% of population),IT.NET.USER.ZS,2013,30.53800011,Sub-Saharan Africa,Upper middle income
Gabon,GAB,Individuals using the Internet (% of population),IT.NET.USER.ZS,2014,38.07120132,Sub-Saharan Africa,Upper middle income
Gabon,GAB,Individuals using the Internet (% of population),IT.NET.USER.ZS,2015,45.78450012,Sub-Saharan Africa,Upper middle income
Gabon,GAB,Individuals using the Internet (% of population),IT.NET.USER.ZS,2016,48.0522995,Sub-Saharan Africa,Upper middle income
Gabon,GAB,Individuals using the Internet (% of population),IT.NET.USER.ZS,2017,51.60490036,Sub-Saharan Africa,Upper middle income
Gabon,GAB,Individuals using the Internet (% of population),IT.NET.USER.ZS,2018,55.42020035,Sub-Saharan Africa,Upper middle income
Gabon,GAB,Individuals using the Internet (% of population),IT.NET.USER.ZS,2019,59.51760101,Sub-Saharan Africa,Upper middle income
Gabon,GAB,Individuals using the Internet (% of population),IT.NET.USER.ZS,2020,63.91790009,Sub-Saharan Africa,Upper middle income
Gabon,GAB,Individuals using the Internet (% of population),IT.NET.USER.ZS,2021,65.76809692,Sub-Saharan Africa,Upper middle income
Gabon,GAB,Individuals using the Internet (% of population),IT.NET.USER.ZS,2022,67.67169952,Sub-Saharan Africa,Upper middle income
Gabon,GAB,Individuals using the Internet (% of population),IT.NET.USER.ZS,2023,68.19789886,Sub-Saharan Africa,Upper middle income
Gabon,GAB,Individuals using the Internet (% of population),IT.NET.USER.ZS,2024,68.72090149,Sub-Saharan Africa,Upper middle income
Gambia,GMB,Mobile cellular subscriptions (per 100 people),IT.CEL.SETS.P2,2000,0.384857506508215,Sub-Saharan Africa,Low income
Gambia,GMB,Mobile cellular subscriptions (per 100 people),IT.CEL.SETS.P2,2001,3.68458827393243,Sub-Saharan Africa,Low income
Gambia,GMB,Mobile cellular subscriptions (per 100 people),IT.CEL.SETS.P2,2002,6.51172664292491,Sub-Saharan Africa,Low income
Gambia,GMB,Mobile cellular subscriptions (per 100 people),IT.CEL.SETS.P2,2003,9.46367640692161,Sub-Saharan Africa,Low income
Gambia,GMB,Mobile cellular subscriptions (per 100 people),IT.CEL.SETS.P2,2004,10.7937275490467,Sub-Saharan Africa,Low income
Gambia,GMB,Mobile cellular subscriptions (per 100 people),IT.CEL.SETS.P2,2005,14.8453813562626,Sub-Saharan Africa,Low income
Gambia,GMB,Mobile cellular subscriptions (per 100 people),IT.CEL.SETS.P2,2006,23.573187972774,Sub-Saharan Africa,Low income
Gambia,GMB,Mobile cellular subscriptions (per 100 people),IT.CEL.SETS.P2,2007,45.3269217918035,Sub-Saharan Africa,Low income
Gambia,GMB,Mobile cellular subscriptions (per 100 people),IT.CEL.SETS.P2,2008,64.1491166497603,Sub-Saharan Africa,Low income
Gambia,GMB,Mobile cellular subscriptions (per 100 people),IT.CEL.SETS.P2,2009,70.153818860738,Sub-Saharan Africa,Low income
Gambia,GMB,Mobile cellular subscriptions (per 100 people),IT.CEL.SETS.P2,2010,76.7322734515709,Sub-Saharan Africa,Low income
Gambia,GMB,Mobile cellular subscriptions (per 100 people),IT.CEL.SETS.P2,2011,70.6308247268856,Sub-Saharan Africa,Low income
Gambia,GMB,Mobile cellular subscriptions (per 100 people),IT.CEL.SETS.P2,2012,74.6999893299085,Sub-Saharan Africa,Low income
Gambia,GMB,Mobile cellular subscriptions (per 100 people),IT.CEL.SETS.P2,2013,87.8808072933996,Sub-Saharan Africa,Low income
Gambia,GMB,Mobile cellular subscriptions (per 100 people),IT.CEL.SETS.P2,2014,105.505264889158,Sub-Saharan Africa,Low income
Gambia,GMB,Mobile cellular subscriptions (per 100 people),IT.CEL.SETS.P2,2015,122.078516396055,Sub-Saharan Africa,Low income
Gambia,GMB,Mobile cellular subscriptions (per 100 people),IT.CEL.SETS.P2,2016,124.273821038818,Sub-Saharan Africa,Low income
Gambia,GMB,Mobile cellular subscriptions (per 100 people),IT.CEL.SETS.P2,2017,126.633674737607,Sub-Saharan Africa,Low income
Gambia,GMB,Mobile cellular subscriptions (per 100 people),IT.CEL.SETS.P2,2018,132.57837035012,Sub-Saharan Africa,Low income
Gambia,GMB,Mobile cellular subscriptions (per 100 people),IT.CEL.SETS.P2,2019,105.204644657943,Sub-Saharan Africa,Low income
Gambia,GMB,Mobile cellular subscriptions (per 100 people),IT.CEL.SETS.P2,2020,106.448259811355,Sub-Saharan Africa,Low income
Gambia,GMB,Mobile cellular subscriptions (per 100 people),IT.CEL.SETS.P2,2021,108.847403542688,Sub-Saharan Africa,Low income
Gambia,GMB,Mobile cellular subscriptions (per 100 people),IT.CEL.SETS.P2,2022,106.782250509204,Sub-Saharan Africa,Low income
Gambia,GMB,Mobile cellular subscriptions (per 100 people),IT.CEL.SETS.P2,2023,117.115660832998,Sub-Saharan Africa,Low income
Gambia,GMB,Mobile cellular subscriptions (per 100 people),IT.CEL.SETS.P2,2024,126.243773523653,Sub-Saharan Africa,Low income
Gambia,GMB,Fixed broadband subscriptions (per 100 people),IT.NET.BBND.P2,2004,0.0022204239529467,Sub-Saharan Africa,Low income
Gambia,GMB,Fixed broadband subscriptions (per 100 people),IT.NET.BBND.P2,2005,0.0042590536382815,Sub-Saharan Africa,Low income
Gambia,GMB,Fixed broadband subscriptions (per 100 people),IT.NET.BBND.P2,2007,0.0152341126327605,Sub-Saharan Africa,Low income
Gambia,GMB,Fixed broadband subscriptions (per 100 people),IT.NET.BBND.P2,2008,0.0165029936430468,Sub-Saharan Africa,Low income
Gambia,GMB,Fixed broadband subscriptions (per 100 people),IT.NET.BBND.P2,2009,0.0160305906417687,Sub-Saharan Africa,Low income
Gambia,GMB,Fixed broadband subscriptions (per 100 people),IT.NET.BBND.P2,2010,0.0181664356934128,Sub-Saharan Africa,Low income
Gambia,GMB,Fixed broadband subscriptions (per 100 people),IT.NET.BBND.P2,2011,0.0220286079532852,Sub-Saharan Africa,Low income
Gambia,GMB,Fixed broadband subscriptions (per 100 people),IT.NET.BBND.P2,2012,0.0244726870129323,Sub-Saharan Africa,Low income
Gambia,GMB,Fixed broadband subscriptions (per 100 people),IT.NET.BBND.P2,2013,0.0208192716106891,Sub-Saharan Africa,Low income
Gambia,GMB,Fixed broadband subscriptions (per 100 people),IT.NET.BBND.P2,2014,0.126725087409357,Sub-Saharan Africa,Low income
Gambia,GMB,Fixed broadband subscriptions (per 100 people),IT.NET.BBND.P2,2015,0.160618270204614,Sub-Saharan Africa,Low income
Gambia,GMB,Fixed broadband subscriptions (per 100 people),IT.NET.BBND.P2,2016,0.164202246374305,Sub-Saharan Africa,Low income
Gambia,GMB,Fixed broadband subscriptions (per 100 people),IT.NET.BBND.P2,2017,0.17078041097452,Sub-Saharan Africa,Low income
Gambia,GMB,Fixed broadband subscriptions (per 100 people),IT.NET.BBND.P2,2018,0.184736659621142,Sub-Saharan Africa,Low income
Gambia,GMB,Fixed broadband subscriptions (per 100 people),IT.NET.BBND.P2,2019,0.203513124968455,Sub-Saharan Africa,Low income
Gambia,GMB,Fixed broadband subscriptions (per 100 people),IT.NET.BBND.P2,2020,0.198749231337348,Sub-Saharan Africa,Low income
Gambia,GMB,Fixed broadband subscriptions (per 100 people),IT.NET.BBND.P2,2021,0.194098625393535,Sub-Saharan Africa,Low income
Gambia,GMB,Fixed broadband subscriptions (per 100 people),IT.NET.BBND.P2,2022,0.215818879031432,Sub-Saharan Africa,Low income
Gambia,GMB,Fixed broadband subscriptions (per 100 people),IT.NET.BBND.P2,2023,0.502141524068284,Sub-Saharan Africa,Low income
Gambia,GMB,Fixed broadband subscriptions (per 100 people),IT.NET.BBND.P2,2024,0.518552979215852,Sub-Saharan Africa,Low income
Gambia,GMB,Secure Internet servers (per 1 million people),IT.NET.SECR.P6,2010,4.152328158494366,Sub-Saharan Africa,Low income
Gambia,GMB,Secure Internet servers (per 1 million people),IT.NET.SECR.P6,2011,2.016348554076452,Sub-Saharan Africa,Low income
Gambia,GMB,Secure Internet servers (per 1 million people),IT.NET.SECR.P6,2012,2.9367224415518813,Sub-Saharan Africa,Low income
Gambia,GMB,Secure Internet servers (per 1 million people),IT.NET.SECR.P6,2013,3.8026066868838586,Sub-Saharan Africa,Low income
Gambia,GMB,Secure Internet servers (per 1 million people),IT.NET.SECR.P6,2014,7.391911770141112,Sub-Saharan Africa,Low income
Gambia,GMB,Secure Internet servers (per 1 million people),IT.NET.SECR.P6,2015,7.642067152192666,Sub-Saharan Africa,Low income
Gambia,GMB,Secure Internet servers (per 1 million people),IT.NET.SECR.P6,2016,8.319580482964783,Sub-Saharan Africa,Low income
Gambia,GMB,Secure Internet servers (per 1 million people),IT.NET.SECR.P6,2017,45.2568089082478,Sub-Saharan Africa,Low income
Gambia,GMB,Secure Internet servers (per 1 million people),IT.NET.SECR.P6,2018,23.33691165978784,Sub-Saharan Africa,Low income
Gambia,GMB,Secure Internet servers (per 1 million people),IT.NET.SECR.P6,2019,21.165364996719365,Sub-Saharan Africa,Low income
Gambia,GMB,Secure Internet servers (per 1 million people),IT.NET.SECR.P6,2020,27.82489238722869,Sub-Saharan Africa,Low income
Gambia,GMB,Secure Internet servers (per 1 million people),IT.NET.SECR.P6,2021,46.19547284366132,Sub-Saharan Africa,Low income
Gambia,GMB,Secure Internet servers (per 1 million people),IT.NET.SECR.P6,2022,49.68765053271989,Sub-Saharan Africa,Low income
Gambia,GMB,Secure Internet servers (per 1 million people),IT.NET.SECR.P6,2023,52.26393658642361,Sub-Saharan Africa,Low income
Gambia,GMB,Secure Internet servers (per 1 million people),IT.NET.SECR.P6,2024,58.69590737351032,Sub-Saharan Africa,Low income
Gambia,GMB,Individuals using the Internet (% of population),IT.NET.USER.ZS,2000,0.921794919066406,Sub-Saharan Africa,Low income
Gambia,GMB,Individuals using the Internet (% of population),IT.NET.USER.ZS,2001,1.33679116648397,Sub-Saharan Africa,Low income
Gambia,GMB,Individuals using the Internet (% of population),IT.NET.USER.ZS,2002,1.79677988296495,Sub-Saharan Africa,Low income
Gambia,GMB,Individuals using the Internet (% of population),IT.NET.USER.ZS,2003,2.436781193062,Sub-Saharan Africa,Low income
Gambia,GMB,Individuals using the Internet (% of population),IT.NET.USER.ZS,2004,3.30800347812937,Sub-Saharan Africa,Low income
Gambia,GMB,Individuals using the Internet (% of population),IT.NET.USER.ZS,2005,3.799000025,Sub-Saharan Africa,Low income
Gambia,GMB,Individuals using the Internet (% of population),IT.NET.USER.ZS,2006,5.23769115841218,Sub-Saharan Africa,Low income
Gambia,GMB,Individuals using the Internet (% of population),IT.NET.USER.ZS,2007,6.20503741852418,Sub-Saharan Africa,Low income
Gambia,GMB,Individuals using the Internet (% of population),IT.NET.USER.ZS,2008,6.880000114,Sub-Saharan Africa,Low income
Gambia,GMB,Individuals using the Internet (% of population),IT.NET.USER.ZS,2009,7.630000114,Sub-Saharan Africa,Low income
Gambia,GMB,Individuals using the Internet (% of population),IT.NET.USER.ZS,2010,9.2,Sub-Saharan Africa,Low income
Gambia,GMB,Individuals using the Internet (% of population),IT.NET.USER.ZS,2011,10.87030029,Sub-Saharan Africa,Low income
Gambia,GMB,Individuals using the Internet (% of population),IT.NET.USER.ZS,2012,12.44919968,Sub-Saharan Africa,Low income
Gambia,GMB,Individuals using the Internet (% of population),IT.NET.USER.ZS,2013,14.0,Sub-Saharan Africa,Low income
Gambia,GMB,Individuals using the Internet (% of population),IT.NET.USER.ZS,2014,15.56000042,Sub-Saharan Africa,Low income
Gambia,GMB,Individuals using the Internet (% of population),IT.NET.USER.ZS,2015,17.59950066,Sub-Saharan Africa,Low income
Gambia,GMB,Individuals using the Internet (% of population),IT.NET.USER.ZS,2016,19.90640068,Sub-Saharan Africa,Low income
Gambia,GMB,Individuals using the Internet (% of population),IT.NET.USER.ZS,2017,22.5156002,Sub-Saharan Africa,Low income
Gambia,GMB,Individuals using the Internet (% of population),IT.NET.USER.ZS,2018,28.30900002,Sub-Saharan Africa,Low income
Gambia,GMB,Individuals using the Internet (% of population),IT.NET.USER.ZS,2019,31.11829948,Sub-Saharan Africa,Low income
Gambia,GMB,Individuals using the Internet (% of population),IT.NET.USER.ZS,2020,36.01100159,Sub-Saharan Africa,Low income
Gambia,GMB,Individuals using the Internet (% of population),IT.NET.USER.ZS,2021,41.67309952,Sub-Saharan Africa,Low income
Gambia,GMB,Individuals using the Internet (% of population),IT.NET.USER.ZS,2022,48.22539902,Sub-Saharan Africa,Low income
Gambia,GMB,Individuals using the Internet (% of population),IT.NET.USER.ZS,2023,48.72829819,Sub-Saharan Africa,Low income
Gambia,GMB,Individuals using the Internet (% of population),IT.NET.USER.ZS,2024,49.49430084,Sub-Saharan Africa,Low income
Ghana,GHA,Mobile cellular subscriptions (per 100 people),IT.CEL.SETS.P2,2000,0.662241808064506,Sub-Saharan Africa,Lower middle income
Ghana,GHA,Mobile cellular subscriptions (per 100 people),IT.CEL.SETS.P2,2001,1.20888662601392,Sub-Saharan Africa,Lower middle income
Ghana,GHA,Mobile cellular subscriptions (per 100 people),IT.CEL.SETS.P2,2002,1.86582932404951,Sub-Saharan Africa,Lower middle income
Ghana,GHA,Mobile cellular subscriptions (per 100 people),IT.CEL.SETS.P2,2003,3.73545578999193,Sub-Saharan Africa,Lower middle income
Ghana,GHA,Mobile cellular subscriptions (per 100 people),IT.CEL.SETS.P2,2004,7.75094614130464,Sub-Saharan Africa,Lower middle income
Ghana,GHA,Mobile cellular subscriptions (per 100 people),IT.CEL.SETS.P2,2005,12.8045967119533,Sub-Saharan Africa,Lower middle income
Ghana,GHA,Mobile cellular subscriptions (per 100 people),IT.CEL.SETS.P2,2006,22.6001881366288,Sub-Saharan Africa,Lower middle income
Ghana,GHA,Mobile cellular subscriptions (per 100 people),IT.CEL.SETS.P2,2007,32.1629441899404,Sub-Saharan Africa,Lower middle income
Ghana,GHA,Mobile cellular subscriptions (per 100 people),IT.CEL.SETS.P2,2008,47.7132196500561,Sub-Saharan Africa,Lower middle income
Ghana,GHA,Mobile cellular subscriptions (per 100 people),IT.CEL.SETS.P2,2009,60.7694975888344,Sub-Saharan Africa,Lower middle income
Ghana,GHA,Mobile cellular subscriptions (per 100 people),IT.CEL.SETS.P2,2010,68.4473107845556,Sub-Saharan Africa,Lower middle income
Ghana,GHA,Mobile cellular subscriptions (per 100 people),IT.CEL.SETS.P2,2011,81.1104488323626,Sub-Saharan Africa,Lower middle income
Ghana,GHA,Mobile cellular subscriptions (per 100 people),IT.CEL.SETS.P2,2012,95.8261770997433,Sub-Saharan Africa,Lower middle income
Ghana,GHA,Mobile cellular subscriptions (per 100 people),IT.CEL.SETS.P2,2013,102.337999297675,Sub-Saharan Africa,Lower middle income
Ghana,GHA,Mobile cellular subscriptions (per 100 people),IT.CEL.SETS.P2,2014,108.270496910446,Sub-Saharan Africa,Lower middle income
Ghana,GHA,Mobile cellular subscriptions (per 100 people),IT.CEL.SETS.P2,2015,121.997156544235,Sub-Saharan Africa,Lower middle income
Ghana,GHA,Mobile cellular subscriptions (per 100 people),IT.CEL.SETS.P2,2016,130.481366086196,Sub-Saharan Africa,Lower middle income
Ghana,GHA,Mobile cellular subscriptions (per 100 people),IT.CEL.SETS.P2,2017,122.471765695646,Sub-Saharan Africa,Lower middle income
Ghana,GHA,Mobile cellular subscriptions (per 100 people),IT.CEL.SETS.P2,2018,133.609992432498,Sub-Saharan Africa,Lower middle income
Ghana,GHA,Mobile cellular subscriptions (per 100 people),IT.CEL.SETS.P2,2019,130.70523333401,Sub-Saharan Africa,Lower middle income
Ghana,GHA,Mobile cellular subscriptions (per 100 people),IT.CEL.SETS.P2,2020,126.887391353856,Sub-Saharan Africa,Lower middle income
Ghana,GHA,Mobile cellular subscriptions (per 100 people),IT.CEL.SETS.P2,2021,124.402625384529,Sub-Saharan Africa,Lower middle income
Ghana,GHA,Mobile cellular subscriptions (per 100 people),IT.CEL.SETS.P2,2022,120.803416027053,Sub-Saharan Africa,Lower middle income
Ghana,GHA,Mobile cellular subscriptions (per 100 people),IT.CEL.SETS.P2,2023,98.8059221412722,Sub-Saharan Africa,Lower middle income
Ghana,GHA,Mobile cellular subscriptions (per 100 people),IT.CEL.SETS.P2,2024,113.647966704673,Sub-Saharan Africa,Lower middle income
Ghana,GHA,Fixed broadband subscriptions (per 100 people),IT.NET.BBND.P2,2004,0.0041155466237015,Sub-Saharan Africa,Lower middle income
Ghana,GHA,Fixed broadband subscriptions (per 100 people),IT.NET.BBND.P2,2005,0.0084812813576892,Sub-Saharan Africa,Lower middle income
Ghana,GHA,Fixed broadband subscriptions (per 100 people),IT.NET.BBND.P2,2006,0.055332515476308,Sub-Saharan Africa,Lower middle income
Ghana,GHA,Fixed broadband subscriptions (per 100 people),IT.NET.BBND.P2,2007,0.068508623893661,Sub-Saharan Africa,Lower middle income
Ghana,GHA,Fixed broadband subscriptions (per 100 people),IT.NET.BBND.P2,2008,0.0947630976167947,Sub-Saharan Africa,Lower middle income
Ghana,GHA,Fixed broadband subscriptions (per 100 people),IT.NET.BBND.P2,2009,0.114231524023331,Sub-Saharan Africa,Lower middle income
Ghana,GHA,Fixed broadband subscriptions (per 100 people),IT.NET.BBND.P2,2010,0.204455388509399,Sub-Saharan Africa,Lower middle income
Ghana,GHA,Fixed broadband subscriptions (per 100 people),IT.NET.BBND.P2,2011,0.249660012642992,Sub-Saharan Africa,Lower middle income
Ghana,GHA,Fixed broadband subscriptions (per 100 people),IT.NET.BBND.P2,2012,0.254848945181518,Sub-Saharan Africa,Lower middle income
Ghana,GHA,Fixed broadband subscriptions (per 100 people),IT.NET.BBND.P2,2013,0.251203224924326,Sub-Saharan Africa,Lower middle income
Ghana,GHA,Fixed broadband subscriptions (per 100 people),IT.NET.BBND.P2,2014,0.250235435990938,Sub-Saharan Africa,Lower middle income
Ghana,GHA,Fixed broadband subscriptions (per 100 people),IT.NET.BBND.P2,2015,0.254850246382187,Sub-Saharan Africa,Lower middle income
Ghana,GHA,Fixed broadband subscriptions (per 100 people),IT.NET.BBND.P2,2016,0.294978237026438,Sub-Saharan Africa,Lower middle income
Ghana,GHA,Fixed broadband subscriptions (per 100 people),IT.NET.BBND.P2,2017,0.189313949042323,Sub-Saharan Africa,Lower middle income
Ghana,GHA,Fixed broadband subscriptions (per 100 people),IT.NET.BBND.P2,2018,0.199976597372149,Sub-Saharan Africa,Lower middle income
Ghana,GHA,Fixed broadband subscriptions (per 100 people),IT.NET.BBND.P2,2019,0.187204014722826,Sub-Saharan Africa,Lower middle income
Ghana,GHA,Fixed broadband subscriptions (per 100 people),IT.NET.BBND.P2,2020,0.245771040587956,Sub-Saharan Africa,Lower middle income
Ghana,GHA,Fixed broadband subscriptions (per 100 people),IT.NET.BBND.P2,2021,0.352237707175248,Sub-Saharan Africa,Lower middle income
Ghana,GHA,Fixed broadband subscriptions (per 100 people),IT.NET.BBND.P2,2022,0.62494509663475,Sub-Saharan Africa,Lower middle income
Ghana,GHA,Fixed broadband subscriptions (per 100 people),IT.NET.BBND.P2,2023,0.555476730525596,Sub-Saharan Africa,Lower middle income
Ghana,GHA,Fixed broadband subscriptions (per 100 people),IT.NET.BBND.P2,2024,0.664728986034211,Sub-Saharan Africa,Lower middle income
Ghana,GHA,Secure Internet servers (per 1 million people),IT.NET.SECR.P6,2010,0.8635919261220659,Sub-Saharan Africa,Lower middle income
Ghana,GHA,Secure Internet servers (per 1 million people),IT.NET.SECR.P6,2011,1.2646058139370904,Sub-Saharan Africa,Lower middle income
Ghana,GHA,Secure Internet servers (per 1 million people),IT.NET.SECR.P6,2012,2.6183623205991653,Sub-Saharan Africa,Lower middle income
Ghana,GHA,Secure Internet servers (per 1 million people),IT.NET.SECR.P6,2013,4.126166787767836,Sub-Saharan Africa,Lower middle income
Ghana,GHA,Secure Internet servers (per 1 million people),IT.NET.SECR.P6,2014,5.277874380313357,Sub-Saharan Africa,Lower middle income
Ghana,GHA,Secure Internet servers (per 1 million people),IT.NET.SECR.P6,2015,6.969595973915311,Sub-Saharan Africa,Lower middle income
Ghana,GHA,Secure Internet servers (per 1 million people),IT.NET.SECR.P6,2016,94.04994600558877,Sub-Saharan Africa,Lower middle income
Ghana,GHA,Secure Internet servers (per 1 million people),IT.NET.SECR.P6,2017,91.44120333957672,Sub-Saharan Africa,Lower middle income
Ghana,GHA,Secure Internet servers (per 1 million people),IT.NET.SECR.P6,2018,21.18313176446512,Sub-Saharan Africa,Lower middle income
Ghana,GHA,Secure Internet servers (per 1 million people),IT.NET.SECR.P6,2019,43.79546398638854,Sub-Saharan Africa,Lower middle income
Ghana,GHA,Secure Internet servers (per 1 million people),IT.NET.SECR.P6,2020,57.89046215122525,Sub-Saharan Africa,Lower middle income
Ghana,GHA,Secure Internet servers (per 1 million people),IT.NET.SECR.P6,2021,50.00205266729123,Sub-Saharan Africa,Lower middle income
Ghana,GHA,Secure Internet servers (per 1 million people),IT.NET.SECR.P6,2022,49.14152856760861,Sub-Saharan Africa,Lower middle income
Ghana,GHA,Secure Internet servers (per 1 million people),IT.NET.SECR.P6,2023,48.15331304560559,Sub-Saharan Africa,Lower middle income
Ghana,GHA,Secure Internet servers (per 1 million people),IT.NET.SECR.P6,2024,48.91450749103606,Sub-Saharan Africa,Lower middle income
Ghana,GHA,Individuals using the Internet (% of population),IT.NET.USER.ZS,2000,0.153615297625799,Sub-Saharan Africa,Lower middle income
Ghana,GHA,Individuals using the Internet (% of population),IT.NET.USER.ZS,2001,0.200008060324831,Sub-Saharan Africa,Lower middle income
Ghana,GHA,Individuals using the Internet (% of population),IT.NET.USER.ZS,2002,0.830284033818738,Sub-Saharan Africa,Lower middle income
Ghana,GHA,Individuals using the Internet (% of population),IT.NET.USER.ZS,2003,1.19305791098328,Sub-Saharan Africa,Lower middle income
Ghana,GHA,Individuals using the Internet (% of population),IT.NET.USER.ZS,2004,1.71679770389504,Sub-Saharan Africa,Lower middle income
Ghana,GHA,Individuals using the Internet (% of population),IT.NET.USER.ZS,2005,1.83119746104616,Sub-Saharan Africa,Lower middle income
Ghana,GHA,Individuals using the Internet (% of population),IT.NET.USER.ZS,2006,2.72317597313987,Sub-Saharan Africa,Lower middle income
Ghana,GHA,Individuals using the Internet (% of population),IT.NET.USER.ZS,2007,3.85,Sub-Saharan Africa,Lower middle income
Ghana,GHA,Individuals using the Internet (% of population),IT.NET.USER.ZS,2008,4.27,Sub-Saharan Africa,Lower middle income
Ghana,GHA,Individuals using the Internet (% of population),IT.NET.USER.ZS,2009,5.44,Sub-Saharan Africa,Lower middle income
Ghana,GHA,Individuals using the Internet (% of population),IT.NET.USER.ZS,2010,7.8,Sub-Saharan Africa,Lower middle income
Ghana,GHA,Individuals using the Internet (% of population),IT.NET.USER.ZS,2011,9.0,Sub-Saharan Africa,Lower middle income
Ghana,GHA,Individuals using the Internet (% of population),IT.NET.USER.ZS,2012,10.6,Sub-Saharan Africa,Lower middle income
Ghana,GHA,Individuals using the Internet (% of population),IT.NET.USER.ZS,2013,15.0,Sub-Saharan Africa,Lower middle income
Ghana,GHA,Individuals using the Internet (% of population),IT.NET.USER.ZS,2014,19.0,Sub-Saharan Africa,Lower middle income
Ghana,GHA,Individuals using the Internet (% of population),IT.NET.USER.ZS,2015,23.0,Sub-Saharan Africa,Lower middle income
Ghana,GHA,Individuals using the Internet (% of population),IT.NET.USER.ZS,2016,28.0,Sub-Saharan Africa,Lower middle income
Ghana,GHA,Individuals using the Internet (% of population),IT.NET.USER.ZS,2017,37.88420105,Sub-Saharan Africa,Lower middle income
Ghana,GHA,Individuals using the Internet (% of population),IT.NET.USER.ZS,2018,43.0,Sub-Saharan Africa,Lower middle income
Ghana,GHA,Individuals using the Internet (% of population),IT.NET.USER.ZS,2019,22.0732,Sub-Saharan Africa,Lower middle income
Ghana,GHA,Individuals using the Internet (% of population),IT.NET.USER.ZS,2020,62.51760101,Sub-Saharan Africa,Lower middle income
Ghana,GHA,Individuals using the Internet (% of population),IT.NET.USER.ZS,2021,68.6,Sub-Saharan Africa,Lower middle income
Ghana,GHA,Individuals using the Internet (% of population),IT.NET.USER.ZS,2022,69.91329956,Sub-Saharan Africa,Lower middle income
Ghana,GHA,Individuals using the Internet (% of population),IT.NET.USER.ZS,2023,70.67430115,Sub-Saharan Africa,Lower middle income
Ghana,GHA,Individuals using the Internet (% of population),IT.NET.USER.ZS,2024,72.17569733,Sub-Saharan Africa,Lower middle income
Guinea,GIN,Mobile cellular subscriptions (per 100 people),IT.CEL.SETS.P2,2000,0.499618452473605,Sub-Saharan Africa,Lower middle income
Guinea,GIN,Mobile cellular subscriptions (per 100 people),IT.CEL.SETS.P2,2001,0.6518765895859,Sub-Saharan Africa,Lower middle income
Guinea,GIN,Mobile cellular subscriptions (per 100 people),IT.CEL.SETS.P2,2002,1.04647578194586,Sub-Saharan Africa,Lower middle income
Guinea,GIN,Mobile cellular subscriptions (per 100 people),IT.CEL.SETS.P2,2003,1.2569355505451,Sub-Saharan Africa,Lower middle income
Guinea,GIN,Mobile cellular subscriptions (per 100 people),IT.CEL.SETS.P2,2004,1.70919875542966,Sub-Saharan Africa,Lower middle income
Guinea,GIN,Mobile cellular subscriptions (per 100 people),IT.CEL.SETS.P2,2005,2.04416167956111,Sub-Saharan Africa,Lower middle income
Guinea,GIN,Mobile cellular subscriptions (per 100 people),IT.CEL.SETS.P2,2007,20.6990461155083,Sub-Saharan Africa,Lower middle income
Guinea,GIN,Mobile cellular subscriptions (per 100 people),IT.CEL.SETS.P2,2008,27.7809487345525,Sub-Saharan Africa,Lower middle income
Guinea,GIN,Mobile cellular subscriptions (per 100 people),IT.CEL.SETS.P2,2009,34.3962962020929,Sub-Saharan Africa,Lower middle income
Guinea,GIN,Mobile cellular subscriptions (per 100 people),IT.CEL.SETS.P2,2010,38.4760187632153,Sub-Saharan Africa,Lower middle income
Guinea,GIN,Mobile cellular subscriptions (per 100 people),IT.CEL.SETS.P2,2011,45.6101779050204,Sub-Saharan Africa,Lower middle income
Guinea,GIN,Mobile cellular subscriptions (per 100 people),IT.CEL.SETS.P2,2012,51.1345381222737,Sub-Saharan Africa,Lower middle income
Guinea,GIN,Mobile cellular subscriptions (per 100 people),IT.CEL.SETS.P2,2013,66.4452768540172,Sub-Saharan Africa,Lower middle income
Guinea,GIN,Mobile cellular subscriptions (per 100 people),IT.CEL.SETS.P2,2014,75.686895511554,Sub-Saharan Africa,Lower middle income
Guinea,GIN,Mobile cellular subscriptions (per 100 people),IT.CEL.SETS.P2,2015,91.475617974568,Sub-Saharan Africa,Lower middle income
Guinea,GIN,Mobile cellular subscriptions (per 100 people),IT.CEL.SETS.P2,2016,92.0232948978011,Sub-Saharan Africa,Lower middle income
Guinea,GIN,Mobile cellular subscriptions (per 100 people),IT.CEL.SETS.P2,2017,94.4640894763856,Sub-Saharan Africa,Lower middle income
Guinea,GIN,Mobile cellular subscriptions (per 100 people),IT.CEL.SETS.P2,2018,94.5550074326391,Sub-Saharan Africa,Lower middle income
Guinea,GIN,Mobile cellular subscriptions (per 100 people),IT.CEL.SETS.P2,2019,98.7621473298315,Sub-Saharan Africa,Lower middle income
Guinea,GIN,Mobile cellular subscriptions (per 100 people),IT.CEL.SETS.P2,2020,107.776552007403,Sub-Saharan Africa,Lower middle income
Guinea,GIN,Mobile cellular subscriptions (per 100 people),IT.CEL.SETS.P2,2021,110.185519681138,Sub-Saharan Africa,Lower middle income
Guinea,GIN,Mobile cellular subscriptions (per 100 people),IT.CEL.SETS.P2,2022,95.3174629318803,Sub-Saharan Africa,Lower middle income
Guinea,GIN,Mobile cellular subscriptions (per 100 people),IT.CEL.SETS.P2,2023,97.8794996455513,Sub-Saharan Africa,Lower middle income
Guinea,GIN,Fixed broadband subscriptions (per 100 people),IT.NET.BBND.P2,2010,0.0048095023454019,Sub-Saharan Africa,Lower middle income
Guinea,GIN,Fixed broadband subscriptions (per 100 people),IT.NET.BBND.P2,2011,0.0056302026591447,Sub-Saharan Africa,Lower middle income
Guinea,GIN,Fixed broadband subscriptions (per 100 people),IT.NET.BBND.P2,2012,0.0064093284662724,Sub-Saharan Africa,Lower middle income
Guinea,GIN,Fixed broadband subscriptions (per 100 people),IT.NET.BBND.P2,2013,0.0071480439422427,Sub-Saharan Africa,Lower middle income
Guinea,GIN,Fixed broadband subscriptions (per 100 people),IT.NET.BBND.P2,2014,0.007844556453089,Sub-Saharan Africa,Lower middle income
Guinea,GIN,Fixed broadband subscriptions (per 100 people),IT.NET.BBND.P2,2015,0.0084982922681687,Sub-Saharan Africa,Lower middle income
Guinea,GIN,Fixed broadband subscriptions (per 100 people),IT.NET.BBND.P2,2016,0.0091112173166139,Sub-Saharan Africa,Lower middle income
Guinea,GIN,Fixed broadband subscriptions (per 100 people),IT.NET.BBND.P2,2017,0.0090992332341783,Sub-Saharan Africa,Lower middle income
Guinea,GIN,Fixed broadband subscriptions (per 100 people),IT.NET.BBND.P2,2018,0.0095475921098635,Sub-Saharan Africa,Lower middle income
Guinea,GIN,Fixed broadband subscriptions (per 100 people),IT.NET.BBND.P2,2019,0.0095900477093365,Sub-Saharan Africa,Lower middle income
Guinea,GIN,Fixed broadband subscriptions (per 100 people),IT.NET.BBND.P2,2020,0.0074787698291168,Sub-Saharan Africa,Lower middle income
Guinea,GIN,Fixed broadband subscriptions (per 100 people),IT.NET.BBND.P2,2021,0.0072936731105539,Sub-Saharan Africa,Lower middle income
Guinea,GIN,Fixed broadband subscriptions (per 100 people),IT.NET.BBND.P2,2022,0.0062752856838037,Sub-Saharan Africa,Lower middle income
Guinea,GIN,Secure Internet servers (per 1 million people),IT.NET.SECR.P6,2010,0.0961900469080382,Sub-Saharan Africa,Lower middle income
Guinea,GIN,Secure Internet servers (per 1 million people),IT.NET.SECR.P6,2011,0.0938367109857452,Sub-Saharan Africa,Lower middle income
Guinea,GIN,Secure Internet servers (per 1 million people),IT.NET.SECR.P6,2012,0.3662473409298525,Sub-Saharan Africa,Lower middle income
Guinea,GIN,Secure Internet servers (per 1 million people),IT.NET.SECR.P6,2013,0.3574021971121366,Sub-Saharan Africa,Lower middle income
Guinea,GIN,Secure Internet servers (per 1 million people),IT.NET.SECR.P6,2014,0.5229704302059354,Sub-Saharan Africa,Lower middle income
Guinea,GIN,Secure Internet servers (per 1 million people),IT.NET.SECR.P6,2015,0.7648463041351841,Sub-Saharan Africa,Lower middle income
Guinea,GIN,Secure Internet servers (per 1 million people),IT.NET.SECR.P6,2016,0.9111217316613972,Sub-Saharan Africa,Lower middle income
Guinea,GIN,Secure Internet servers (per 1 million people),IT.NET.SECR.P6,2017,1.5340322222660905,Sub-Saharan Africa,Lower middle income
Guinea,GIN,Secure Internet servers (per 1 million people),IT.NET.SECR.P6,2018,3.227133359475737,Sub-Saharan Africa,Lower middle income
Guinea,GIN,Secure Internet servers (per 1 million people),IT.NET.SECR.P6,2019,4.83338404550562,Sub-Saharan Africa,Lower middle income
Guinea,GIN,Secure Internet servers (per 1 million people),IT.NET.SECR.P6,2020,6.656105147913988,Sub-Saharan Africa,Lower middle income
Guinea,GIN,Secure Internet servers (per 1 million people),IT.NET.SECR.P6,2021,7.074862917237305,Sub-Saharan Africa,Lower middle income
Guinea,GIN,Secure Internet servers (per 1 million people),IT.NET.SECR.P6,2022,7.612874922528325,Sub-Saharan Africa,Lower middle income
Guinea,GIN,Secure Internet servers (per 1 million people),IT.NET.SECR.P6,2023,10.482130813105137,Sub-Saharan Africa,Lower middle income
Guinea,GIN,Secure Internet servers (per 1 million people),IT.NET.SECR.P6,2024,12.267206875600015,Sub-Saharan Africa,Lower middle income
Guinea,GIN,Individuals using the Internet (% of population),IT.NET.USER.ZS,2000,0.0954249236063846,Sub-Saharan Africa,Lower middle income
Guinea,GIN,Individuals using the Internet (% of population),IT.NET.USER.ZS,2001,0.175541868491054,Sub-Saharan Africa,Lower middle income
Guinea,GIN,Individuals using the Internet (% of population),IT.NET.USER.ZS,2002,0.402022748744397,Sub-Saharan Africa,Lower middle income
Guinea,GIN,Individuals using the Internet (% of population),IT.NET.USER.ZS,2003,0.450960370842751,Sub-Saharan Africa,Lower middle income
Guinea,GIN,Individuals using the Internet (% of population),IT.NET.USER.ZS,2004,0.508819332302937,Sub-Saharan Africa,Lower middle income
Guinea,GIN,Individuals using the Internet (% of population),IT.NET.USER.ZS,2005,0.542299986,Sub-Saharan Africa,Lower middle income
Guinea,GIN,Individuals using the Internet (% of population),IT.NET.USER.ZS,2006,0.637499988,Sub-Saharan Africa,Lower middle income
Guinea,GIN,Individuals using the Internet (% of population),IT.NET.USER.ZS,2007,0.780025279059244,Sub-Saharan Africa,Lower middle income
Guinea,GIN,Individuals using the Internet (% of population),IT.NET.USER.ZS,2008,0.92,Sub-Saharan Africa,Lower middle income
Guinea,GIN,Individuals using the Internet (% of population),IT.NET.USER.ZS,2009,0.94,Sub-Saharan Africa,Lower middle income
Guinea,GIN,Individuals using the Internet (% of population),IT.NET.USER.ZS,2010,1.0,Sub-Saharan Africa,Lower middle income
Guinea,GIN,Individuals using the Internet (% of population),IT.NET.USER.ZS,2011,2.0,Sub-Saharan Africa,Lower middle income
Guinea,GIN,Individuals using the Internet (% of population),IT.NET.USER.ZS,2012,3.099999905,Sub-Saharan Africa,Lower middle income
Guinea,GIN,Individuals using the Internet (% of population),IT.NET.USER.ZS,2013,4.5,Sub-Saharan Africa,Lower middle income
Guinea,GIN,Individuals using the Internet (% of population),IT.NET.USER.ZS,2014,6.400000095,Sub-Saharan Africa,Lower middle income
Guinea,GIN,Individuals using the Internet (% of population),IT.NET.USER.ZS,2015,9.199999809,Sub-Saharan Africa,Lower middle income
Guinea,GIN,Individuals using the Internet (% of population),IT.NET.USER.ZS,2016,13.10000038,Sub-Saharan Africa,Lower middle income
Guinea,GIN,Individuals using the Internet (% of population),IT.NET.USER.ZS,2017,18.70000076,Sub-Saharan Africa,Lower middle income
Guinea,GIN,Individuals using the Internet (% of population),IT.NET.USER.ZS,2018,21.8300230430563,Sub-Saharan Africa,Lower middle income
Guinea,GIN,Individuals using the Internet (% of population),IT.NET.USER.ZS,2019,23.89049911,Sub-Saharan Africa,Lower middle income
Guinea,GIN,Individuals using the Internet (% of population),IT.NET.USER.ZS,2020,26.14550018,Sub-Saharan Africa,Lower middle income
Guinea,GIN,Individuals using the Internet (% of population),IT.NET.USER.ZS,2021,28.61330032,Sub-Saharan Africa,Lower middle income
Guinea,GIN,Individuals using the Internet (% of population),IT.NET.USER.ZS,2022,31.31399918,Sub-Saharan Africa,Lower middle income
Guinea,GIN,Individuals using the Internet (% of population),IT.NET.USER.ZS,2023,32.31560135,Sub-Saharan Africa,Lower middle income
Guinea,GIN,Individuals using the Internet (% of population),IT.NET.USER.ZS,2024,33.30469894,Sub-Saharan Africa,Lower middle income
Guinea-Bissau,GNB,Mobile cellular subscriptions (per 100 people),IT.CEL.SETS.P2,2000,0.0,Sub-Saharan Africa,Low income
Guinea-Bissau,GNB,Mobile cellular subscriptions (per 100 people),IT.CEL.SETS.P2,2001,0.0,Sub-Saharan Africa,Low income
Guinea-Bissau,GNB,Mobile cellular subscriptions (per 100 people),IT.CEL.SETS.P2,2002,0.0,Sub-Saharan Africa,Low income
Guinea-Bissau,GNB,Mobile cellular subscriptions (per 100 people),IT.CEL.SETS.P2,2003,0.0966783590611508,Sub-Saharan Africa,Low income
Guinea-Bissau,GNB,Mobile cellular subscriptions (per 100 people),IT.CEL.SETS.P2,2004,2.92324256074003,Sub-Saharan Africa,Low income
Guinea-Bissau,GNB,Mobile cellular subscriptions (per 100 people),IT.CEL.SETS.P2,2005,7.15301628202391,Sub-Saharan Africa,Low income
Guinea-Bissau,GNB,Mobile cellular subscriptions (per 100 people),IT.CEL.SETS.P2,2006,11.1163475241697,Sub-Saharan Africa,Low income
Guinea-Bissau,GNB,Mobile cellular subscriptions (per 100 people),IT.CEL.SETS.P2,2007,20.4152900165818,Sub-Saharan Africa,Low income
Guinea-Bissau,GNB,Mobile cellular subscriptions (per 100 people),IT.CEL.SETS.P2,2008,33.6114146395225,Sub-Saharan Africa,Low income
Guinea-Bissau,GNB,Mobile cellular subscriptions (per 100 people),IT.CEL.SETS.P2,2009,36.7107863915664,Sub-Saharan Africa,Low income
Guinea-Bissau,GNB,Mobile cellular subscriptions (per 100 people),IT.CEL.SETS.P2,2010,43.2448876270711,Sub-Saharan Africa,Low income
Guinea-Bissau,GNB,Mobile cellular subscriptions (per 100 people),IT.CEL.SETS.P2,2011,45.5596626030113,Sub-Saharan Africa,Low income
Guinea-Bissau,GNB,Mobile cellular subscriptions (per 100 people),IT.CEL.SETS.P2,2012,63.5328932668127,Sub-Saharan Africa,Low income
Guinea-Bissau,GNB,Mobile cellular subscriptions (per 100 people),IT.CEL.SETS.P2,2013,55.420045012509,Sub-Saharan Africa,Low income
Guinea-Bissau,GNB,Mobile cellular subscriptions (per 100 people),IT.CEL.SETS.P2,2014,63.654183911294,Sub-Saharan Africa,Low income
Guinea-Bissau,GNB,Mobile cellular subscriptions (per 100 people),IT.CEL.SETS.P2,2015,69.3267736083208,Sub-Saharan Africa,Low income
Guinea-Bissau,GNB,Mobile cellular subscriptions (per 100 people),IT.CEL.SETS.P2,2016,70.1915996185367,Sub-Saharan Africa,Low income
Guinea-Bissau,GNB,Mobile cellular subscriptions (per 100 people),IT.CEL.SETS.P2,2017,76.4393694008541,Sub-Saharan Africa,Low income
Guinea-Bissau,GNB,Mobile cellular subscriptions (per 100 people),IT.CEL.SETS.P2,2018,77.0219356476645,Sub-Saharan Africa,Low income
Guinea-Bissau,GNB,Mobile cellular subscriptions (per 100 people),IT.CEL.SETS.P2,2019,80.8245277725828,Sub-Saharan Africa,Low income
Guinea-Bissau,GNB,Mobile cellular subscriptions (per 100 people),IT.CEL.SETS.P2,2020,95.0628708236165,Sub-Saharan Africa,Low income
Guinea-Bissau,GNB,Mobile cellular subscriptions (per 100 people),IT.CEL.SETS.P2,2021,108.62961248586,Sub-Saharan Africa,Low income
Guinea-Bissau,GNB,Mobile cellular subscriptions (per 100 people),IT.CEL.SETS.P2,2022,125.934670099533,Sub-Saharan Africa,Low income
Guinea-Bissau,GNB,Mobile cellular subscriptions (per 100 people),IT.CEL.SETS.P2,2023,128.110529740092,Sub-Saharan Africa,Low income
Guinea-Bissau,GNB,Mobile cellular subscriptions (per 100 people),IT.CEL.SETS.P2,2024,147.197631273872,Sub-Saharan Africa,Low income
Guinea-Bissau,GNB,Fixed broadband subscriptions (per 100 people),IT.NET.BBND.P2,2010,0.0510742511078324,Sub-Saharan Africa,Low income
Guinea-Bissau,GNB,Fixed broadband subscriptions (per 100 people),IT.NET.BBND.P2,2011,0.0621861155816019,Sub-Saharan Africa,Low income
Guinea-Bissau,GNB,Fixed broadband subscriptions (per 100 people),IT.NET.BBND.P2,2012,0.0728465311910922,Sub-Saharan Africa,Low income
Guinea-Bissau,GNB,Fixed broadband subscriptions (per 100 people),IT.NET.BBND.P2,2013,0.0856145705149787,Sub-Saharan Africa,Low income
Guinea-Bissau,GNB,Fixed broadband subscriptions (per 100 people),IT.NET.BBND.P2,2014,0.0801207497234542,Sub-Saharan Africa,Low income
Guinea-Bissau,GNB,Fixed broadband subscriptions (per 100 people),IT.NET.BBND.P2,2015,0.0588315307897139,Sub-Saharan Africa,Low income
Guinea-Bissau,GNB,Fixed broadband subscriptions (per 100 people),IT.NET.BBND.P2,2016,0.0483652702423122,Sub-Saharan Africa,Low income
Guinea-Bissau,GNB,Fixed broadband subscriptions (per 100 people),IT.NET.BBND.P2,2017,0.0454431156609869,Sub-Saharan Africa,Low income
Guinea-Bissau,GNB,Fixed broadband subscriptions (per 100 people),IT.NET.BBND.P2,2018,0.062637605037645,Sub-Saharan Africa,Low income
Guinea-Bissau,GNB,Fixed broadband subscriptions (per 100 people),IT.NET.BBND.P2,2019,0.0623571933875965,Sub-Saharan Africa,Low income
Guinea-Bissau,GNB,Fixed broadband subscriptions (per 100 people),IT.NET.BBND.P2,2020,0.118365532433795,Sub-Saharan Africa,Low income
Guinea-Bissau,GNB,Fixed broadband subscriptions (per 100 people),IT.NET.BBND.P2,2021,0.160430067207715,Sub-Saharan Africa,Low income
Guinea-Bissau,GNB,Fixed broadband subscriptions (per 100 people),IT.NET.BBND.P2,2022,0.219184822436547,Sub-Saharan Africa,Low income
Guinea-Bissau,GNB,Fixed broadband subscriptions (per 100 people),IT.NET.BBND.P2,2023,0.310448099439986,Sub-Saharan Africa,Low income
Guinea-Bissau,GNB,Fixed broadband subscriptions (per 100 people),IT.NET.BBND.P2,2024,0.386080917545218,Sub-Saharan Africa,Low income
Guinea-Bissau,GNB,Secure Internet servers (per 1 million people),IT.NET.SECR.P6,2014,0.5743422919244028,Sub-Saharan Africa,Low income
Guinea-Bissau,GNB,Secure Internet servers (per 1 million people),IT.NET.SECR.P6,2015,1.6793015449014446,Sub-Saharan Africa,Low income
Guinea-Bissau,GNB,Secure Internet servers (per 1 million people),IT.NET.SECR.P6,2016,1.637650233938336,Sub-Saharan Africa,Low income
Guinea-Bissau,GNB,Secure Internet servers (per 1 million people),IT.NET.SECR.P6,2017,2.663723075087157,Sub-Saharan Africa,Low income
Guinea-Bissau,GNB,Secure Internet servers (per 1 million people),IT.NET.SECR.P6,2018,2.08098355606794,Sub-Saharan Africa,Low income
Guinea-Bissau,GNB,Secure Internet servers (per 1 million people),IT.NET.SECR.P6,2019,3.5574600954619005,Sub-Saharan Africa,Low income
Guinea-Bissau,GNB,Secure Internet servers (per 1 million people),IT.NET.SECR.P6,2020,2.9802484037044485,Sub-Saharan Africa,Low income
Guinea-Bissau,GNB,Secure Internet servers (per 1 million people),IT.NET.SECR.P6,2021,5.828521969399288,Sub-Saharan Africa,Low income
Guinea-Bissau,GNB,Secure Internet servers (per 1 million people),IT.NET.SECR.P6,2022,5.224340296429069,Sub-Saharan Africa,Low income
Guinea-Bissau,GNB,Secure Internet servers (per 1 million people),IT.NET.SECR.P6,2023,6.501530878324314,Sub-Saharan Africa,Low income
Guinea-Bissau,GNB,Secure Internet servers (per 1 million people),IT.NET.SECR.P6,2024,10.902390894323126,Sub-Saharan Africa,Low income
Guinea-Bissau,GNB,Individuals using the Internet (% of population),IT.NET.USER.ZS,2000,0.230103170591588,Sub-Saharan Africa,Low income
Guinea-Bissau,GNB,Individuals using the Internet (% of population),IT.NET.USER.ZS,2001,0.299569144677667,Sub-Saharan Africa,Low income
Guinea-Bissau,GNB,Individuals using the Internet (% of population),IT.NET.USER.ZS,2002,1.02299323436117,Sub-Saharan Africa,Low income
Guinea-Bissau,GNB,Individuals using the Internet (% of population),IT.NET.USER.ZS,2003,1.35419747762901,Sub-Saharan Africa,Low income
Guinea-Bissau,GNB,Individuals using the Internet (% of population),IT.NET.USER.ZS,2004,1.80814220342991,Sub-Saharan Africa,Low income
Guinea-Bissau,GNB,Individuals using the Internet (% of population),IT.NET.USER.ZS,2005,1.90139997,Sub-Saharan Africa,Low income
Guinea-Bissau,GNB,Individuals using the Internet (% of population),IT.NET.USER.ZS,2006,2.057199955,Sub-Saharan Africa,Low income
Guinea-Bissau,GNB,Individuals using the Internet (% of population),IT.NET.USER.ZS,2007,2.20630002,Sub-Saharan Africa,Low income
Guinea-Bissau,GNB,Individuals using the Internet (% of population),IT.NET.USER.ZS,2008,2.35488871087933,Sub-Saharan Africa,Low income
Guinea-Bissau,GNB,Individuals using the Internet (% of population),IT.NET.USER.ZS,2009,2.30328059172582,Sub-Saharan Africa,Low income
Guinea-Bissau,GNB,Individuals using the Internet (% of population),IT.NET.USER.ZS,2010,2.450000048,Sub-Saharan Africa,Low income
Guinea-Bissau,GNB,Individuals using the Internet (% of population),IT.NET.USER.ZS,2011,2.671999931,Sub-Saharan Africa,Low income
Guinea-Bissau,GNB,Individuals using the Internet (% of population),IT.NET.USER.ZS,2012,2.894000053,Sub-Saharan Africa,Low income
Guinea-Bissau,GNB,Individuals using the Internet (% of population),IT.NET.USER.ZS,2013,3.099999905,Sub-Saharan Africa,Low income
Guinea-Bissau,GNB,Individuals using the Internet (% of population),IT.NET.USER.ZS,2014,3.319999933,Sub-Saharan Africa,Low income
Guinea-Bissau,GNB,Individuals using the Internet (% of population),IT.NET.USER.ZS,2015,6.099999905,Sub-Saharan Africa,Low income
Guinea-Bissau,GNB,Individuals using the Internet (% of population),IT.NET.USER.ZS,2016,13.80000019,Sub-Saharan Africa,Low income
Guinea-Bissau,GNB,Individuals using the Internet (% of population),IT.NET.USER.ZS,2017,14.80000019,Sub-Saharan Africa,Low income
Guinea-Bissau,GNB,Individuals using the Internet (% of population),IT.NET.USER.ZS,2018,15.69999981,Sub-Saharan Africa,Low income
Guinea-Bissau,GNB,Individuals using the Internet (% of population),IT.NET.USER.ZS,2019,17.92149925,Sub-Saharan Africa,Low income
Guinea-Bissau,GNB,Individuals using the Internet (% of population),IT.NET.USER.ZS,2020,20.45730019,Sub-Saharan Africa,Low income
Guinea-Bissau,GNB,Individuals using the Internet (% of population),IT.NET.USER.ZS,2021,23.3519001,Sub-Saharan Africa,Low income
Guinea-Bissau,GNB,Individuals using the Internet (% of population),IT.NET.USER.ZS,2022,27.67379951,Sub-Saharan Africa,Low income
Guinea-Bissau,GNB,Individuals using the Internet (% of population),IT.NET.USER.ZS,2023,28.71240044,Sub-Saharan Africa,Low income
Guinea-Bissau,GNB,Individuals using the Internet (% of population),IT.NET.USER.ZS,2024,29.77739906,Sub-Saharan Africa,Low income
Kenya,KEN,Mobile cellular subscriptions (per 100 people),IT.CEL.SETS.P2,2000,0.415770183556447,Sub-Saharan Africa,Lower middle income
Kenya,KEN,Mobile cellular subscriptions (per 100 people),IT.CEL.SETS.P2,2001,1.89758301688501,Sub-Saharan Africa,Lower middle income
Kenya,KEN,Mobile cellular subscriptions (per 100 people),IT.CEL.SETS.P2,2002,3.63815196215681,Sub-Saharan Africa,Lower middle income
Kenya,KEN,Mobile cellular subscriptions (per 100 people),IT.CEL.SETS.P2,2003,4.72713199362788,Sub-Saharan Africa,Lower middle income
Kenya,KEN,Mobile cellular subscriptions (per 100 people),IT.CEL.SETS.P2,2004,7.33478416366219,Sub-Saharan Africa,Lower middle income
Kenya,KEN,Mobile cellular subscriptions (per 100 people),IT.CEL.SETS.P2,2005,12.8838631190706,Sub-Saharan Africa,Lower middle income
Kenya,KEN,Mobile cellular subscriptions (per 100 people),IT.CEL.SETS.P2,2006,19.8902975525043,Sub-Saharan Africa,Lower middle income
Kenya,KEN,Mobile cellular subscriptions (per 100 people),IT.CEL.SETS.P2,2007,29.8383317494537,Sub-Saharan Africa,Lower middle income
Kenya,KEN,Mobile cellular subscriptions (per 100 people),IT.CEL.SETS.P2,2008,41.5840102028368,Sub-Saharan Africa,Lower middle income
Kenya,KEN,Mobile cellular subscriptions (per 100 people),IT.CEL.SETS.P2,2009,47.9215304374475,Sub-Saharan Africa,Lower middle income
Kenya,KEN,Mobile cellular subscriptions (per 100 people),IT.CEL.SETS.P2,2010,60.0234402305252,Sub-Saharan Africa,Lower middle income
Kenya,KEN,Mobile cellular subscriptions (per 100 people),IT.CEL.SETS.P2,2011,65.6730161546273,Sub-Saharan Africa,Lower middle income
Kenya,KEN,Mobile cellular subscriptions (per 100 people),IT.CEL.SETS.P2,2012,70.0226527327794,Sub-Saharan Africa,Lower middle income
Kenya,KEN,Mobile cellular subscriptions (per 100 people),IT.CEL.SETS.P2,2013,70.7541086893706,Sub-Saharan Africa,Lower middle income
Kenya,KEN,Mobile cellular subscriptions (per 100 people),IT.CEL.SETS.P2,2014,73.0327455558393,Sub-Saharan Africa,Lower middle income
Kenya,KEN,Mobile cellular subscriptions (per 100 people),IT.CEL.SETS.P2,2015,80.0958263165851,Sub-Saharan Africa,Lower middle income
Kenya,KEN,Mobile cellular subscriptions (per 100 people),IT.CEL.SETS.P2,2016,80.9772361004341,Sub-Saharan Africa,Lower middle income
Kenya,KEN,Mobile cellular subscriptions (per 100 people),IT.CEL.SETS.P2,2017,87.026530838819,Sub-Saharan Africa,Lower middle income
Kenya,KEN,Mobile cellular subscriptions (per 100 people),IT.CEL.SETS.P2,2018,98.5944679106884,Sub-Saharan Africa,Lower middle income
Kenya,KEN,Mobile cellular subscriptions (per 100 people),IT.CEL.SETS.P2,2019,106.547822056778,Sub-Saharan Africa,Lower middle income
Kenya,KEN,Mobile cellular subscriptions (per 100 people),IT.CEL.SETS.P2,2020,117.602526394779,Sub-Saharan Africa,Lower middle income
Kenya,KEN,Mobile cellular subscriptions (per 100 people),IT.CEL.SETS.P2,2021,122.297519656734,Sub-Saharan Africa,Lower middle income
Kenya,KEN,Mobile cellular subscriptions (per 100 people),IT.CEL.SETS.P2,2022,121.168999135357,Sub-Saharan Africa,Lower middle income
Kenya,KEN,Mobile cellular subscriptions (per 100 people),IT.CEL.SETS.P2,2023,120.612416887959,Sub-Saharan Africa,Lower middle income
Kenya,KEN,Mobile cellular subscriptions (per 100 people),IT.CEL.SETS.P2,2024,126.477706000949,Sub-Saharan Africa,Lower middle income
Kenya,KEN,Fixed broadband subscriptions (per 100 people),IT.NET.BBND.P2,2005,0.0150824868721744,Sub-Saharan Africa,Lower middle income
Kenya,KEN,Fixed broadband subscriptions (per 100 people),IT.NET.BBND.P2,2006,0.0480245939682215,Sub-Saharan Africa,Lower middle income
Kenya,KEN,Fixed broadband subscriptions (per 100 people),IT.NET.BBND.P2,2007,0.0466317101044582,Sub-Saharan Africa,Lower middle income
Kenya,KEN,Fixed broadband subscriptions (per 100 people),IT.NET.BBND.P2,2008,0.0083710927344398,Sub-Saharan Africa,Lower middle income
Kenya,KEN,Fixed broadband subscriptions (per 100 people),IT.NET.BBND.P2,2009,0.0450395928955338,Sub-Saharan Africa,Lower middle income
Kenya,KEN,Fixed broadband subscriptions (per 100 people),IT.NET.BBND.P2,2010,0.016505376254908,Sub-Saharan Africa,Lower middle income
Kenya,KEN,Fixed broadband subscriptions (per 100 people),IT.NET.BBND.P2,2011,0.126627569687319,Sub-Saharan Africa,Lower middle income
Kenya,KEN,Fixed broadband subscriptions (per 100 people),IT.NET.BBND.P2,2012,0.123832539161972,Sub-Saharan Africa,Lower middle income
Kenya,KEN,Fixed broadband subscriptions (per 100 people),IT.NET.BBND.P2,2013,0.164812822501609,Sub-Saharan Africa,Lower middle income
Kenya,KEN,Fixed broadband subscriptions (per 100 people),IT.NET.BBND.P2,2014,0.221085377569084,Sub-Saharan Africa,Lower middle income
Kenya,KEN,Fixed broadband subscriptions (per 100 people),IT.NET.BBND.P2,2015,0.286921276745847,Sub-Saharan Africa,Lower middle income
Kenya,KEN,Fixed broadband subscriptions (per 100 people),IT.NET.BBND.P2,2016,0.275660288360412,Sub-Saharan Africa,Lower middle income
Kenya,KEN,Fixed broadband subscriptions (per 100 people),IT.NET.BBND.P2,2017,0.586008315906052,Sub-Saharan Africa,Lower middle income
Kenya,KEN,Fixed broadband subscriptions (per 100 people),IT.NET.BBND.P2,2018,0.739931101786048,Sub-Saharan Africa,Lower middle income
Kenya,KEN,Fixed broadband subscriptions (per 100 people),IT.NET.BBND.P2,2019,0.959288829892146,Sub-Saharan Africa,Lower middle income
Kenya,KEN,Fixed broadband subscriptions (per 100 people),IT.NET.BBND.P2,2020,1.29112489733773,Sub-Saharan Africa,Lower middle income
Kenya,KEN,Fixed broadband subscriptions (per 100 people),IT.NET.BBND.P2,2021,1.48254108303764,Sub-Saharan Africa,Lower middle income
Kenya,KEN,Fixed broadband subscriptions (per 100 people),IT.NET.BBND.P2,2022,1.47646942688922,Sub-Saharan Africa,Lower middle income
Kenya,KEN,Fixed broadband subscriptions (per 100 people),IT.NET.BBND.P2,2023,2.38882511128724,Sub-Saharan Africa,Lower middle income
Kenya,KEN,Fixed broadband subscriptions (per 100 people),IT.NET.BBND.P2,2024,3.04382666975517,Sub-Saharan Africa,Lower middle income
Kenya,KEN,Secure Internet servers (per 1 million people),IT.NET.SECR.P6,2010,1.562553825471921,Sub-Saharan Africa,Lower middle income
Kenya,KEN,Secure Internet servers (per 1 million people),IT.NET.SECR.P6,2011,2.221782491189288,Sub-Saharan Africa,Lower middle income
Kenya,KEN,Secure Internet servers (per 1 million people),IT.NET.SECR.P6,2012,5.217791173197105,Sub-Saharan Africa,Lower middle income
Kenya,KEN,Secure Internet servers (per 1 million people),IT.NET.SECR.P6,2013,7.024284083743604,Sub-Saharan Africa,Lower middle income
Kenya,KEN,Secure Internet servers (per 1 million people),IT.NET.SECR.P6,2014,9.945400187268843,Sub-Saharan Africa,Lower middle income
Kenya,KEN,Secure Internet servers (per 1 million people),IT.NET.SECR.P6,2015,13.145452885911102,Sub-Saharan Africa,Lower middle income
Kenya,KEN,Secure Internet servers (per 1 million people),IT.NET.SECR.P6,2016,19.56805410886864,Sub-Saharan Africa,Lower middle income
Kenya,KEN,Secure Internet servers (per 1 million people),IT.NET.SECR.P6,2017,37.33909381169869,Sub-Saharan Africa,Lower middle income
Kenya,KEN,Secure Internet servers (per 1 million people),IT.NET.SECR.P6,2018,222.35895806543883,Sub-Saharan Africa,Lower middle income
Kenya,KEN,Secure Internet servers (per 1 million people),IT.NET.SECR.P6,2019,254.8101494474124,Sub-Saharan Africa,Lower middle income
Kenya,KEN,Secure Internet servers (per 1 million people),IT.NET.SECR.P6,2020,246.5847835126933,Sub-Saharan Africa,Lower middle income
Kenya,KEN,Secure Internet servers (per 1 million people),IT.NET.SECR.P6,2021,260.2070088809735,Sub-Saharan Africa,Lower middle income
Kenya,KEN,Secure Internet servers (per 1 million people),IT.NET.SECR.P6,2022,280.15318973272014,Sub-Saharan Africa,Lower middle income
Kenya,KEN,Secure Internet servers (per 1 million people),IT.NET.SECR.P6,2023,297.1322052910856,Sub-Saharan Africa,Lower middle income
Kenya,KEN,Secure Internet servers (per 1 million people),IT.NET.SECR.P6,2024,399.6956104221676,Sub-Saharan Africa,Lower middle income
Kenya,KEN,Individuals using the Internet (% of population),IT.NET.USER.ZS,2000,0.318059713612037,Sub-Saharan Africa,Lower middle income
Kenya,KEN,Individuals using the Internet (% of population),IT.NET.USER.ZS,2001,0.619782266151425,Sub-Saharan Africa,Lower middle income
Kenya,KEN,Individuals using the Internet (% of population),IT.NET.USER.ZS,2002,1.20777388492125,Sub-Saharan Africa,Lower middle income
Kenya,KEN,Individuals using the Internet (% of population),IT.NET.USER.ZS,2003,2.94190286101524,Sub-Saharan Africa,Lower middle income
Kenya,KEN,Individuals using the Internet (% of population),IT.NET.USER.ZS,2004,3.0235280420962,Sub-Saharan Africa,Lower middle income
Kenya,KEN,Individuals using the Internet (% of population),IT.NET.USER.ZS,2005,3.101900101,Sub-Saharan Africa,Lower middle income
Kenya,KEN,Individuals using the Internet (% of population),IT.NET.USER.ZS,2006,3.599999905,Sub-Saharan Africa,Lower middle income
Kenya,KEN,Individuals using the Internet (% of population),IT.NET.USER.ZS,2007,4.400000095,Sub-Saharan Africa,Lower middle income
Kenya,KEN,Individuals using the Internet (% of population),IT.NET.USER.ZS,2008,5.199999809,Sub-Saharan Africa,Lower middle income
Kenya,KEN,Individuals using the Internet (% of population),IT.NET.USER.ZS,2009,6.1,Sub-Saharan Africa,Lower middle income
Kenya,KEN,Individuals using the Internet (% of population),IT.NET.USER.ZS,2010,7.2,Sub-Saharan Africa,Lower middle income
Kenya,KEN,Individuals using the Internet (% of population),IT.NET.USER.ZS,2011,8.800000191,Sub-Saharan Africa,Lower middle income
Kenya,KEN,Individuals using the Internet (% of population),IT.NET.USER.ZS,2012,10.5,Sub-Saharan Africa,Lower middle income
Kenya,KEN,Individuals using the Internet (% of population),IT.NET.USER.ZS,2013,13.0,Sub-Saharan Africa,Lower middle income
Kenya,KEN,Individuals using the Internet (% of population),IT.NET.USER.ZS,2014,16.5,Sub-Saharan Africa,Lower middle income
Kenya,KEN,Individuals using the Internet (% of population),IT.NET.USER.ZS,2015,16.5878548475992,Sub-Saharan Africa,Lower middle income
Kenya,KEN,Individuals using the Internet (% of population),IT.NET.USER.ZS,2016,16.6,Sub-Saharan Africa,Lower middle income
Kenya,KEN,Individuals using the Internet (% of population),IT.NET.USER.ZS,2017,17.82710075,Sub-Saharan Africa,Lower middle income
Kenya,KEN,Individuals using the Internet (% of population),IT.NET.USER.ZS,2018,19.5,Sub-Saharan Africa,Lower middle income
Kenya,KEN,Individuals using the Internet (% of population),IT.NET.USER.ZS,2019,22.6687733618171,Sub-Saharan Africa,Lower middle income
Kenya,KEN,Individuals using the Internet (% of population),IT.NET.USER.ZS,2020,24.7227993,Sub-Saharan Africa,Lower middle income
Kenya,KEN,Individuals using the Internet (% of population),IT.NET.USER.ZS,2021,26.96290016,Sub-Saharan Africa,Lower middle income
Kenya,KEN,Individuals using the Internet (% of population),IT.NET.USER.ZS,2022,29.40589905,Sub-Saharan Africa,Lower middle income
Kenya,KEN,Individuals using the Internet (% of population),IT.NET.USER.ZS,2023,32.07040024,Sub-Saharan Africa,Lower middle income
Kenya,KEN,Individuals using the Internet (% of population),IT.NET.USER.ZS,2024,34.97622513,Sub-Saharan Africa,Lower middle income
Lesotho,LSO,Mobile cellular subscriptions (per 100 people),IT.CEL.SETS.P2,2000,1.07789110605101,Sub-Saharan Africa,Lower middle income
Lesotho,LSO,Mobile cellular subscriptions (per 100 people),IT.CEL.SETS.P2,2001,2.8487849932004,Sub-Saharan Africa,Lower middle income
Lesotho,LSO,Mobile cellular subscriptions (per 100 people),IT.CEL.SETS.P2,2002,6.91605015142787,Sub-Saharan Africa,Lower middle income
Lesotho,LSO,Mobile cellular subscriptions (per 100 people),IT.CEL.SETS.P2,2003,6.34489957225453,Sub-Saharan Africa,Lower middle income
Lesotho,LSO,Mobile cellular subscriptions (per 100 people),IT.CEL.SETS.P2,2004,9.95434596112177,Sub-Saharan Africa,Lower middle income
Lesotho,LSO,Mobile cellular subscriptions (per 100 people),IT.CEL.SETS.P2,2005,12.7893640595655,Sub-Saharan Africa,Lower middle income
Lesotho,LSO,Mobile cellular subscriptions (per 100 people),IT.CEL.SETS.P2,2006,18.4011006327301,Sub-Saharan Africa,Lower middle income
Lesotho,LSO,Mobile cellular subscriptions (per 100 people),IT.CEL.SETS.P2,2007,24.6998875730315,Sub-Saharan Africa,Lower middle income
Lesotho,LSO,Mobile cellular subscriptions (per 100 people),IT.CEL.SETS.P2,2008,30.1654529450441,Sub-Saharan Africa,Lower middle income
Lesotho,LSO,Mobile cellular subscriptions (per 100 people),IT.CEL.SETS.P2,2009,33.3689571771781,Sub-Saharan Africa,Lower middle income
Lesotho,LSO,Mobile cellular subscriptions (per 100 people),IT.CEL.SETS.P2,2010,49.4651223718861,Sub-Saharan Africa,Lower middle income
Lesotho,LSO,Mobile cellular subscriptions (per 100 people),IT.CEL.SETS.P2,2011,61.1891009424486,Sub-Saharan Africa,Lower middle income
Lesotho,LSO,Mobile cellular subscriptions (per 100 people),IT.CEL.SETS.P2,2012,75.9363906183486,Sub-Saharan Africa,Lower middle income
Lesotho,LSO,Mobile cellular subscriptions (per 100 people),IT.CEL.SETS.P2,2013,87.055264662748,Sub-Saharan Africa,Lower middle income
Lesotho,LSO,Mobile cellular subscriptions (per 100 people),IT.CEL.SETS.P2,2014,102.821994635806,Sub-Saharan Africa,Lower middle income
Lesotho,LSO,Mobile cellular subscriptions (per 100 people),IT.CEL.SETS.P2,2015,101.688197961524,Sub-Saharan Africa,Lower middle income
Lesotho,LSO,Mobile cellular subscriptions (per 100 people),IT.CEL.SETS.P2,2016,107.157971519258,Sub-Saharan Africa,Lower middle income
Lesotho,LSO,Mobile cellular subscriptions (per 100 people),IT.CEL.SETS.P2,2017,110.370078484639,Sub-Saharan Africa,Lower middle income
Lesotho,LSO,Mobile cellular subscriptions (per 100 people),IT.CEL.SETS.P2,2018,72.4555241955612,Sub-Saharan Africa,Lower middle income
Lesotho,LSO,Mobile cellular subscriptions (per 100 people),IT.CEL.SETS.P2,2019,76.1124827725111,Sub-Saharan Africa,Lower middle income
Lesotho,LSO,Mobile cellular subscriptions (per 100 people),IT.CEL.SETS.P2,2020,69.8944012395073,Sub-Saharan Africa,Lower middle income
Lesotho,LSO,Mobile cellular subscriptions (per 100 people),IT.CEL.SETS.P2,2021,80.5368195682415,Sub-Saharan Africa,Lower middle income
Lesotho,LSO,Mobile cellular subscriptions (per 100 people),IT.CEL.SETS.P2,2022,68.1001351640997,Sub-Saharan Africa,Lower middle income
Lesotho,LSO,Mobile cellular subscriptions (per 100 people),IT.CEL.SETS.P2,2023,69.3513051423509,Sub-Saharan Africa,Lower middle income
Lesotho,LSO,Mobile cellular subscriptions (per 100 people),IT.CEL.SETS.P2,2024,70.328049309004,Sub-Saharan Africa,Lower middle income
Lesotho,LSO,Fixed broadband subscriptions (per 100 people),IT.NET.BBND.P2,2004,0.0011161116294265,Sub-Saharan Africa,Lower middle income
Lesotho,LSO,Fixed broadband subscriptions (per 100 people),IT.NET.BBND.P2,2005,0.0023040578042021,Sub-Saharan Africa,Lower middle income
Lesotho,LSO,Fixed broadband subscriptions (per 100 people),IT.NET.BBND.P2,2007,0.0056315876776765,Sub-Saharan Africa,Lower middle income
Lesotho,LSO,Fixed broadband subscriptions (per 100 people),IT.NET.BBND.P2,2008,0.0071190989661542,Sub-Saharan Africa,Lower middle income
Lesotho,LSO,Fixed broadband subscriptions (per 100 people),IT.NET.BBND.P2,2009,0.0201930149332394,Sub-Saharan Africa,Lower middle income
Lesotho,LSO,Fixed broadband subscriptions (per 100 people),IT.NET.BBND.P2,2010,0.0200375604069829,Sub-Saharan Africa,Lower middle income
Lesotho,LSO,Fixed broadband subscriptions (per 100 people),IT.NET.BBND.P2,2011,0.0664843106460795,Sub-Saharan Africa,Lower middle income
Lesotho,LSO,Fixed broadband subscriptions (per 100 people),IT.NET.BBND.P2,2012,0.0804186488683877,Sub-Saharan Africa,Lower middle income
Lesotho,LSO,Fixed broadband subscriptions (per 100 people),IT.NET.BBND.P2,2013,0.110624632872098,Sub-Saharan Africa,Lower middle income
Lesotho,LSO,Fixed broadband subscriptions (per 100 people),IT.NET.BBND.P2,2014,0.0722084487731054,Sub-Saharan Africa,Lower middle income
Lesotho,LSO,Fixed broadband subscriptions (per 100 people),IT.NET.BBND.P2,2015,0.0979753503141436,Sub-Saharan Africa,Lower middle income
Lesotho,LSO,Fixed broadband subscriptions (per 100 people),IT.NET.BBND.P2,2016,0.10467409743234,Sub-Saharan Africa,Lower middle income
Lesotho,LSO,Fixed broadband subscriptions (per 100 people),IT.NET.BBND.P2,2017,0.223493470430344,Sub-Saharan Africa,Lower middle income
Lesotho,LSO,Fixed broadband subscriptions (per 100 people),IT.NET.BBND.P2,2018,0.263921601133539,Sub-Saharan Africa,Lower middle income
Lesotho,LSO,Fixed broadband subscriptions (per 100 people),IT.NET.BBND.P2,2019,0.209015549435255,Sub-Saharan Africa,Lower middle income
Lesotho,LSO,Fixed broadband subscriptions (per 100 people),IT.NET.BBND.P2,2020,0.226324591508713,Sub-Saharan Africa,Lower middle income
Lesotho,LSO,Fixed broadband subscriptions (per 100 people),IT.NET.BBND.P2,2021,0.353652507890634,Sub-Saharan Africa,Lower middle income
Lesotho,LSO,Fixed broadband subscriptions (per 100 people),IT.NET.BBND.P2,2022,0.39753117741491,Sub-Saharan Africa,Lower middle income
Lesotho,LSO,Fixed broadband subscriptions (per 100 people),IT.NET.BBND.P2,2023,0.383738154734299,Sub-Saharan Africa,Lower middle income
Lesotho,LSO,Fixed broadband subscriptions (per 100 people),IT.NET.BBND.P2,2024,0.379434958926989,Sub-Saharan Africa,Lower middle income
Lesotho,LSO,Secure Internet servers (per 1 million people),IT.NET.SECR.P6,2010,0.5009390101745722,Sub-Saharan Africa,Lower middle income
Lesotho,LSO,Secure Internet servers (per 1 million people),IT.NET.SECR.P6,2011,0.9930442217487608,Sub-Saharan Africa,Lower middle income
Lesotho,LSO,Secure Internet servers (per 1 million people),IT.NET.SECR.P6,2012,0.9831130668507054,Sub-Saharan Africa,Lower middle income
Lesotho,LSO,Secure Internet servers (per 1 million people),IT.NET.SECR.P6,2013,1.9450484900588567,Sub-Saharan Africa,Lower middle income
Lesotho,LSO,Secure Internet servers (per 1 million people),IT.NET.SECR.P6,2014,1.922994641094684,Sub-Saharan Africa,Lower middle income
Lesotho,LSO,Secure Internet servers (per 1 million people),IT.NET.SECR.P6,2015,6.652060642085401,Sub-Saharan Africa,Lower middle income
Lesotho,LSO,Secure Internet servers (per 1 million people),IT.NET.SECR.P6,2016,8.44903028601845,Sub-Saharan Africa,Lower middle income
Lesotho,LSO,Secure Internet servers (per 1 million people),IT.NET.SECR.P6,2017,19.47049524595408,Sub-Saharan Africa,Lower middle income
Lesotho,LSO,Secure Internet servers (per 1 million people),IT.NET.SECR.P6,2018,38.01057243464128,Sub-Saharan Africa,Lower middle income
Lesotho,LSO,Secure Internet servers (per 1 million people),IT.NET.SECR.P6,2019,60.6498129586925,Sub-Saharan Africa,Lower middle income
Lesotho,LSO,Secure Internet servers (per 1 million people),IT.NET.SECR.P6,2020,67.09227021009274,Sub-Saharan Africa,Lower middle income
Lesotho,LSO,Secure Internet servers (per 1 million people),IT.NET.SECR.P6,2021,67.21077919401895,Sub-Saharan Africa,Lower middle income
Lesotho,LSO,Secure Internet servers (per 1 million people),IT.NET.SECR.P6,2022,75.6743988696957,Sub-Saharan Africa,Lower middle income
Lesotho,LSO,Secure Internet servers (per 1 million people),IT.NET.SECR.P6,2023,89.12069884471886,Sub-Saharan Africa,Lower middle income
Lesotho,LSO,Secure Internet servers (per 1 million people),IT.NET.SECR.P6,2024,85.99213749501054,Sub-Saharan Africa,Lower middle income
Lesotho,LSO,Individuals using the Internet (% of population),IT.NET.USER.ZS,2000,0.211806070361977,Sub-Saharan Africa,Lower middle income
Lesotho,LSO,Individuals using the Internet (% of population),IT.NET.USER.ZS,2001,0.261150063093855,Sub-Saharan Africa,Lower middle income
Lesotho,LSO,Individuals using the Internet (% of population),IT.NET.USER.ZS,2002,1.08394313737534,Sub-Saharan Africa,Lower middle income
Lesotho,LSO,Individuals using the Internet (% of population),IT.NET.USER.ZS,2003,1.53249659019509,Sub-Saharan Africa,Lower middle income
Lesotho,LSO,Individuals using the Internet (% of population),IT.NET.USER.ZS,2004,2.17552433931097,Sub-Saharan Africa,Lower middle income
Lesotho,LSO,Individuals using the Internet (% of population),IT.NET.USER.ZS,2005,2.580199957,Sub-Saharan Africa,Lower middle income
Lesotho,LSO,Individuals using the Internet (% of population),IT.NET.USER.ZS,2006,2.97970818724486,Sub-Saharan Africa,Lower middle income
Lesotho,LSO,Individuals using the Internet (% of population),IT.NET.USER.ZS,2007,3.44543125970873,Sub-Saharan Africa,Lower middle income
Lesotho,LSO,Individuals using the Internet (% of population),IT.NET.USER.ZS,2008,3.58,Sub-Saharan Africa,Lower middle income
Lesotho,LSO,Individuals using the Internet (% of population),IT.NET.USER.ZS,2009,3.72,Sub-Saharan Africa,Lower middle income
Lesotho,LSO,Individuals using the Internet (% of population),IT.NET.USER.ZS,2010,3.859999895,Sub-Saharan Africa,Lower middle income
Lesotho,LSO,Individuals using the Internet (% of population),IT.NET.USER.ZS,2011,7.0,Sub-Saharan Africa,Lower middle income
Lesotho,LSO,Individuals using the Internet (% of population),IT.NET.USER.ZS,2012,10.0,Sub-Saharan Africa,Lower middle income
Lesotho,LSO,Individuals using the Internet (% of population),IT.NET.USER.ZS,2013,15.0,Sub-Saharan Africa,Lower middle income
Lesotho,LSO,Individuals using the Internet (% of population),IT.NET.USER.ZS,2014,22.0,Sub-Saharan Africa,Lower middle income
Lesotho,LSO,Individuals using the Internet (% of population),IT.NET.USER.ZS,2015,25.0,Sub-Saharan Africa,Lower middle income
Lesotho,LSO,Individuals using the Internet (% of population),IT.NET.USER.ZS,2016,32.4538569477365,Sub-Saharan Africa,Lower middle income
Lesotho,LSO,Individuals using the Internet (% of population),IT.NET.USER.ZS,2017,39.0,Sub-Saharan Africa,Lower middle income
Lesotho,LSO,Individuals using the Internet (% of population),IT.NET.USER.ZS,2018,40.79999924,Sub-Saharan Africa,Lower middle income
Lesotho,LSO,Individuals using the Internet (% of population),IT.NET.USER.ZS,2019,42.301733569273,Sub-Saharan Africa,Lower middle income
Lesotho,LSO,Individuals using the Internet (% of population),IT.NET.USER.ZS,2020,43.65750122,Sub-Saharan Africa,Lower middle income
Lesotho,LSO,Individuals using the Internet (% of population),IT.NET.USER.ZS,2021,45.05670166,Sub-Saharan Africa,Lower middle income
Lesotho,LSO,Individuals using the Internet (% of population),IT.NET.USER.ZS,2022,48.06959915,Sub-Saharan Africa,Lower middle income
Lesotho,LSO,Individuals using the Internet (% of population),IT.NET.USER.ZS,2023,48.98590088,Sub-Saharan Africa,Lower middle income
Lesotho,LSO,Individuals using the Internet (% of population),IT.NET.USER.ZS,2024,51.79660034,Sub-Saharan Africa,Lower middle income
Liberia,LBR,Mobile cellular subscriptions (per 100 people),IT.CEL.SETS.P2,2000,0.0512274611977595,Sub-Saharan Africa,Low income
Liberia,LBR,Mobile cellular subscriptions (per 100 people),IT.CEL.SETS.P2,2001,0.0663275559821154,Sub-Saharan Africa,Low income
Liberia,LBR,Mobile cellular subscriptions (per 100 people),IT.CEL.SETS.P2,2002,0.161562268360098,Sub-Saharan Africa,Low income
Liberia,LBR,Mobile cellular subscriptions (per 100 people),IT.CEL.SETS.P2,2003,1.51465027446425,Sub-Saharan Africa,Low income
Liberia,LBR,Mobile cellular subscriptions (per 100 people),IT.CEL.SETS.P2,2004,2.98933254606113,Sub-Saharan Africa,Low income
Liberia,LBR,Mobile cellular subscriptions (per 100 people),IT.CEL.SETS.P2,2005,4.84699403062391,Sub-Saharan Africa,Low income
Liberia,LBR,Mobile cellular subscriptions (per 100 people),IT.CEL.SETS.P2,2006,8.02111386343538,Sub-Saharan Africa,Low income
Liberia,LBR,Mobile cellular subscriptions (per 100 people),IT.CEL.SETS.P2,2007,15.3445714830815,Sub-Saharan Africa,Low income
Liberia,LBR,Mobile cellular subscriptions (per 100 people),IT.CEL.SETS.P2,2008,22.3665618687031,Sub-Saharan Africa,Low income
Liberia,LBR,Mobile cellular subscriptions (per 100 people),IT.CEL.SETS.P2,2009,27.5184959376398,Sub-Saharan Africa,Low income
Liberia,LBR,Mobile cellular subscriptions (per 100 people),IT.CEL.SETS.P2,2010,38.7127515158085,Sub-Saharan Africa,Low income
Liberia,LBR,Mobile cellular subscriptions (per 100 people),IT.CEL.SETS.P2,2011,47.8690308724247,Sub-Saharan Africa,Low income
Liberia,LBR,Mobile cellular subscriptions (per 100 people),IT.CEL.SETS.P2,2012,54.4220580497379,Sub-Saharan Africa,Low income
Liberia,LBR,Mobile cellular subscriptions (per 100 people),IT.CEL.SETS.P2,2013,57.0612667465878,Sub-Saharan Africa,Low income
Liberia,LBR,Mobile cellular subscriptions (per 100 people),IT.CEL.SETS.P2,2014,70.6628167823582,Sub-Saharan Africa,Low income
Liberia,LBR,Mobile cellular subscriptions (per 100 people),IT.CEL.SETS.P2,2015,78.3786689834016,Sub-Saharan Africa,Low income
Liberia,LBR,Mobile cellular subscriptions (per 100 people),IT.CEL.SETS.P2,2016,65.5437117609357,Sub-Saharan Africa,Low income
Liberia,LBR,Mobile cellular subscriptions (per 100 people),IT.CEL.SETS.P2,2017,54.8575199657656,Sub-Saharan Africa,Low income
Liberia,LBR,Mobile cellular subscriptions (per 100 people),IT.CEL.SETS.P2,2019,38.4041861157665,Sub-Saharan Africa,Low income
Liberia,LBR,Mobile cellular subscriptions (per 100 people),IT.CEL.SETS.P2,2020,32.1004345501657,Sub-Saharan Africa,Low income
Liberia,LBR,Mobile cellular subscriptions (per 100 people),IT.CEL.SETS.P2,2021,31.429900768597,Sub-Saharan Africa,Low income
Liberia,LBR,Mobile cellular subscriptions (per 100 people),IT.CEL.SETS.P2,2022,32.0638885570006,Sub-Saharan Africa,Low income
Liberia,LBR,Fixed broadband subscriptions (per 100 people),IT.NET.BBND.P2,2008,0.0028788252717938,Sub-Saharan Africa,Low income
Liberia,LBR,Fixed broadband subscriptions (per 100 people),IT.NET.BBND.P2,2009,0.0038041829781579,Sub-Saharan Africa,Low income
Liberia,LBR,Fixed broadband subscriptions (per 100 people),IT.NET.BBND.P2,2010,0.0045825336483619,Sub-Saharan Africa,Low income
Liberia,LBR,Fixed broadband subscriptions (per 100 people),IT.NET.BBND.P2,2011,0.0014924743756363,Sub-Saharan Africa,Low income
Liberia,LBR,Fixed broadband subscriptions (per 100 people),IT.NET.BBND.P2,2012,0.0119825028018247,Sub-Saharan Africa,Low income
Liberia,LBR,Fixed broadband subscriptions (per 100 people),IT.NET.BBND.P2,2013,0.113640456360387,Sub-Saharan Africa,Low income
Liberia,LBR,Fixed broadband subscriptions (per 100 people),IT.NET.BBND.P2,2014,0.131455189226459,Sub-Saharan Africa,Low income
Liberia,LBR,Fixed broadband subscriptions (per 100 people),IT.NET.BBND.P2,2015,0.150232936167528,Sub-Saharan Africa,Low income
Liberia,LBR,Fixed broadband subscriptions (per 100 people),IT.NET.BBND.P2,2016,0.168222443902021,Sub-Saharan Africa,Low income
Liberia,LBR,Fixed broadband subscriptions (per 100 people),IT.NET.BBND.P2,2017,0.185608150260109,Sub-Saharan Africa,Low income
Liberia,LBR,Fixed broadband subscriptions (per 100 people),IT.NET.BBND.P2,2019,0.21809295161251,Sub-Saharan Africa,Low income
Liberia,LBR,Fixed broadband subscriptions (per 100 people),IT.NET.BBND.P2,2020,0.252453508259017,Sub-Saharan Africa,Low income
Liberia,LBR,Fixed broadband subscriptions (per 100 people),IT.NET.BBND.P2,2021,0.247180102838331,Sub-Saharan Africa,Low income
Liberia,LBR,Fixed broadband subscriptions (per 100 people),IT.NET.BBND.P2,2022,0.274673226516174,Sub-Saharan Africa,Low income
Liberia,LBR,Secure Internet servers (per 1 million people),IT.NET.SECR.P6,2010,0.4927455535873108,Sub-Saharan Africa,Low income
Liberia,LBR,Secure Internet servers (per 1 million people),IT.NET.SECR.P6,2011,0.2369006945454563,Sub-Saharan Africa,Low income
Liberia,LBR,Secure Internet servers (per 1 million people),IT.NET.SECR.P6,2012,0.4573474351841498,Sub-Saharan Africa,Low income
Liberia,LBR,Secure Internet servers (per 1 million people),IT.NET.SECR.P6,2013,0.4474033714975866,Sub-Saharan Africa,Low income
Liberia,LBR,Secure Internet servers (per 1 million people),IT.NET.SECR.P6,2014,0.8763679281763901,Sub-Saharan Africa,Low income
Liberia,LBR,Secure Internet servers (per 1 million people),IT.NET.SECR.P6,2015,0.8584739209573015,Sub-Saharan Africa,Low income
Liberia,LBR,Secure Internet servers (per 1 million people),IT.NET.SECR.P6,2016,2.1027805487752564,Sub-Saharan Africa,Low income
Liberia,LBR,Secure Internet servers (per 1 million people),IT.NET.SECR.P6,2017,1.856081502601092,Sub-Saharan Africa,Low income
Liberia,LBR,Secure Internet servers (per 1 million people),IT.NET.SECR.P6,2018,2.224592424332512,Sub-Saharan Africa,Low income
Liberia,LBR,Secure Internet servers (per 1 million people),IT.NET.SECR.P6,2019,4.75839167154567,Sub-Saharan Africa,Low income
Liberia,LBR,Secure Internet servers (per 1 million people),IT.NET.SECR.P6,2020,6.020045196945778,Sub-Saharan Africa,Low income
Liberia,LBR,Secure Internet servers (per 1 million people),IT.NET.SECR.P6,2021,6.654848922570452,Sub-Saharan Africa,Low income
Liberia,LBR,Secure Internet servers (per 1 million people),IT.NET.SECR.P6,2022,8.18864554963864,Sub-Saharan Africa,Low income
Liberia,LBR,Secure Internet servers (per 1 million people),IT.NET.SECR.P6,2023,9.284491567588097,Sub-Saharan Africa,Low income
Liberia,LBR,Secure Internet servers (per 1 million people),IT.NET.SECR.P6,2024,13.0059469246904,Sub-Saharan Africa,Low income
Liberia,LBR,Individuals using the Internet (% of population),IT.NET.USER.ZS,2000,0.0177027057169472,Sub-Saharan Africa,Low income
Liberia,LBR,Individuals using the Internet (% of population),IT.NET.USER.ZS,2001,0.033812227177592,Sub-Saharan Africa,Low income
Liberia,LBR,Individuals using the Internet (% of population),IT.NET.USER.ZS,2002,0.0327133071190699,Sub-Saharan Africa,Low income
Liberia,LBR,Individuals using the Internet (% of population),IT.NET.USER.ZS,2003,0.0318689345450327,Sub-Saharan Africa,Low income
Liberia,LBR,Individuals using the Internet (% of population),IT.NET.USER.ZS,2004,0.0310111848040233,Sub-Saharan Africa,Low income
Liberia,LBR,Individuals using the Internet (% of population),IT.NET.USER.ZS,2005,0.551400006,Sub-Saharan Africa,Low income
Liberia,LBR,Individuals using the Internet (% of population),IT.NET.USER.ZS,2006,0.529999971,Sub-Saharan Africa,Low income
Liberia,LBR,Individuals using the Internet (% of population),IT.NET.USER.ZS,2007,0.551400006,Sub-Saharan Africa,Low income
Liberia,LBR,Individuals using the Internet (% of population),IT.NET.USER.ZS,2008,0.529999971,Sub-Saharan Africa,Low income
Liberia,LBR,Individuals using the Internet (% of population),IT.NET.USER.ZS,2009,2.0,Sub-Saharan Africa,Low income
Liberia,LBR,Individuals using the Internet (% of population),IT.NET.USER.ZS,2010,2.3,Sub-Saharan Africa,Low income
Liberia,LBR,Individuals using the Internet (% of population),IT.NET.USER.ZS,2011,2.5,Sub-Saharan Africa,Low income
Liberia,LBR,Individuals using the Internet (% of population),IT.NET.USER.ZS,2012,2.599999905,Sub-Saharan Africa,Low income
Liberia,LBR,Individuals using the Internet (% of population),IT.NET.USER.ZS,2013,3.200000048,Sub-Saharan Africa,Low income
Liberia,LBR,Individuals using the Internet (% of population),IT.NET.USER.ZS,2014,5.409999847,Sub-Saharan Africa,Low income
Liberia,LBR,Individuals using the Internet (% of population),IT.NET.USER.ZS,2015,10.0,Sub-Saharan Africa,Low income
Liberia,LBR,Individuals using the Internet (% of population),IT.NET.USER.ZS,2016,15.69999981,Sub-Saharan Africa,Low income
Liberia,LBR,Individuals using the Internet (% of population),IT.NET.USER.ZS,2017,16.29999924,Sub-Saharan Africa,Low income
Liberia,LBR,Individuals using the Internet (% of population),IT.NET.USER.ZS,2018,17.27770042,Sub-Saharan Africa,Low income
Liberia,LBR,Individuals using the Internet (% of population),IT.NET.USER.ZS,2019,19.89579964,Sub-Saharan Africa,Low income
Liberia,LBR,Individuals using the Internet (% of population),IT.NET.USER.ZS,2020,22.91069984,Sub-Saharan Africa,Low income
Liberia,LBR,Individuals using the Internet (% of population),IT.NET.USER.ZS,2021,26.38229942,Sub-Saharan Africa,Low income
Liberia,LBR,Individuals using the Internet (% of population),IT.NET.USER.ZS,2022,30.38010025,Sub-Saharan Africa,Low income
Liberia,LBR,Individuals using the Internet (% of population),IT.NET.USER.ZS,2023,31.22410011,Sub-Saharan Africa,Low income
Liberia,LBR,Individuals using the Internet (% of population),IT.NET.USER.ZS,2024,32.23360062,Sub-Saharan Africa,Low income
Madagascar,MDG,Mobile cellular subscriptions (per 100 people),IT.CEL.SETS.P2,2000,0.382009619807974,Sub-Saharan Africa,Low income
Madagascar,MDG,Mobile cellular subscriptions (per 100 people),IT.CEL.SETS.P2,2001,0.865969167153126,Sub-Saharan Africa,Low income
Madagascar,MDG,Mobile cellular subscriptions (per 100 people),IT.CEL.SETS.P2,2002,0.928836513320607,Sub-Saharan Africa,Low income
Madagascar,MDG,Mobile cellular subscriptions (per 100 people),IT.CEL.SETS.P2,2003,1.56965632856485,Sub-Saharan Africa,Low income
Madagascar,MDG,Mobile cellular subscriptions (per 100 people),IT.CEL.SETS.P2,2004,1.79445925877516,Sub-Saharan Africa,Low income
Madagascar,MDG,Mobile cellular subscriptions (per 100 people),IT.CEL.SETS.P2,2005,2.66324010069674,Sub-Saharan Africa,Low income
Madagascar,MDG,Mobile cellular subscriptions (per 100 people),IT.CEL.SETS.P2,2006,5.30075933146314,Sub-Saharan Africa,Low income
Madagascar,MDG,Mobile cellular subscriptions (per 100 people),IT.CEL.SETS.P2,2007,10.9142059758793,Sub-Saharan Africa,Low income
Madagascar,MDG,Mobile cellular subscriptions (per 100 people),IT.CEL.SETS.P2,2008,23.1087553718629,Sub-Saharan Africa,Low income
Madagascar,MDG,Mobile cellular subscriptions (per 100 people),IT.CEL.SETS.P2,2009,29.162840971111,Sub-Saharan Africa,Low income
Madagascar,MDG,Mobile cellular subscriptions (per 100 people),IT.CEL.SETS.P2,2010,34.7635703189871,Sub-Saharan Africa,Low income
Madagascar,MDG,Mobile cellular subscriptions (per 100 people),IT.CEL.SETS.P2,2011,38.0363591750174,Sub-Saharan Africa,Low income
Madagascar,MDG,Mobile cellular subscriptions (per 100 people),IT.CEL.SETS.P2,2012,37.4155490576043,Sub-Saharan Africa,Low income
Madagascar,MDG,Mobile cellular subscriptions (per 100 people),IT.CEL.SETS.P2,2013,35.0948534776429,Sub-Saharan Africa,Low income
Madagascar,MDG,Mobile cellular subscriptions (per 100 people),IT.CEL.SETS.P2,2014,39.2252725571455,Sub-Saharan Africa,Low income
Madagascar,MDG,Mobile cellular subscriptions (per 100 people),IT.CEL.SETS.P2,2015,42.0572239372609,Sub-Saharan Africa,Low income
Madagascar,MDG,Mobile cellular subscriptions (per 100 people),IT.CEL.SETS.P2,2016,30.6447038676546,Sub-Saharan Africa,Low income
Madagascar,MDG,Mobile cellular subscriptions (per 100 people),IT.CEL.SETS.P2,2017,32.5906255978573,Sub-Saharan Africa,Low income
Madagascar,MDG,Mobile cellular subscriptions (per 100 people),IT.CEL.SETS.P2,2018,38.7515500132643,Sub-Saharan Africa,Low income
Madagascar,MDG,Mobile cellular subscriptions (per 100 people),IT.CEL.SETS.P2,2019,46.077978411707,Sub-Saharan Africa,Low income
Madagascar,MDG,Mobile cellular subscriptions (per 100 people),IT.CEL.SETS.P2,2020,54.8084663590199,Sub-Saharan Africa,Low income
Madagascar,MDG,Mobile cellular subscriptions (per 100 people),IT.CEL.SETS.P2,2021,53.9177233784298,Sub-Saharan Africa,Low income
Madagascar,MDG,Mobile cellular subscriptions (per 100 people),IT.CEL.SETS.P2,2022,64.7494924066919,Sub-Saharan Africa,Low income
Madagascar,MDG,Mobile cellular subscriptions (per 100 people),IT.CEL.SETS.P2,2023,75.4562966735535,Sub-Saharan Africa,Low income
Madagascar,MDG,Fixed broadband subscriptions (per 100 people),IT.NET.BBND.P2,2006,0.0068978068876603,Sub-Saharan Africa,Low income
Madagascar,MDG,Fixed broadband subscriptions (per 100 people),IT.NET.BBND.P2,2007,0.0115854535722299,Sub-Saharan Africa,Low income
Madagascar,MDG,Fixed broadband subscriptions (per 100 people),IT.NET.BBND.P2,2008,0.0166699802713078,Sub-Saharan Africa,Low income
Madagascar,MDG,Fixed broadband subscriptions (per 100 people),IT.NET.BBND.P2,2009,0.0212370192432641,Sub-Saharan Africa,Low income
Madagascar,MDG,Fixed broadband subscriptions (per 100 people),IT.NET.BBND.P2,2010,0.0243020212465751,Sub-Saharan Africa,Low income
Madagascar,MDG,Fixed broadband subscriptions (per 100 people),IT.NET.BBND.P2,2011,0.030023266717202,Sub-Saharan Africa,Low income
Madagascar,MDG,Fixed broadband subscriptions (per 100 people),IT.NET.BBND.P2,2012,0.13245426583546,Sub-Saharan Africa,Low income
Madagascar,MDG,Fixed broadband subscriptions (per 100 people),IT.NET.BBND.P2,2013,0.157565817989663,Sub-Saharan Africa,Low income
Madagascar,MDG,Fixed broadband subscriptions (per 100 people),IT.NET.BBND.P2,2014,0.100285297234557,Sub-Saharan Africa,Low income
Madagascar,MDG,Fixed broadband subscriptions (per 100 people),IT.NET.BBND.P2,2015,0.0931855023903611,Sub-Saharan Africa,Low income
Madagascar,MDG,Fixed broadband subscriptions (per 100 people),IT.NET.BBND.P2,2016,0.101092139939568,Sub-Saharan Africa,Low income
Madagascar,MDG,Fixed broadband subscriptions (per 100 people),IT.NET.BBND.P2,2017,0.0935555068196559,Sub-Saharan Africa,Low income
Madagascar,MDG,Fixed broadband subscriptions (per 100 people),IT.NET.BBND.P2,2018,0.0989673512851062,Sub-Saharan Africa,Low income
Madagascar,MDG,Fixed broadband subscriptions (per 100 people),IT.NET.BBND.P2,2019,0.106309263427764,Sub-Saharan Africa,Low income
Madagascar,MDG,Fixed broadband subscriptions (per 100 people),IT.NET.BBND.P2,2020,0.110521830202826,Sub-Saharan Africa,Low income
Madagascar,MDG,Fixed broadband subscriptions (per 100 people),IT.NET.BBND.P2,2021,0.104182794544746,Sub-Saharan Africa,Low income
Madagascar,MDG,Fixed broadband subscriptions (per 100 people),IT.NET.BBND.P2,2022,0.10748996107107,Sub-Saharan Africa,Low income
Madagascar,MDG,Fixed broadband subscriptions (per 100 people),IT.NET.BBND.P2,2023,0.124487385085979,Sub-Saharan Africa,Low income
Madagascar,MDG,Secure Internet servers (per 1 million people),IT.NET.SECR.P6,2010,0.2704732470403465,Sub-Saharan Africa,Low income
Madagascar,MDG,Secure Internet servers (per 1 million people),IT.NET.SECR.P6,2011,0.3943511390175399,Sub-Saharan Africa,Low income
Madagascar,MDG,Secure Internet servers (per 1 million people),IT.NET.SECR.P6,2012,0.6393197501470221,Sub-Saharan Africa,Low income
Madagascar,MDG,Secure Internet servers (per 1 million people),IT.NET.SECR.P6,2013,0.6636445950917675,Sub-Saharan Africa,Low income
Madagascar,MDG,Secure Internet servers (per 1 million people),IT.NET.SECR.P6,2014,1.0902770385878926,Sub-Saharan Africa,Low income
Madagascar,MDG,Secure Internet servers (per 1 million people),IT.NET.SECR.P6,2015,1.5338206268355212,Sub-Saharan Africa,Low income
Madagascar,MDG,Secure Internet servers (per 1 million people),IT.NET.SECR.P6,2016,2.9118827498226816,Sub-Saharan Africa,Low income
Madagascar,MDG,Secure Internet servers (per 1 million people),IT.NET.SECR.P6,2017,4.703532782410281,Sub-Saharan Africa,Low income
Madagascar,MDG,Secure Internet servers (per 1 million people),IT.NET.SECR.P6,2018,5.20095962433214,Sub-Saharan Africa,Low income
Madagascar,MDG,Secure Internet servers (per 1 million people),IT.NET.SECR.P6,2019,8.044067599367445,Sub-Saharan Africa,Low income
Madagascar,MDG,Secure Internet servers (per 1 million people),IT.NET.SECR.P6,2020,9.87788857437753,Sub-Saharan Africa,Low income
Madagascar,MDG,Secure Internet servers (per 1 million people),IT.NET.SECR.P6,2021,13.876220008546,Sub-Saharan Africa,Low income
Madagascar,MDG,Secure Internet servers (per 1 million people),IT.NET.SECR.P6,2022,17.807121343802912,Sub-Saharan Africa,Low income
Madagascar,MDG,Secure Internet servers (per 1 million people),IT.NET.SECR.P6,2023,22.18237942049624,Sub-Saharan Africa,Low income
Madagascar,MDG,Secure Internet servers (per 1 million people),IT.NET.SECR.P6,2024,25.05869240051512,Sub-Saharan Africa,Low income
Madagascar,MDG,Individuals using the Internet (% of population),IT.NET.USER.ZS,2000,0.196394691006341,Sub-Saharan Africa,Low income
Madagascar,MDG,Individuals using the Internet (% of population),IT.NET.USER.ZS,2001,0.222511586178292,Sub-Saharan Africa,Low income
Madagascar,MDG,Individuals using the Internet (% of population),IT.NET.USER.ZS,2002,0.339720154596142,Sub-Saharan Africa,Low income
Madagascar,MDG,Individuals using the Internet (% of population),IT.NET.USER.ZS,2003,0.423252419277809,Sub-Saharan Africa,Low income
Madagascar,MDG,Individuals using the Internet (% of population),IT.NET.USER.ZS,2004,0.525353654946669,Sub-Saharan Africa,Low income
Madagascar,MDG,Individuals using the Internet (% of population),IT.NET.USER.ZS,2005,0.567700028,Sub-Saharan Africa,Low income
Madagascar,MDG,Individuals using the Internet (% of population),IT.NET.USER.ZS,2006,0.607599974,Sub-Saharan Africa,Low income
Madagascar,MDG,Individuals using the Internet (% of population),IT.NET.USER.ZS,2007,0.649999976,Sub-Saharan Africa,Low income
Madagascar,MDG,Individuals using the Internet (% of population),IT.NET.USER.ZS,2008,1.649999976,Sub-Saharan Africa,Low income
Madagascar,MDG,Individuals using the Internet (% of population),IT.NET.USER.ZS,2009,1.629999995,Sub-Saharan Africa,Low income
Madagascar,MDG,Individuals using the Internet (% of population),IT.NET.USER.ZS,2010,1.700000048,Sub-Saharan Africa,Low income
Madagascar,MDG,Individuals using the Internet (% of population),IT.NET.USER.ZS,2011,1.899999976,Sub-Saharan Africa,Low income
Madagascar,MDG,Individuals using the Internet (% of population),IT.NET.USER.ZS,2012,2.299999952,Sub-Saharan Africa,Low income
Madagascar,MDG,Individuals using the Internet (% of population),IT.NET.USER.ZS,2013,3.0,Sub-Saharan Africa,Low income
Madagascar,MDG,Individuals using the Internet (% of population),IT.NET.USER.ZS,2014,3.700000048,Sub-Saharan Africa,Low income
Madagascar,MDG,Individuals using the Internet (% of population),IT.NET.USER.ZS,2015,4.173999786,Sub-Saharan Africa,Low income
Madagascar,MDG,Individuals using the Internet (% of population),IT.NET.USER.ZS,2016,4.713699818,Sub-Saharan Africa,Low income
Madagascar,MDG,Individuals using the Internet (% of population),IT.NET.USER.ZS,2017,6.406000137,Sub-Saharan Africa,Low income
Madagascar,MDG,Individuals using the Internet (% of population),IT.NET.USER.ZS,2018,7.747799873,Sub-Saharan Africa,Low income
Madagascar,MDG,Individuals using the Internet (% of population),IT.NET.USER.ZS,2019,9.379400253,Sub-Saharan Africa,Low income
Madagascar,MDG,Individuals using the Internet (% of population),IT.NET.USER.ZS,2020,11.35470009,Sub-Saharan Africa,Low income
Madagascar,MDG,Individuals using the Internet (% of population),IT.NET.USER.ZS,2021,13.74590015,Sub-Saharan Africa,Low income
Madagascar,MDG,Individuals using the Internet (% of population),IT.NET.USER.ZS,2022,17.81170082,Sub-Saharan Africa,Low income
Madagascar,MDG,Individuals using the Internet (% of population),IT.NET.USER.ZS,2023,18.24080086,Sub-Saharan Africa,Low income
Madagascar,MDG,Individuals using the Internet (% of population),IT.NET.USER.ZS,2024,18.67790031,Sub-Saharan Africa,Low income
Malawi,MWI,Mobile cellular subscriptions (per 100 people),IT.CEL.SETS.P2,2000,0.43301741914195,Sub-Saharan Africa,Low income
Malawi,MWI,Mobile cellular subscriptions (per 100 people),IT.CEL.SETS.P2,2001,0.480718719771781,Sub-Saharan Africa,Low income
Malawi,MWI,Mobile cellular subscriptions (per 100 people),IT.CEL.SETS.P2,2002,0.724274521819057,Sub-Saharan Africa,Low income
Malawi,MWI,Mobile cellular subscriptions (per 100 people),IT.CEL.SETS.P2,2003,1.10916700912378,Sub-Saharan Africa,Low income
Malawi,MWI,Mobile cellular subscriptions (per 100 people),IT.CEL.SETS.P2,2004,1.77697522954047,Sub-Saharan Africa,Low income
Malawi,MWI,Mobile cellular subscriptions (per 100 people),IT.CEL.SETS.P2,2005,3.2800777505911,Sub-Saharan Africa,Low income
Malawi,MWI,Mobile cellular subscriptions (per 100 people),IT.CEL.SETS.P2,2006,4.6986669369963,Sub-Saharan Africa,Low income
Malawi,MWI,Mobile cellular subscriptions (per 100 people),IT.CEL.SETS.P2,2007,7.74031710895931,Sub-Saharan Africa,Low income
Malawi,MWI,Mobile cellular subscriptions (per 100 people),IT.CEL.SETS.P2,2008,10.787342707362,Sub-Saharan Africa,Low income
Malawi,MWI,Mobile cellular subscriptions (per 100 people),IT.CEL.SETS.P2,2009,17.2664810012484,Sub-Saharan Africa,Low income
Malawi,MWI,Mobile cellular subscriptions (per 100 people),IT.CEL.SETS.P2,2010,21.025675510066,Sub-Saharan Africa,Low income
Malawi,MWI,Mobile cellular subscriptions (per 100 people),IT.CEL.SETS.P2,2011,25.8864481164849,Sub-Saharan Africa,Low income
Malawi,MWI,Mobile cellular subscriptions (per 100 people),IT.CEL.SETS.P2,2012,29.5800071510519,Sub-Saharan Africa,Low income
Malawi,MWI,Mobile cellular subscriptions (per 100 people),IT.CEL.SETS.P2,2013,32.7317425220037,Sub-Saharan Africa,Low income
Malawi,MWI,Mobile cellular subscriptions (per 100 people),IT.CEL.SETS.P2,2014,33.8868400746068,Sub-Saharan Africa,Low income
Malawi,MWI,Mobile cellular subscriptions (per 100 people),IT.CEL.SETS.P2,2015,38.4341901744435,Sub-Saharan Africa,Low income
Malawi,MWI,Mobile cellular subscriptions (per 100 people),IT.CEL.SETS.P2,2016,40.8844441758703,Sub-Saharan Africa,Low income
Malawi,MWI,Mobile cellular subscriptions (per 100 people),IT.CEL.SETS.P2,2017,43.0855088342582,Sub-Saharan Africa,Low income
Malawi,MWI,Mobile cellular subscriptions (per 100 people),IT.CEL.SETS.P2,2018,38.1955692011493,Sub-Saharan Africa,Low income
Malawi,MWI,Mobile cellular subscriptions (per 100 people),IT.CEL.SETS.P2,2019,46.7841008334388,Sub-Saharan Africa,Low income
Malawi,MWI,Mobile cellular subscriptions (per 100 people),IT.CEL.SETS.P2,2020,51.2170439392301,Sub-Saharan Africa,Low income
Malawi,MWI,Mobile cellular subscriptions (per 100 people),IT.CEL.SETS.P2,2021,59.5599408158462,Sub-Saharan Africa,Low income
Malawi,MWI,Mobile cellular subscriptions (per 100 people),IT.CEL.SETS.P2,2022,59.6495709408963,Sub-Saharan Africa,Low income
Malawi,MWI,Mobile cellular subscriptions (per 100 people),IT.CEL.SETS.P2,2023,61.0866071008045,Sub-Saharan Africa,Low income
Malawi,MWI,Mobile cellular subscriptions (per 100 people),IT.CEL.SETS.P2,2024,69.260530662121,Sub-Saharan Africa,Low income
Malawi,MWI,Fixed broadband subscriptions (per 100 people),IT.NET.BBND.P2,2003,0.0005664292643955,Sub-Saharan Africa,Low income
Malawi,MWI,Fixed broadband subscriptions (per 100 people),IT.NET.BBND.P2,2004,0.0011039349119975,Sub-Saharan Africa,Low income
Malawi,MWI,Fixed broadband subscriptions (per 100 people),IT.NET.BBND.P2,2005,0.0031464098490104,Sub-Saharan Africa,Low income
Malawi,MWI,Fixed broadband subscriptions (per 100 people),IT.NET.BBND.P2,2007,0.0068796140462862,Sub-Saharan Africa,Low income
Malawi,MWI,Fixed broadband subscriptions (per 100 people),IT.NET.BBND.P2,2008,0.0070547408538254,Sub-Saharan Africa,Low income
Malawi,MWI,Fixed broadband subscriptions (per 100 people),IT.NET.BBND.P2,2009,0.0071826564825767,Sub-Saharan Africa,Low income
Malawi,MWI,Fixed broadband subscriptions (per 100 people),IT.NET.BBND.P2,2010,0.0073179962071871,Sub-Saharan Africa,Low income
Malawi,MWI,Fixed broadband subscriptions (per 100 people),IT.NET.BBND.P2,2011,0.0113330986355604,Sub-Saharan Africa,Low income
Malawi,MWI,Fixed broadband subscriptions (per 100 people),IT.NET.BBND.P2,2012,0.0078805431871271,Sub-Saharan Africa,Low income
Malawi,MWI,Fixed broadband subscriptions (per 100 people),IT.NET.BBND.P2,2013,0.0543070159937472,Sub-Saharan Africa,Low income
Malawi,MWI,Fixed broadband subscriptions (per 100 people),IT.NET.BBND.P2,2014,0.05150546237057,Sub-Saharan Africa,Low income
Malawi,MWI,Fixed broadband subscriptions (per 100 people),IT.NET.BBND.P2,2015,0.034268649944541,Sub-Saharan Africa,Low income
Malawi,MWI,Fixed broadband subscriptions (per 100 people),IT.NET.BBND.P2,2016,0.0495052352697577,Sub-Saharan Africa,Low income
Malawi,MWI,Fixed broadband subscriptions (per 100 people),IT.NET.BBND.P2,2017,0.0599566013099431,Sub-Saharan Africa,Low income
Malawi,MWI,Fixed broadband subscriptions (per 100 people),IT.NET.BBND.P2,2018,0.0613015454757565,Sub-Saharan Africa,Low income
Malawi,MWI,Fixed broadband subscriptions (per 100 people),IT.NET.BBND.P2,2019,0.0596980345376099,Sub-Saharan Africa,Low income
Malawi,MWI,Fixed broadband subscriptions (per 100 people),IT.NET.BBND.P2,2020,0.0627371263723842,Sub-Saharan Africa,Low income
Malawi,MWI,Fixed broadband subscriptions (per 100 people),IT.NET.BBND.P2,2021,0.0670814931398598,Sub-Saharan Africa,Low income
Malawi,MWI,Fixed broadband subscriptions (per 100 people),IT.NET.BBND.P2,2022,0.0724060330808983,Sub-Saharan Africa,Low income
Malawi,MWI,Fixed broadband subscriptions (per 100 people),IT.NET.BBND.P2,2023,0.079556560544817,Sub-Saharan Africa,Low income
Malawi,MWI,Fixed broadband subscriptions (per 100 people),IT.NET.BBND.P2,2024,0.0863853749149284,Sub-Saharan Africa,Low income
Malawi,MWI,Secure Internet servers (per 1 million people),IT.NET.SECR.P6,2010,0.2023409089544822,Sub-Saharan Africa,Low income
Malawi,MWI,Secure Internet servers (per 1 million people),IT.NET.SECR.P6,2011,0.3275462033398969,Sub-Saharan Africa,Low income
Malawi,MWI,Secure Internet servers (per 1 million people),IT.NET.SECR.P6,2012,1.2731087539785444,Sub-Saharan Africa,Low income
Malawi,MWI,Secure Internet servers (per 1 million people),IT.NET.SECR.P6,2013,1.4231074032769584,Sub-Saharan Africa,Low income
Malawi,MWI,Secure Internet servers (per 1 million people),IT.NET.SECR.P6,2014,1.8650500332761024,Sub-Saharan Africa,Low income
Malawi,MWI,Secure Internet servers (per 1 million people),IT.NET.SECR.P6,2015,2.22409683670804,Sub-Saharan Africa,Low income
Malawi,MWI,Secure Internet servers (per 1 million people),IT.NET.SECR.P6,2016,5.12594474721375,Sub-Saharan Africa,Low income
Malawi,MWI,Secure Internet servers (per 1 million people),IT.NET.SECR.P6,2017,10.19971767846665,Sub-Saharan Africa,Low income
Malawi,MWI,Secure Internet servers (per 1 million people),IT.NET.SECR.P6,2018,15.058224324472675,Sub-Saharan Africa,Low income
Malawi,MWI,Secure Internet servers (per 1 million people),IT.NET.SECR.P6,2019,16.030903798178386,Sub-Saharan Africa,Low income
Malawi,MWI,Secure Internet servers (per 1 million people),IT.NET.SECR.P6,2020,16.586559726358622,Sub-Saharan Africa,Low income
Malawi,MWI,Secure Internet servers (per 1 million people),IT.NET.SECR.P6,2021,21.1999067403632,Sub-Saharan Africa,Low income
Malawi,MWI,Secure Internet servers (per 1 million people),IT.NET.SECR.P6,2022,23.82257181873376,Sub-Saharan Africa,Low income
Malawi,MWI,Secure Internet servers (per 1 million people),IT.NET.SECR.P6,2023,27.671847146023296,Sub-Saharan Africa,Low income
Malawi,MWI,Secure Internet servers (per 1 million people),IT.NET.SECR.P6,2024,32.46320551942838,Sub-Saharan Africa,Low income
Malawi,MWI,Individuals using the Internet (% of population),IT.NET.USER.ZS,2000,0.126780944756387,Sub-Saharan Africa,Low income
Malawi,MWI,Individuals using the Internet (% of population),IT.NET.USER.ZS,2001,0.164020725330811,Sub-Saharan Africa,Low income
Malawi,MWI,Individuals using the Internet (% of population),IT.NET.USER.ZS,2002,0.21509472652259,Sub-Saharan Africa,Low income
Malawi,MWI,Individuals using the Internet (% of population),IT.NET.USER.ZS,2003,0.278815116302304,Sub-Saharan Africa,Low income
Malawi,MWI,Individuals using the Internet (% of population),IT.NET.USER.ZS,2004,0.347505334967577,Sub-Saharan Africa,Low income
Malawi,MWI,Individuals using the Internet (% of population),IT.NET.USER.ZS,2005,0.384499997,Sub-Saharan Africa,Low income
Malawi,MWI,Individuals using the Internet (% of population),IT.NET.USER.ZS,2006,0.425099999,Sub-Saharan Africa,Low income
Malawi,MWI,Individuals using the Internet (% of population),IT.NET.USER.ZS,2007,0.965864736553132,Sub-Saharan Africa,Low income
Malawi,MWI,Individuals using the Internet (% of population),IT.NET.USER.ZS,2008,0.7,Sub-Saharan Africa,Low income
Malawi,MWI,Individuals using the Internet (% of population),IT.NET.USER.ZS,2009,1.07,Sub-Saharan Africa,Low income
Malawi,MWI,Individuals using the Internet (% of population),IT.NET.USER.ZS,2010,2.26,Sub-Saharan Africa,Low income
Malawi,MWI,Individuals using the Internet (% of population),IT.NET.USER.ZS,2011,3.33,Sub-Saharan Africa,Low income
Malawi,MWI,Individuals using the Internet (% of population),IT.NET.USER.ZS,2012,4.350599766,Sub-Saharan Africa,Low income
Malawi,MWI,Individuals using the Internet (% of population),IT.NET.USER.ZS,2013,5.050000191,Sub-Saharan Africa,Low income
Malawi,MWI,Individuals using the Internet (% of population),IT.NET.USER.ZS,2014,5.829999924,Sub-Saharan Africa,Low income
Malawi,MWI,Individuals using the Internet (% of population),IT.NET.USER.ZS,2015,6.0,Sub-Saharan Africa,Low income
Malawi,MWI,Individuals using the Internet (% of population),IT.NET.USER.ZS,2016,6.300000191,Sub-Saharan Africa,Low income
Malawi,MWI,Individuals using the Internet (% of population),IT.NET.USER.ZS,2017,7.0,Sub-Saharan Africa,Low income
Malawi,MWI,Individuals using the Internet (% of population),IT.NET.USER.ZS,2018,8.798299789,Sub-Saharan Africa,Low income
Malawi,MWI,Individuals using the Internet (% of population),IT.NET.USER.ZS,2019,11.05860043,Sub-Saharan Africa,Low income
Malawi,MWI,Individuals using the Internet (% of population),IT.NET.USER.ZS,2020,13.89949989,Sub-Saharan Africa,Low income
Malawi,MWI,Individuals using the Internet (% of population),IT.NET.USER.ZS,2021,15.30300045,Sub-Saharan Africa,Low income
Malawi,MWI,Individuals using the Internet (% of population),IT.NET.USER.ZS,2022,16.84830093,Sub-Saharan Africa,Low income
Malawi,MWI,Individuals using the Internet (% of population),IT.NET.USER.ZS,2023,17.98810346,Sub-Saharan Africa,Low income
Malawi,MWI,Individuals using the Internet (% of population),IT.NET.USER.ZS,2024,18.96159935,Sub-Saharan Africa,Low income
Mali,MLI,Mobile cellular subscriptions (per 100 people),IT.CEL.SETS.P2,2000,0.089953621718981,Sub-Saharan Africa,Low income
Mali,MLI,Mobile cellular subscriptions (per 100 people),IT.CEL.SETS.P2,2001,0.201449644976166,Sub-Saharan Africa,Low income
Mali,MLI,Mobile cellular subscriptions (per 100 people),IT.CEL.SETS.P2,2002,0.374135847429006,Sub-Saharan Africa,Low income
Mali,MLI,Mobile cellular subscriptions (per 100 people),IT.CEL.SETS.P2,2003,1.94894660643258,Sub-Saharan Africa,Low income
Mali,MLI,Mobile cellular subscriptions (per 100 people),IT.CEL.SETS.P2,2004,3.10523812834724,Sub-Saharan Africa,Low income
Mali,MLI,Mobile cellular subscriptions (per 100 people),IT.CEL.SETS.P2,2005,5.62822858148233,Sub-Saharan Africa,Low income
Mali,MLI,Mobile cellular subscriptions (per 100 people),IT.CEL.SETS.P2,2006,10.8143886204419,Sub-Saharan Africa,Low income
Mali,MLI,Mobile cellular subscriptions (per 100 people),IT.CEL.SETS.P2,2007,17.5053976147782,Sub-Saharan Africa,Low income
Mali,MLI,Mobile cellular subscriptions (per 100 people),IT.CEL.SETS.P2,2008,23.0146454181582,Sub-Saharan Africa,Low income
Mali,MLI,Mobile cellular subscriptions (per 100 people),IT.CEL.SETS.P2,2009,28.8978765173021,Sub-Saharan Africa,Low income
Mali,MLI,Mobile cellular subscriptions (per 100 people),IT.CEL.SETS.P2,2010,46.6622176783255,Sub-Saharan Africa,Low income
Mali,MLI,Mobile cellular subscriptions (per 100 people),IT.CEL.SETS.P2,2011,65.7107159010821,Sub-Saharan Africa,Low income
Mali,MLI,Mobile cellular subscriptions (per 100 people),IT.CEL.SETS.P2,2012,86.1756593856956,Sub-Saharan Africa,Low income
Mali,MLI,Mobile cellular subscriptions (per 100 people),IT.CEL.SETS.P2,2013,113.114584714497,Sub-Saharan Africa,Low income
Mali,MLI,Mobile cellular subscriptions (per 100 people),IT.CEL.SETS.P2,2014,130.439571178385,Sub-Saharan Africa,Low income
Mali,MLI,Mobile cellular subscriptions (per 100 people),IT.CEL.SETS.P2,2015,122.082978226993,Sub-Saharan Africa,Low income
Mali,MLI,Mobile cellular subscriptions (per 100 people),IT.CEL.SETS.P2,2016,105.348301513254,Sub-Saharan Africa,Low income
Mali,MLI,Mobile cellular subscriptions (per 100 people),IT.CEL.SETS.P2,2017,111.210305187838,Sub-Saharan Africa,Low income
Mali,MLI,Mobile cellular subscriptions (per 100 people),IT.CEL.SETS.P2,2018,107.404034726492,Sub-Saharan Africa,Low income
Mali,MLI,Mobile cellular subscriptions (per 100 people),IT.CEL.SETS.P2,2019,108.814511587375,Sub-Saharan Africa,Low income
Mali,MLI,Mobile cellular subscriptions (per 100 people),IT.CEL.SETS.P2,2020,116.587405376001,Sub-Saharan Africa,Low income
Mali,MLI,Mobile cellular subscriptions (per 100 people),IT.CEL.SETS.P2,2021,108.693122357196,Sub-Saharan Africa,Low income
Mali,MLI,Mobile cellular subscriptions (per 100 people),IT.CEL.SETS.P2,2022,112.119852778009,Sub-Saharan Africa,Low income
Mali,MLI,Fixed broadband subscriptions (per 100 people),IT.NET.BBND.P2,2006,0.0220512462385113,Sub-Saharan Africa,Low income
Mali,MLI,Fixed broadband subscriptions (per 100 people),IT.NET.BBND.P2,2007,0.022133419561447,Sub-Saharan Africa,Low income
Mali,MLI,Fixed broadband subscriptions (per 100 people),IT.NET.BBND.P2,2008,0.0352859709752809,Sub-Saharan Africa,Low income
Mali,MLI,Fixed broadband subscriptions (per 100 people),IT.NET.BBND.P2,2009,0.0534092136335505,Sub-Saharan Africa,Low income
Mali,MLI,Fixed broadband subscriptions (per 100 people),IT.NET.BBND.P2,2010,0.0502910029715529,Sub-Saharan Africa,Low income
Mali,MLI,Fixed broadband subscriptions (per 100 people),IT.NET.BBND.P2,2011,0.0515026702513302,Sub-Saharan Africa,Low income
Mali,MLI,Fixed broadband subscriptions (per 100 people),IT.NET.BBND.P2,2012,0.02547615493819,Sub-Saharan Africa,Low income
Mali,MLI,Fixed broadband subscriptions (per 100 people),IT.NET.BBND.P2,2013,0.0166613066782973,Sub-Saharan Africa,Low income
Mali,MLI,Fixed broadband subscriptions (per 100 people),IT.NET.BBND.P2,2015,0.018818888075322,Sub-Saharan Africa,Low income
Mali,MLI,Fixed broadband subscriptions (per 100 people),IT.NET.BBND.P2,2016,0.111738195386459,Sub-Saharan Africa,Low income
Mali,MLI,Fixed broadband subscriptions (per 100 people),IT.NET.BBND.P2,2017,0.0777267019132024,Sub-Saharan Africa,Low income
Mali,MLI,Fixed broadband subscriptions (per 100 people),IT.NET.BBND.P2,2018,0.591594866067607,Sub-Saharan Africa,Low income
Mali,MLI,Fixed broadband subscriptions (per 100 people),IT.NET.BBND.P2,2019,0.676472661314418,Sub-Saharan Africa,Low income
Mali,MLI,Fixed broadband subscriptions (per 100 people),IT.NET.BBND.P2,2020,1.12281404354348,Sub-Saharan Africa,Low income
Mali,MLI,Fixed broadband subscriptions (per 100 people),IT.NET.BBND.P2,2021,0.648338018002888,Sub-Saharan Africa,Low income
Mali,MLI,Fixed broadband subscriptions (per 100 people),IT.NET.BBND.P2,2022,0.774220028570636,Sub-Saharan Africa,Low income
Mali,MLI,Secure Internet servers (per 1 million people),IT.NET.SECR.P6,2010,0.4390036423505057,Sub-Saharan Africa,Low income
Mali,MLI,Secure Internet servers (per 1 million people),IT.NET.SECR.P6,2011,0.4250397214799713,Sub-Saharan Africa,Low income
Mali,MLI,Secure Internet servers (per 1 million people),IT.NET.SECR.P6,2012,0.8256161322561559,Sub-Saharan Africa,Low income
Mali,MLI,Secure Internet servers (per 1 million people),IT.NET.SECR.P6,2013,0.916400504822128,Sub-Saharan Africa,Low income
Mali,MLI,Secure Internet servers (per 1 million people),IT.NET.SECR.P6,2014,1.3873268359453277,Sub-Saharan Africa,Low income
Mali,MLI,Secure Internet servers (per 1 million people),IT.NET.SECR.P6,2015,2.0975611172836777,Sub-Saharan Africa,Low income
Mali,MLI,Secure Internet servers (per 1 million people),IT.NET.SECR.P6,2016,2.9700975270603243,Sub-Saharan Africa,Low income
Mali,MLI,Secure Internet servers (per 1 million people),IT.NET.SECR.P6,2017,7.167007579009571,Sub-Saharan Africa,Low income
Mali,MLI,Secure Internet servers (per 1 million people),IT.NET.SECR.P6,2018,9.832682957612333,Sub-Saharan Africa,Low income
Mali,MLI,Secure Internet servers (per 1 million people),IT.NET.SECR.P6,2019,9.635280886236998,Sub-Saharan Africa,Low income
Mali,MLI,Secure Internet servers (per 1 million people),IT.NET.SECR.P6,2020,9.9936280259278,Sub-Saharan Africa,Low income
Mali,MLI,Secure Internet servers (per 1 million people),IT.NET.SECR.P6,2021,11.92569621276514,Sub-Saharan Africa,Low income
Mali,MLI,Secure Internet servers (per 1 million people),IT.NET.SECR.P6,2022,14.692726970125657,Sub-Saharan Africa,Low income
Mali,MLI,Secure Internet servers (per 1 million people),IT.NET.SECR.P6,2023,14.051841281339444,Sub-Saharan Africa,Low income
Mali,MLI,Secure Internet servers (per 1 million people),IT.NET.SECR.P6,2024,20.997937177358423,Sub-Saharan Africa,Low income
Mali,MLI,Individuals using the Internet (% of population),IT.NET.USER.ZS,2000,0.142545755049184,Sub-Saharan Africa,Low income
Mali,MLI,Individuals using the Internet (% of population),IT.NET.USER.ZS,2001,0.185897413256084,Sub-Saharan Africa,Low income
Mali,MLI,Individuals using the Internet (% of population),IT.NET.USER.ZS,2002,0.2270455784917,Sub-Saharan Africa,Low income
Mali,MLI,Individuals using the Internet (% of population),IT.NET.USER.ZS,2003,0.310364443230575,Sub-Saharan Africa,Low income
Mali,MLI,Individuals using the Internet (% of population),IT.NET.USER.ZS,2004,0.432819639900985,Sub-Saharan Africa,Low income
Mali,MLI,Individuals using the Internet (% of population),IT.NET.USER.ZS,2005,0.507099986,Sub-Saharan Africa,Low income
Mali,MLI,Individuals using the Internet (% of population),IT.NET.USER.ZS,2006,0.729600012,Sub-Saharan Africa,Low income
Mali,MLI,Individuals using the Internet (% of population),IT.NET.USER.ZS,2007,0.81,Sub-Saharan Africa,Low income
Mali,MLI,Individuals using the Internet (% of population),IT.NET.USER.ZS,2008,1.57,Sub-Saharan Africa,Low income
Mali,MLI,Individuals using the Internet (% of population),IT.NET.USER.ZS,2009,1.799999952,Sub-Saharan Africa,Low income
Mali,MLI,Individuals using the Internet (% of population),IT.NET.USER.ZS,2010,2.0,Sub-Saharan Africa,Low income
Mali,MLI,Individuals using the Internet (% of population),IT.NET.USER.ZS,2011,2.2,Sub-Saharan Africa,Low income
Mali,MLI,Individuals using the Internet (% of population),IT.NET.USER.ZS,2012,2.799999952,Sub-Saharan Africa,Low income
Mali,MLI,Individuals using the Internet (% of population),IT.NET.USER.ZS,2013,3.5,Sub-Saharan Africa,Low income
Mali,MLI,Individuals using the Internet (% of population),IT.NET.USER.ZS,2014,7.0,Sub-Saharan Africa,Low income
Mali,MLI,Individuals using the Internet (% of population),IT.NET.USER.ZS,2015,10.32999992,Sub-Saharan Africa,Low income
Mali,MLI,Individuals using the Internet (% of population),IT.NET.USER.ZS,2016,14.0,Sub-Saharan Africa,Low income
Mali,MLI,Individuals using the Internet (% of population),IT.NET.USER.ZS,2017,18.89999962,Sub-Saharan Africa,Low income
Mali,MLI,Individuals using the Internet (% of population),IT.NET.USER.ZS,2018,21.39999962,Sub-Saharan Africa,Low income
Mali,MLI,Individuals using the Internet (% of population),IT.NET.USER.ZS,2019,24.96030045,Sub-Saharan Africa,Low income
Mali,MLI,Individuals using the Internet (% of population),IT.NET.USER.ZS,2020,29.11300087,Sub-Saharan Africa,Low income
Mali,MLI,Individuals using the Internet (% of population),IT.NET.USER.ZS,2021,33.95650101,Sub-Saharan Africa,Low income
Mali,MLI,Individuals using the Internet (% of population),IT.NET.USER.ZS,2022,35.19919968,Sub-Saharan Africa,Low income
Mali,MLI,Individuals using the Internet (% of population),IT.NET.USER.ZS,2023,36.03879929,Sub-Saharan Africa,Low income
Mali,MLI,Individuals using the Internet (% of population),IT.NET.USER.ZS,2024,36.80149841,Sub-Saharan Africa,Low income
Mauritania,MRT,Mobile cellular subscriptions (per 100 people),IT.CEL.SETS.P2,2000,0.585435064346201,Sub-Saharan Africa,Lower middle income
Mauritania,MRT,Mobile cellular subscriptions (per 100 people),IT.CEL.SETS.P2,2001,4.12366169421673,Sub-Saharan Africa,Lower middle income
Mauritania,MRT,Mobile cellular subscriptions (per 100 people),IT.CEL.SETS.P2,2002,9.02771615993982,Sub-Saharan Africa,Lower middle income
Mauritania,MRT,Mobile cellular subscriptions (per 100 people),IT.CEL.SETS.P2,2003,12.524919291118,Sub-Saharan Africa,Lower middle income
Mauritania,MRT,Mobile cellular subscriptions (per 100 people),IT.CEL.SETS.P2,2004,18.2105677067792,Sub-Saharan Africa,Lower middle income
Mauritania,MRT,Mobile cellular subscriptions (per 100 people),IT.CEL.SETS.P2,2005,25.3691742833335,Sub-Saharan Africa,Lower middle income
Mauritania,MRT,Mobile cellular subscriptions (per 100 people),IT.CEL.SETS.P2,2006,35.1772263626288,Sub-Saharan Africa,Lower middle income
Mauritania,MRT,Mobile cellular subscriptions (per 100 people),IT.CEL.SETS.P2,2007,45.7141942652888,Sub-Saharan Africa,Lower middle income
Mauritania,MRT,Mobile cellular subscriptions (per 100 people),IT.CEL.SETS.P2,2008,65.7183543081028,Sub-Saharan Africa,Lower middle income
Mauritania,MRT,Mobile cellular subscriptions (per 100 people),IT.CEL.SETS.P2,2009,66.4418800358538,Sub-Saharan Africa,Lower middle income
Mauritania,MRT,Mobile cellular subscriptions (per 100 people),IT.CEL.SETS.P2,2010,81.8660764708571,Sub-Saharan Africa,Lower middle income
Mauritania,MRT,Mobile cellular subscriptions (per 100 people),IT.CEL.SETS.P2,2011,94.6316258570616,Sub-Saharan Africa,Lower middle income
Mauritania,MRT,Mobile cellular subscriptions (per 100 people),IT.CEL.SETS.P2,2012,111.230731736701,Sub-Saharan Africa,Lower middle income
Mauritania,MRT,Mobile cellular subscriptions (per 100 people),IT.CEL.SETS.P2,2013,106.798483685642,Sub-Saharan Africa,Lower middle income
Mauritania,MRT,Mobile cellular subscriptions (per 100 people),IT.CEL.SETS.P2,2014,97.5267336951353,Sub-Saharan Africa,Lower middle income
Mauritania,MRT,Mobile cellular subscriptions (per 100 people),IT.CEL.SETS.P2,2015,91.8941169084199,Sub-Saharan Africa,Lower middle income
Mauritania,MRT,Mobile cellular subscriptions (per 100 people),IT.CEL.SETS.P2,2016,88.4383494871236,Sub-Saharan Africa,Lower middle income
Mauritania,MRT,Mobile cellular subscriptions (per 100 people),IT.CEL.SETS.P2,2017,96.7595354581295,Sub-Saharan Africa,Lower middle income
Mauritania,MRT,Mobile cellular subscriptions (per 100 people),IT.CEL.SETS.P2,2018,105.275094895088,Sub-Saharan Africa,Lower middle income
Mauritania,MRT,Mobile cellular subscriptions (per 100 people),IT.CEL.SETS.P2,2019,105.441089704161,Sub-Saharan Africa,Lower middle income
Mauritania,MRT,Mobile cellular subscriptions (per 100 people),IT.CEL.SETS.P2,2020,126.277034284458,Sub-Saharan Africa,Lower middle income
Mauritania,MRT,Mobile cellular subscriptions (per 100 people),IT.CEL.SETS.P2,2021,137.540323142707,Sub-Saharan Africa,Lower middle income
Mauritania,MRT,Mobile cellular subscriptions (per 100 people),IT.CEL.SETS.P2,2022,109.883898247552,Sub-Saharan Africa,Lower middle income
Mauritania,MRT,Mobile cellular subscriptions (per 100 people),IT.CEL.SETS.P2,2023,90.7724948884417,Sub-Saharan Africa,Lower middle income
Mauritania,MRT,Mobile cellular subscriptions (per 100 people),IT.CEL.SETS.P2,2024,92.0748946443443,Sub-Saharan Africa,Lower middle income
Mauritania,MRT,Fixed broadband subscriptions (per 100 people),IT.NET.BBND.P2,2005,0.0055800172776388,Sub-Saharan Africa,Lower middle income
Mauritania,MRT,Fixed broadband subscriptions (per 100 people),IT.NET.BBND.P2,2006,0.0322863229428668,Sub-Saharan Africa,Lower middle income
Mauritania,MRT,Fixed broadband subscriptions (per 100 people),IT.NET.BBND.P2,2007,0.129321813777235,Sub-Saharan Africa,Lower middle income
Mauritania,MRT,Fixed broadband subscriptions (per 100 people),IT.NET.BBND.P2,2008,0.184590117894529,Sub-Saharan Africa,Lower middle income
Mauritania,MRT,Fixed broadband subscriptions (per 100 people),IT.NET.BBND.P2,2009,0.206275148822572,Sub-Saharan Africa,Lower middle income
Mauritania,MRT,Fixed broadband subscriptions (per 100 people),IT.NET.BBND.P2,2010,0.171308167439062,Sub-Saharan Africa,Lower middle income
Mauritania,MRT,Fixed broadband subscriptions (per 100 people),IT.NET.BBND.P2,2011,0.174716820290903,Sub-Saharan Africa,Lower middle income
Mauritania,MRT,Fixed broadband subscriptions (per 100 people),IT.NET.BBND.P2,2012,0.185049380580564,Sub-Saharan Africa,Lower middle income
Mauritania,MRT,Fixed broadband subscriptions (per 100 people),IT.NET.BBND.P2,2013,0.201696802468349,Sub-Saharan Africa,Lower middle income
Mauritania,MRT,Fixed broadband subscriptions (per 100 people),IT.NET.BBND.P2,2014,0.20787244115521,Sub-Saharan Africa,Lower middle income
Mauritania,MRT,Fixed broadband subscriptions (per 100 people),IT.NET.BBND.P2,2015,0.243018145169932,Sub-Saharan Africa,Lower middle income
Mauritania,MRT,Fixed broadband subscriptions (per 100 people),IT.NET.BBND.P2,2016,0.272618915656489,Sub-Saharan Africa,Lower middle income
Mauritania,MRT,Fixed broadband subscriptions (per 100 people),IT.NET.BBND.P2,2017,0.300123497838788,Sub-Saharan Africa,Lower middle income
Mauritania,MRT,Fixed broadband subscriptions (per 100 people),IT.NET.BBND.P2,2018,0.304863077886015,Sub-Saharan Africa,Lower middle income
Mauritania,MRT,Fixed broadband subscriptions (per 100 people),IT.NET.BBND.P2,2019,0.242070430744355,Sub-Saharan Africa,Lower middle income
Mauritania,MRT,Fixed broadband subscriptions (per 100 people),IT.NET.BBND.P2,2020,0.401227704167555,Sub-Saharan Africa,Lower middle income
Mauritania,MRT,Fixed broadband subscriptions (per 100 people),IT.NET.BBND.P2,2021,0.405903092669414,Sub-Saharan Africa,Lower middle income
Mauritania,MRT,Fixed broadband subscriptions (per 100 people),IT.NET.BBND.P2,2022,0.415227794850191,Sub-Saharan Africa,Lower middle income
Mauritania,MRT,Fixed broadband subscriptions (per 100 people),IT.NET.BBND.P2,2023,0.59041012129361,Sub-Saharan Africa,Lower middle income
Mauritania,MRT,Fixed broadband subscriptions (per 100 people),IT.NET.BBND.P2,2024,0.946513083252489,Sub-Saharan Africa,Lower middle income
Mauritania,MRT,Secure Internet servers (per 1 million people),IT.NET.SECR.P6,2010,1.7694078234366912,Sub-Saharan Africa,Lower middle income
Mauritania,MRT,Secure Internet servers (per 1 million people),IT.NET.SECR.P6,2011,1.1419400019013302,Sub-Saharan Africa,Lower middle income
Mauritania,MRT,Secure Internet servers (per 1 million people),IT.NET.SECR.P6,2012,0.2763168292975418,Sub-Saharan Africa,Lower middle income
Mauritania,MRT,Secure Internet servers (per 1 million people),IT.NET.SECR.P6,2013,0.5355730283280642,Sub-Saharan Africa,Lower middle income
Mauritania,MRT,Secure Internet servers (per 1 million people),IT.NET.SECR.P6,2014,0.2598405514440118,Sub-Saharan Africa,Lower middle income
Mauritania,MRT,Secure Internet servers (per 1 million people),IT.NET.SECR.P6,2015,3.530041535981588,Sub-Saharan Africa,Lower middle income
Mauritania,MRT,Secure Internet servers (per 1 million people),IT.NET.SECR.P6,2016,3.4257829810527287,Sub-Saharan Africa,Lower middle income
Mauritania,MRT,Secure Internet servers (per 1 million people),IT.NET.SECR.P6,2017,4.274925188809196,Sub-Saharan Africa,Lower middle income
Mauritania,MRT,Secure Internet servers (per 1 million people),IT.NET.SECR.P6,2018,5.532905224791565,Sub-Saharan Africa,Lower middle income
Mauritania,MRT,Secure Internet servers (per 1 million people),IT.NET.SECR.P6,2019,7.386337692615542,Sub-Saharan Africa,Lower middle income
Mauritania,MRT,Secure Internet servers (per 1 million people),IT.NET.SECR.P6,2020,14.130032383860373,Sub-Saharan Africa,Lower middle income
Mauritania,MRT,Secure Internet servers (per 1 million people),IT.NET.SECR.P6,2021,13.727926022952246,Sub-Saharan Africa,Lower middle income
Mauritania,MRT,Secure Internet servers (per 1 million people),IT.NET.SECR.P6,2022,25.22747284098468,Sub-Saharan Africa,Lower middle income
Mauritania,MRT,Secure Internet servers (per 1 million people),IT.NET.SECR.P6,2023,34.644508516874566,Sub-Saharan Africa,Lower middle income
Mauritania,MRT,Secure Internet servers (per 1 million people),IT.NET.SECR.P6,2024,52.23048345115821,Sub-Saharan Africa,Lower middle income
Mauritania,MRT,Individuals using the Internet (% of population),IT.NET.USER.ZS,2000,0.192031462434805,Sub-Saharan Africa,Lower middle income
Mauritania,MRT,Individuals using the Internet (% of population),IT.NET.USER.ZS,2001,0.261448551967195,Sub-Saharan Africa,Lower middle income
Mauritania,MRT,Individuals using the Internet (% of population),IT.NET.USER.ZS,2002,0.363229414608579,Sub-Saharan Africa,Lower middle income
Mauritania,MRT,Individuals using the Internet (% of population),IT.NET.USER.ZS,2003,0.424004895843197,Sub-Saharan Africa,Lower middle income
Mauritania,MRT,Individuals using the Internet (% of population),IT.NET.USER.ZS,2004,0.481470438230954,Sub-Saharan Africa,Lower middle income
Mauritania,MRT,Individuals using the Internet (% of population),IT.NET.USER.ZS,2005,0.670000017,Sub-Saharan Africa,Lower middle income
Mauritania,MRT,Individuals using the Internet (% of population),IT.NET.USER.ZS,2006,0.979700029,Sub-Saharan Africa,Lower middle income
Mauritania,MRT,Individuals using the Internet (% of population),IT.NET.USER.ZS,2007,1.433599949,Sub-Saharan Africa,Lower middle income
Mauritania,MRT,Individuals using the Internet (% of population),IT.NET.USER.ZS,2008,1.870000005,Sub-Saharan Africa,Lower middle income
Mauritania,MRT,Individuals using the Internet (% of population),IT.NET.USER.ZS,2009,2.279999971,Sub-Saharan Africa,Lower middle income
Mauritania,MRT,Individuals using the Internet (% of population),IT.NET.USER.ZS,2010,4.0,Sub-Saharan Africa,Lower middle income
Mauritania,MRT,Individuals using the Internet (% of population),IT.NET.USER.ZS,2011,4.5,Sub-Saharan Africa,Lower middle income
Mauritania,MRT,Individuals using the Internet (% of population),IT.NET.USER.ZS,2012,5.0,Sub-Saharan Africa,Lower middle income
Mauritania,MRT,Individuals using the Internet (% of population),IT.NET.USER.ZS,2013,6.199999809,Sub-Saharan Africa,Lower middle income
Mauritania,MRT,Individuals using the Internet (% of population),IT.NET.USER.ZS,2014,11.80000019,Sub-Saharan Africa,Lower middle income
Mauritania,MRT,Individuals using the Internet (% of population),IT.NET.USER.ZS,2015,17.60000038,Sub-Saharan Africa,Lower middle income
Mauritania,MRT,Individuals using the Internet (% of population),IT.NET.USER.ZS,2016,19.23279953,Sub-Saharan Africa,Lower middle income
Mauritania,MRT,Individuals using the Internet (% of population),IT.NET.USER.ZS,2017,21.01720047,Sub-Saharan Africa,Lower middle income
Mauritania,MRT,Individuals using the Internet (% of population),IT.NET.USER.ZS,2018,22.96699905,Sub-Saharan Africa,Lower middle income
Mauritania,MRT,Individuals using the Internet (% of population),IT.NET.USER.ZS,2019,25.0977993,Sub-Saharan Africa,Lower middle income
Mauritania,MRT,Individuals using the Internet (% of population),IT.NET.USER.ZS,2020,29.90649986,Sub-Saharan Africa,Lower middle income
Mauritania,MRT,Individuals using the Internet (% of population),IT.NET.USER.ZS,2021,35.63660049,Sub-Saharan Africa,Lower middle income
Mauritania,MRT,Individuals using the Internet (% of population),IT.NET.USER.ZS,2022,42.46450043,Sub-Saharan Africa,Lower middle income
Mauritania,MRT,Individuals using the Internet (% of population),IT.NET.USER.ZS,2023,44.95629883,Sub-Saharan Africa,Lower middle income
Mauritania,MRT,Individuals using the Internet (% of population),IT.NET.USER.ZS,2024,45.77939987,Sub-Saharan Africa,Lower middle income
Mauritius,MUS,Mobile cellular subscriptions (per 100 people),IT.CEL.SETS.P2,2000,14.7949785842685,Sub-Saharan Africa,Upper middle income
Mauritius,MUS,Mobile cellular subscriptions (per 100 people),IT.CEL.SETS.P2,2001,22.2235093624495,Sub-Saharan Africa,Upper middle income
Mauritius,MUS,Mobile cellular subscriptions (per 100 people),IT.CEL.SETS.P2,2002,28.161107217088,Sub-Saharan Africa,Upper middle income
Mauritius,MUS,Mobile cellular subscriptions (per 100 people),IT.CEL.SETS.P2,2003,37.2277089024305,Sub-Saharan Africa,Upper middle income
Mauritius,MUS,Mobile cellular subscriptions (per 100 people),IT.CEL.SETS.P2,2004,43.8266122579613,Sub-Saharan Africa,Upper middle income
Mauritius,MUS,Mobile cellular subscriptions (per 100 people),IT.CEL.SETS.P2,2005,52.2446836857658,Sub-Saharan Africa,Upper middle income
Mauritius,MUS,Mobile cellular subscriptions (per 100 people),IT.CEL.SETS.P2,2006,61.1177886041965,Sub-Saharan Africa,Upper middle income
Mauritius,MUS,Mobile cellular subscriptions (per 100 people),IT.CEL.SETS.P2,2007,73.1476040513014,Sub-Saharan Africa,Upper middle income
Mauritius,MUS,Mobile cellular subscriptions (per 100 people),IT.CEL.SETS.P2,2008,81.0663444829304,Sub-Saharan Africa,Upper middle income
Mauritius,MUS,Mobile cellular subscriptions (per 100 people),IT.CEL.SETS.P2,2009,84.9704293760927,Sub-Saharan Africa,Upper middle income
Mauritius,MUS,Mobile cellular subscriptions (per 100 people),IT.CEL.SETS.P2,2010,92.8425699047874,Sub-Saharan Africa,Upper middle income
Mauritius,MUS,Mobile cellular subscriptions (per 100 people),IT.CEL.SETS.P2,2011,100.608971543233,Sub-Saharan Africa,Upper middle income
Mauritius,MUS,Mobile cellular subscriptions (per 100 people),IT.CEL.SETS.P2,2012,115.252449250293,Sub-Saharan Africa,Upper middle income
Mauritius,MUS,Mobile cellular subscriptions (per 100 people),IT.CEL.SETS.P2,2013,118.793106653529,Sub-Saharan Africa,Upper middle income
Mauritius,MUS,Mobile cellular subscriptions (per 100 people),IT.CEL.SETS.P2,2014,127.86328226284,Sub-Saharan Africa,Upper middle income
Mauritius,MUS,Mobile cellular subscriptions (per 100 people),IT.CEL.SETS.P2,2015,136.371902265385,Sub-Saharan Africa,Upper middle income
Mauritius,MUS,Mobile cellular subscriptions (per 100 people),IT.CEL.SETS.P2,2016,140.423888162514,Sub-Saharan Africa,Upper middle income
Mauritius,MUS,Mobile cellular subscriptions (per 100 people),IT.CEL.SETS.P2,2017,142.524532117413,Sub-Saharan Africa,Upper middle income
Mauritius,MUS,Mobile cellular subscriptions (per 100 people),IT.CEL.SETS.P2,2018,148.816797831837,Sub-Saharan Africa,Upper middle income
Mauritius,MUS,Mobile cellular subscriptions (per 100 people),IT.CEL.SETS.P2,2019,145.117277088014,Sub-Saharan Africa,Upper middle income
Mauritius,MUS,Mobile cellular subscriptions (per 100 people),IT.CEL.SETS.P2,2020,149.06995900167,Sub-Saharan Africa,Upper middle income
Mauritius,MUS,Mobile cellular subscriptions (per 100 people),IT.CEL.SETS.P2,2021,154.053185977432,Sub-Saharan Africa,Upper middle income
Mauritius,MUS,Mobile cellular subscriptions (per 100 people),IT.CEL.SETS.P2,2022,164.309278835228,Sub-Saharan Africa,Upper middle income
Mauritius,MUS,Mobile cellular subscriptions (per 100 people),IT.CEL.SETS.P2,2023,165.257524411348,Sub-Saharan Africa,Upper middle income
Mauritius,MUS,Mobile cellular subscriptions (per 100 people),IT.CEL.SETS.P2,2024,172.68356921857,Sub-Saharan Africa,Upper middle income
Mauritius,MUS,Fixed broadband subscriptions (per 100 people),IT.NET.BBND.P2,2002,0.0230940332310983,Sub-Saharan Africa,Upper middle income
Mauritius,MUS,Fixed broadband subscriptions (per 100 people),IT.NET.BBND.P2,2003,0.0953225145499674,Sub-Saharan Africa,Upper middle income
Mauritius,MUS,Fixed broadband subscriptions (per 100 people),IT.NET.BBND.P2,2004,0.205152824451912,Sub-Saharan Africa,Upper middle income
Mauritius,MUS,Fixed broadband subscriptions (per 100 people),IT.NET.BBND.P2,2005,0.429361724128331,Sub-Saharan Africa,Upper middle income
Mauritius,MUS,Fixed broadband subscriptions (per 100 people),IT.NET.BBND.P2,2006,2.2072653410678,Sub-Saharan Africa,Upper middle income
Mauritius,MUS,Fixed broadband subscriptions (per 100 people),IT.NET.BBND.P2,2007,2.76734949799845,Sub-Saharan Africa,Upper middle income
Mauritius,MUS,Fixed broadband subscriptions (per 100 people),IT.NET.BBND.P2,2008,4.11968916591809,Sub-Saharan Africa,Upper middle income
Mauritius,MUS,Fixed broadband subscriptions (per 100 people),IT.NET.BBND.P2,2009,5.69793552947211,Sub-Saharan Africa,Upper middle income
Mauritius,MUS,Fixed broadband subscriptions (per 100 people),IT.NET.BBND.P2,2010,7.32215958568935,Sub-Saharan Africa,Upper middle income
Mauritius,MUS,Fixed broadband subscriptions (per 100 people),IT.NET.BBND.P2,2011,9.1921039721924,Sub-Saharan Africa,Upper middle income
Mauritius,MUS,Fixed broadband subscriptions (per 100 people),IT.NET.BBND.P2,2012,10.9217558584205,Sub-Saharan Africa,Upper middle income
Mauritius,MUS,Fixed broadband subscriptions (per 100 people),IT.NET.BBND.P2,2013,12.5795517217874,Sub-Saharan Africa,Upper middle income
Mauritius,MUS,Fixed broadband subscriptions (per 100 people),IT.NET.BBND.P2,2014,14.0866327916688,Sub-Saharan Africa,Upper middle income
Mauritius,MUS,Fixed broadband subscriptions (per 100 people),IT.NET.BBND.P2,2015,15.2753864309067,Sub-Saharan Africa,Upper middle income
Mauritius,MUS,Fixed broadband subscriptions (per 100 people),IT.NET.BBND.P2,2016,16.4576177636993,Sub-Saharan Africa,Upper middle income
Mauritius,MUS,Fixed broadband subscriptions (per 100 people),IT.NET.BBND.P2,2017,19.0600896444054,Sub-Saharan Africa,Upper middle income
Mauritius,MUS,Fixed broadband subscriptions (per 100 people),IT.NET.BBND.P2,2018,21.3138552473439,Sub-Saharan Africa,Upper middle income
Mauritius,MUS,Fixed broadband subscriptions (per 100 people),IT.NET.BBND.P2,2019,23.8830105654334,Sub-Saharan Africa,Upper middle income
Mauritius,MUS,Fixed broadband subscriptions (per 100 people),IT.NET.BBND.P2,2020,25.1865809761826,Sub-Saharan Africa,Upper middle income
Mauritius,MUS,Fixed broadband subscriptions (per 100 people),IT.NET.BBND.P2,2021,25.7028828022003,Sub-Saharan Africa,Upper middle income
Mauritius,MUS,Fixed broadband subscriptions (per 100 people),IT.NET.BBND.P2,2022,26.1963906498554,Sub-Saharan Africa,Upper middle income
Mauritius,MUS,Fixed broadband subscriptions (per 100 people),IT.NET.BBND.P2,2023,26.9082309192612,Sub-Saharan Africa,Upper middle income
Mauritius,MUS,Fixed broadband subscriptions (per 100 people),IT.NET.BBND.P2,2024,27.9742504733832,Sub-Saharan Africa,Upper middle income
Mauritius,MUS,Secure Internet servers (per 1 million people),IT.NET.SECR.P6,2010,30.39027511196417,Sub-Saharan Africa,Upper middle income
Mauritius,MUS,Secure Internet servers (per 1 million people),IT.NET.SECR.P6,2011,43.91554163033653,Sub-Saharan Africa,Upper middle income
Mauritius,MUS,Secure Internet servers (per 1 million people),IT.NET.SECR.P6,2012,96.34663129179334,Sub-Saharan Africa,Upper middle income
Mauritius,MUS,Secure Internet servers (per 1 million people),IT.NET.SECR.P6,2013,126.29802998903033,Sub-Saharan Africa,Upper middle income
Mauritius,MUS,Secure Internet servers (per 1 million people),IT.NET.SECR.P6,2014,189.50085949343804,Sub-Saharan Africa,Upper middle income
Mauritius,MUS,Secure Internet servers (per 1 million people),IT.NET.SECR.P6,2015,234.38508360658463,Sub-Saharan Africa,Upper middle income
Mauritius,MUS,Secure Internet servers (per 1 million people),IT.NET.SECR.P6,2016,321.26683584609896,Sub-Saharan Africa,Upper middle income
Mauritius,MUS,Secure Internet servers (per 1 million people),IT.NET.SECR.P6,2017,379.4805385777544,Sub-Saharan Africa,Upper middle income
Mauritius,MUS,Secure Internet servers (per 1 million people),IT.NET.SECR.P6,2018,7843.06288752087,Sub-Saharan Africa,Upper middle income
Mauritius,MUS,Secure Internet servers (per 1 million people),IT.NET.SECR.P6,2019,515.0140009557775,Sub-Saharan Africa,Upper middle income
Mauritius,MUS,Secure Internet servers (per 1 million people),IT.NET.SECR.P6,2020,914.6818281630376,Sub-Saharan Africa,Upper middle income
Mauritius,MUS,Secure Internet servers (per 1 million people),IT.NET.SECR.P6,2021,1966.305887704192,Sub-Saharan Africa,Upper middle income
Mauritius,MUS,Secure Internet servers (per 1 million people),IT.NET.SECR.P6,2022,1688.6821071774534,Sub-Saharan Africa,Upper middle income
Mauritius,MUS,Secure Internet servers (per 1 million people),IT.NET.SECR.P6,2023,2490.695929273846,Sub-Saharan Africa,Upper middle income
Mauritius,MUS,Secure Internet servers (per 1 million people),IT.NET.SECR.P6,2024,2157.686074335817,Sub-Saharan Africa,Upper middle income
Mauritius,MUS,Individuals using the Internet (% of population),IT.NET.USER.ZS,2000,7.28153511499385,Sub-Saharan Africa,Upper middle income
Mauritius,MUS,Individuals using the Internet (% of population),IT.NET.USER.ZS,2001,8.78090401892036,Sub-Saharan Africa,Upper middle income
Mauritius,MUS,Individuals using the Internet (% of population),IT.NET.USER.ZS,2002,10.252624671916,Sub-Saharan Africa,Upper middle income
Mauritius,MUS,Individuals using the Internet (% of population),IT.NET.USER.ZS,2003,12.1871062041308,Sub-Saharan Africa,Upper middle income
Mauritius,MUS,Individuals using the Internet (% of population),IT.NET.USER.ZS,2004,13.6890885885342,Sub-Saharan Africa,Upper middle income
Mauritius,MUS,Individuals using the Internet (% of population),IT.NET.USER.ZS,2005,15.1722002,Sub-Saharan Africa,Upper middle income
Mauritius,MUS,Individuals using the Internet (% of population),IT.NET.USER.ZS,2006,16.7,Sub-Saharan Africa,Upper middle income
Mauritius,MUS,Individuals using the Internet (% of population),IT.NET.USER.ZS,2007,20.22,Sub-Saharan Africa,Upper middle income
Mauritius,MUS,Individuals using the Internet (% of population),IT.NET.USER.ZS,2008,21.81,Sub-Saharan Africa,Upper middle income
Mauritius,MUS,Individuals using the Internet (% of population),IT.NET.USER.ZS,2009,22.51,Sub-Saharan Africa,Upper middle income
Mauritius,MUS,Individuals using the Internet (% of population),IT.NET.USER.ZS,2010,28.33,Sub-Saharan Africa,Upper middle income
Mauritius,MUS,Individuals using the Internet (% of population),IT.NET.USER.ZS,2011,34.95000076,Sub-Saharan Africa,Upper middle income
Mauritius,MUS,Individuals using the Internet (% of population),IT.NET.USER.ZS,2012,35.42,Sub-Saharan Africa,Upper middle income
Mauritius,MUS,Individuals using the Internet (% of population),IT.NET.USER.ZS,2013,40.116825135,Sub-Saharan Africa,Upper middle income
Mauritius,MUS,Individuals using the Internet (% of population),IT.NET.USER.ZS,2014,44.8032753683379,Sub-Saharan Africa,Upper middle income
Mauritius,MUS,Individuals using the Internet (% of population),IT.NET.USER.ZS,2015,50.1393184766711,Sub-Saharan Africa,Upper middle income
Mauritius,MUS,Individuals using the Internet (% of population),IT.NET.USER.ZS,2016,52.19129944,Sub-Saharan Africa,Upper middle income
Mauritius,MUS,Individuals using the Internet (% of population),IT.NET.USER.ZS,2017,55.4032403002657,Sub-Saharan Africa,Upper middle income
Mauritius,MUS,Individuals using the Internet (% of population),IT.NET.USER.ZS,2018,58.596169704299,Sub-Saharan Africa,Upper middle income
Mauritius,MUS,Individuals using the Internet (% of population),IT.NET.USER.ZS,2019,61.7299551453346,Sub-Saharan Africa,Upper middle income
Mauritius,MUS,Individuals using the Internet (% of population),IT.NET.USER.ZS,2020,67.73290684,Sub-Saharan Africa,Upper middle income
Mauritius,MUS,Individuals using the Internet (% of population),IT.NET.USER.ZS,2021,71.59999847,Sub-Saharan Africa,Upper middle income
Mauritius,MUS,Individuals using the Internet (% of population),IT.NET.USER.ZS,2022,75.5,Sub-Saharan Africa,Upper middle income
Mauritius,MUS,Individuals using the Internet (% of population),IT.NET.USER.ZS,2023,79.5,Sub-Saharan Africa,Upper middle income
Mauritius,MUS,Individuals using the Internet (% of population),IT.NET.USER.ZS,2024,73.30793533,Sub-Saharan Africa,Upper middle income
Mozambique,MOZ,Mobile cellular subscriptions (per 100 people),IT.CEL.SETS.P2,2000,0.281665622612854,Sub-Saharan Africa,Low income
Mozambique,MOZ,Mobile cellular subscriptions (per 100 people),IT.CEL.SETS.P2,2001,0.823466563784593,Sub-Saharan Africa,Low income
Mozambique,MOZ,Mobile cellular subscriptions (per 100 people),IT.CEL.SETS.P2,2002,1.34378340548628,Sub-Saharan Africa,Low income
Mozambique,MOZ,Mobile cellular subscriptions (per 100 people),IT.CEL.SETS.P2,2003,2.2470417004534,Sub-Saharan Africa,Low income
Mozambique,MOZ,Mobile cellular subscriptions (per 100 people),IT.CEL.SETS.P2,2004,3.56849208981733,Sub-Saharan Africa,Low income
Mozambique,MOZ,Mobile cellular subscriptions (per 100 people),IT.CEL.SETS.P2,2005,7.40691910278913,Sub-Saharan Africa,Low income
Mozambique,MOZ,Mobile cellular subscriptions (per 100 people),IT.CEL.SETS.P2,2006,11.2537028396523,Sub-Saharan Africa,Low income
Mozambique,MOZ,Mobile cellular subscriptions (per 100 people),IT.CEL.SETS.P2,2007,14.4674737235959,Sub-Saharan Africa,Low income
Mozambique,MOZ,Mobile cellular subscriptions (per 100 people),IT.CEL.SETS.P2,2008,20.1888204410131,Sub-Saharan Africa,Low income
Mozambique,MOZ,Mobile cellular subscriptions (per 100 people),IT.CEL.SETS.P2,2009,26.6650991246997,Sub-Saharan Africa,Low income
Mozambique,MOZ,Mobile cellular subscriptions (per 100 people),IT.CEL.SETS.P2,2010,31.4105056102953,Sub-Saharan Africa,Low income
Mozambique,MOZ,Mobile cellular subscriptions (per 100 people),IT.CEL.SETS.P2,2011,33.216339150187,Sub-Saharan Africa,Low income
Mozambique,MOZ,Mobile cellular subscriptions (per 100 people),IT.CEL.SETS.P2,2012,36.1781646576283,Sub-Saharan Africa,Low income
Mozambique,MOZ,Mobile cellular subscriptions (per 100 people),IT.CEL.SETS.P2,2013,49.5029641007918,Sub-Saharan Africa,Low income
Mozambique,MOZ,Mobile cellular subscriptions (per 100 people),IT.CEL.SETS.P2,2014,71.6701472266196,Sub-Saharan Africa,Low income
Mozambique,MOZ,Mobile cellular subscriptions (per 100 people),IT.CEL.SETS.P2,2015,75.8447213176406,Sub-Saharan Africa,Low income
Mozambique,MOZ,Mobile cellular subscriptions (per 100 people),IT.CEL.SETS.P2,2016,54.9641156223382,Sub-Saharan Africa,Low income
Mozambique,MOZ,Mobile cellular subscriptions (per 100 people),IT.CEL.SETS.P2,2017,42.1619694080105,Sub-Saharan Africa,Low income
Mozambique,MOZ,Mobile cellular subscriptions (per 100 people),IT.CEL.SETS.P2,2018,48.5007087167822,Sub-Saharan Africa,Low income
Mozambique,MOZ,Mobile cellular subscriptions (per 100 people),IT.CEL.SETS.P2,2019,49.4350694242276,Sub-Saharan Africa,Low income
Mozambique,MOZ,Mobile cellular subscriptions (per 100 people),IT.CEL.SETS.P2,2020,50.2318825476662,Sub-Saharan Africa,Low income
Mozambique,MOZ,Mobile cellular subscriptions (per 100 people),IT.CEL.SETS.P2,2021,43.1636190464176,Sub-Saharan Africa,Low income
Mozambique,MOZ,Mobile cellular subscriptions (per 100 people),IT.CEL.SETS.P2,2022,45.8178199662019,Sub-Saharan Africa,Low income
Mozambique,MOZ,Mobile cellular subscriptions (per 100 people),IT.CEL.SETS.P2,2023,47.5003032540948,Sub-Saharan Africa,Low income
Mozambique,MOZ,Mobile cellular subscriptions (per 100 people),IT.CEL.SETS.P2,2024,49.5047696961223,Sub-Saharan Africa,Low income
Mozambique,MOZ,Fixed broadband subscriptions (per 100 people),IT.NET.BBND.P2,2006,0.0105883041717197,Sub-Saharan Africa,Low income
Mozambique,MOZ,Fixed broadband subscriptions (per 100 people),IT.NET.BBND.P2,2007,0.0299093816668691,Sub-Saharan Africa,Low income
Mozambique,MOZ,Fixed broadband subscriptions (per 100 people),IT.NET.BBND.P2,2008,0.0510334187083242,Sub-Saharan Africa,Low income
Mozambique,MOZ,Fixed broadband subscriptions (per 100 people),IT.NET.BBND.P2,2009,0.0613976266700072,Sub-Saharan Africa,Low income
Mozambique,MOZ,Fixed broadband subscriptions (per 100 people),IT.NET.BBND.P2,2010,0.0753198965096013,Sub-Saharan Africa,Low income
Mozambique,MOZ,Fixed broadband subscriptions (per 100 people),IT.NET.BBND.P2,2011,0.119979505298291,Sub-Saharan Africa,Low income
Mozambique,MOZ,Fixed broadband subscriptions (per 100 people),IT.NET.BBND.P2,2012,0.120955650717816,Sub-Saharan Africa,Low income
Mozambique,MOZ,Fixed broadband subscriptions (per 100 people),IT.NET.BBND.P2,2013,0.115170237953958,Sub-Saharan Africa,Low income
Mozambique,MOZ,Fixed broadband subscriptions (per 100 people),IT.NET.BBND.P2,2014,0.143416778231361,Sub-Saharan Africa,Low income
Mozambique,MOZ,Fixed broadband subscriptions (per 100 people),IT.NET.BBND.P2,2015,0.160353647407002,Sub-Saharan Africa,Low income
Mozambique,MOZ,Fixed broadband subscriptions (per 100 people),IT.NET.BBND.P2,2016,0.170460624854022,Sub-Saharan Africa,Low income
Mozambique,MOZ,Fixed broadband subscriptions (per 100 people),IT.NET.BBND.P2,2017,0.218845913283962,Sub-Saharan Africa,Low income
Mozambique,MOZ,Fixed broadband subscriptions (per 100 people),IT.NET.BBND.P2,2018,0.241713568697421,Sub-Saharan Africa,Low income
Mozambique,MOZ,Fixed broadband subscriptions (per 100 people),IT.NET.BBND.P2,2019,0.234152423439938,Sub-Saharan Africa,Low income
Mozambique,MOZ,Fixed broadband subscriptions (per 100 people),IT.NET.BBND.P2,2020,0.227393157051228,Sub-Saharan Africa,Low income
Mozambique,MOZ,Fixed broadband subscriptions (per 100 people),IT.NET.BBND.P2,2021,0.206558007808804,Sub-Saharan Africa,Low income
Mozambique,MOZ,Fixed broadband subscriptions (per 100 people),IT.NET.BBND.P2,2022,0.197784521833894,Sub-Saharan Africa,Low income
Mozambique,MOZ,Fixed broadband subscriptions (per 100 people),IT.NET.BBND.P2,2023,0.149001818335337,Sub-Saharan Africa,Low income
Mozambique,MOZ,Fixed broadband subscriptions (per 100 people),IT.NET.BBND.P2,2024,0.141999688956087,Sub-Saharan Africa,Low income
Mozambique,MOZ,Secure Internet servers (per 1 million people),IT.NET.SECR.P6,2010,0.782634726763738,Sub-Saharan Africa,Low income
Mozambique,MOZ,Secure Internet servers (per 1 million people),IT.NET.SECR.P6,2011,1.2685504895146056,Sub-Saharan Africa,Low income
Mozambique,MOZ,Secure Internet servers (per 1 million people),IT.NET.SECR.P6,2012,1.8489721728044464,Sub-Saharan Africa,Low income
Mozambique,MOZ,Secure Internet servers (per 1 million people),IT.NET.SECR.P6,2013,2.434973144042513,Sub-Saharan Africa,Low income
Mozambique,MOZ,Secure Internet servers (per 1 million people),IT.NET.SECR.P6,2014,3.52870807599131,Sub-Saharan Africa,Low income
Mozambique,MOZ,Secure Internet servers (per 1 million people),IT.NET.SECR.P6,2015,4.89686966476633,Sub-Saharan Africa,Low income
Mozambique,MOZ,Secure Internet servers (per 1 million people),IT.NET.SECR.P6,2016,5.779690278103699,Sub-Saharan Africa,Low income
Mozambique,MOZ,Secure Internet servers (per 1 million people),IT.NET.SECR.P6,2017,7.881733383468732,Sub-Saharan Africa,Low income
Mozambique,MOZ,Secure Internet servers (per 1 million people),IT.NET.SECR.P6,2018,12.026750802001638,Sub-Saharan Africa,Low income
Mozambique,MOZ,Secure Internet servers (per 1 million people),IT.NET.SECR.P6,2019,20.84701104724274,Sub-Saharan Africa,Low income
Mozambique,MOZ,Secure Internet servers (per 1 million people),IT.NET.SECR.P6,2020,29.820988310432465,Sub-Saharan Africa,Low income
Mozambique,MOZ,Secure Internet servers (per 1 million people),IT.NET.SECR.P6,2021,32.200278795753725,Sub-Saharan Africa,Low income
Mozambique,MOZ,Secure Internet servers (per 1 million people),IT.NET.SECR.P6,2022,33.469860558987705,Sub-Saharan Africa,Low income
Mozambique,MOZ,Secure Internet servers (per 1 million people),IT.NET.SECR.P6,2023,37.10403042530495,Sub-Saharan Africa,Low income
Mozambique,MOZ,Secure Internet servers (per 1 million people),IT.NET.SECR.P6,2024,37.162413259549055,Sub-Saharan Africa,Low income
Mozambique,MOZ,Individuals using the Internet (% of population),IT.NET.USER.ZS,2000,0.109592530041641,Sub-Saharan Africa,Low income
Mozambique,MOZ,Individuals using the Internet (% of population),IT.NET.USER.ZS,2001,0.160031946644069,Sub-Saharan Africa,Low income
Mozambique,MOZ,Individuals using the Internet (% of population),IT.NET.USER.ZS,2002,0.259612611253739,Sub-Saharan Africa,Low income
Mozambique,MOZ,Individuals using the Internet (% of population),IT.NET.USER.ZS,2003,0.419538843913707,Sub-Saharan Africa,Low income
Mozambique,MOZ,Individuals using the Internet (% of population),IT.NET.USER.ZS,2004,0.679447835392438,Sub-Saharan Africa,Low income
Mozambique,MOZ,Individuals using the Internet (% of population),IT.NET.USER.ZS,2005,0.854399979,Sub-Saharan Africa,Low income
Mozambique,MOZ,Individuals using the Internet (% of population),IT.NET.USER.ZS,2006,0.842954488044236,Sub-Saharan Africa,Low income
Mozambique,MOZ,Individuals using the Internet (% of population),IT.NET.USER.ZS,2007,0.91,Sub-Saharan Africa,Low income
Mozambique,MOZ,Individuals using the Internet (% of population),IT.NET.USER.ZS,2008,1.56,Sub-Saharan Africa,Low income
Mozambique,MOZ,Individuals using the Internet (% of population),IT.NET.USER.ZS,2009,2.68,Sub-Saharan Africa,Low income
Mozambique,MOZ,Individuals using the Internet (% of population),IT.NET.USER.ZS,2010,4.17,Sub-Saharan Africa,Low income
Mozambique,MOZ,Individuals using the Internet (% of population),IT.NET.USER.ZS,2011,4.599999905,Sub-Saharan Africa,Low income
Mozambique,MOZ,Individuals using the Internet (% of population),IT.NET.USER.ZS,2012,5.0,Sub-Saharan Africa,Low income
Mozambique,MOZ,Individuals using the Internet (% of population),IT.NET.USER.ZS,2013,5.5,Sub-Saharan Africa,Low income
Mozambique,MOZ,Individuals using the Internet (% of population),IT.NET.USER.ZS,2014,6.0,Sub-Saharan Africa,Low income
Mozambique,MOZ,Individuals using the Internet (% of population),IT.NET.USER.ZS,2015,6.5,Sub-Saharan Africa,Low income
Mozambique,MOZ,Individuals using the Internet (% of population),IT.NET.USER.ZS,2016,7.0,Sub-Saharan Africa,Low income
Mozambique,MOZ,Individuals using the Internet (% of population),IT.NET.USER.ZS,2017,7.7963266079129,Sub-Saharan Africa,Low income
Mozambique,MOZ,Individuals using the Internet (% of population),IT.NET.USER.ZS,2018,10.89999962,Sub-Saharan Africa,Low income
Mozambique,MOZ,Individuals using the Internet (% of population),IT.NET.USER.ZS,2019,12.47929955,Sub-Saharan Africa,Low income
Mozambique,MOZ,Individuals using the Internet (% of population),IT.NET.USER.ZS,2020,14.28740025,Sub-Saharan Africa,Low income
Mozambique,MOZ,Individuals using the Internet (% of population),IT.NET.USER.ZS,2021,16.35759926,Sub-Saharan Africa,Low income
Mozambique,MOZ,Individuals using the Internet (% of population),IT.NET.USER.ZS,2022,18.96220016,Sub-Saharan Africa,Low income
Mozambique,MOZ,Individuals using the Internet (% of population),IT.NET.USER.ZS,2023,19.94560051,Sub-Saharan Africa,Low income
Mozambique,MOZ,Individuals using the Internet (% of population),IT.NET.USER.ZS,2024,20.52729988,Sub-Saharan Africa,Low income
Namibia,NAM,Mobile cellular subscriptions (per 100 people),IT.CEL.SETS.P2,2000,4.50884641164558,Sub-Saharan Africa,Lower middle income
Namibia,NAM,Mobile cellular subscriptions (per 100 people),IT.CEL.SETS.P2,2001,5.74029319651404,Sub-Saharan Africa,Lower middle income
Namibia,NAM,Mobile cellular subscriptions (per 100 people),IT.CEL.SETS.P2,2002,7.93663391482404,Sub-Saharan Africa,Lower middle income
Namibia,NAM,Mobile cellular subscriptions (per 100 people),IT.CEL.SETS.P2,2003,11.6649386898528,Sub-Saharan Africa,Lower middle income
Namibia,NAM,Mobile cellular subscriptions (per 100 people),IT.CEL.SETS.P2,2004,14.7313553186735,Sub-Saharan Africa,Lower middle income
Namibia,NAM,Mobile cellular subscriptions (per 100 people),IT.CEL.SETS.P2,2005,22.8242198901444,Sub-Saharan Africa,Lower middle income
Namibia,NAM,Mobile cellular subscriptions (per 100 people),IT.CEL.SETS.P2,2006,30.566276818777,Sub-Saharan Africa,Lower middle income
Namibia,NAM,Mobile cellular subscriptions (per 100 people),IT.CEL.SETS.P2,2007,39.6448033290399,Sub-Saharan Africa,Lower middle income
Namibia,NAM,Mobile cellular subscriptions (per 100 people),IT.CEL.SETS.P2,2008,51.3908754816673,Sub-Saharan Africa,Lower middle income
Namibia,NAM,Mobile cellular subscriptions (per 100 people),IT.CEL.SETS.P2,2009,78.5395548461197,Sub-Saharan Africa,Lower middle income
Namibia,NAM,Mobile cellular subscriptions (per 100 people),IT.CEL.SETS.P2,2010,92.4287530968414,Sub-Saharan Africa,Lower middle income
Namibia,NAM,Mobile cellular subscriptions (per 100 people),IT.CEL.SETS.P2,2011,102.24430130572,Sub-Saharan Africa,Lower middle income
Namibia,NAM,Mobile cellular subscriptions (per 100 people),IT.CEL.SETS.P2,2012,97.8210232683603,Sub-Saharan Africa,Lower middle income
Namibia,NAM,Mobile cellular subscriptions (per 100 people),IT.CEL.SETS.P2,2013,121.105585418565,Sub-Saharan Africa,Lower middle income
Namibia,NAM,Mobile cellular subscriptions (per 100 people),IT.CEL.SETS.P2,2014,115.5200011764,Sub-Saharan Africa,Lower middle income
Namibia,NAM,Mobile cellular subscriptions (per 100 people),IT.CEL.SETS.P2,2015,107.392368276966,Sub-Saharan Africa,Lower middle income
Namibia,NAM,Mobile cellular subscriptions (per 100 people),IT.CEL.SETS.P2,2016,109.049558197665,Sub-Saharan Africa,Lower middle income
Namibia,NAM,Mobile cellular subscriptions (per 100 people),IT.CEL.SETS.P2,2017,106.914765245509,Sub-Saharan Africa,Lower middle income
Namibia,NAM,Mobile cellular subscriptions (per 100 people),IT.CEL.SETS.P2,2018,107.060260494691,Sub-Saharan Africa,Lower middle income
Namibia,NAM,Mobile cellular subscriptions (per 100 people),IT.CEL.SETS.P2,2019,106.53315947895,Sub-Saharan Africa,Lower middle income
Namibia,NAM,Mobile cellular subscriptions (per 100 people),IT.CEL.SETS.P2,2020,106.206587456143,Sub-Saharan Africa,Lower middle income
Namibia,NAM,Mobile cellular subscriptions (per 100 people),IT.CEL.SETS.P2,2021,103.727351391971,Sub-Saharan Africa,Lower middle income
Namibia,NAM,Mobile cellular subscriptions (per 100 people),IT.CEL.SETS.P2,2022,100.557816104444,Sub-Saharan Africa,Lower middle income
Namibia,NAM,Mobile cellular subscriptions (per 100 people),IT.CEL.SETS.P2,2023,87.6760954339972,Sub-Saharan Africa,Lower middle income
Namibia,NAM,Mobile cellular subscriptions (per 100 people),IT.CEL.SETS.P2,2024,85.1648988113055,Sub-Saharan Africa,Lower middle income
Namibia,NAM,Fixed broadband subscriptions (per 100 people),IT.NET.BBND.P2,2005,0.0068138526641655,Sub-Saharan Africa,Lower middle income
Namibia,NAM,Fixed broadband subscriptions (per 100 people),IT.NET.BBND.P2,2006,0.0099403179295221,Sub-Saharan Africa,Lower middle income
Namibia,NAM,Fixed broadband subscriptions (per 100 people),IT.NET.BBND.P2,2007,0.0126820568710988,Sub-Saharan Africa,Lower middle income
Namibia,NAM,Fixed broadband subscriptions (per 100 people),IT.NET.BBND.P2,2008,0.0156322054697087,Sub-Saharan Africa,Lower middle income
Namibia,NAM,Fixed broadband subscriptions (per 100 people),IT.NET.BBND.P2,2009,0.0229614603681343,Sub-Saharan Africa,Lower middle income
Namibia,NAM,Fixed broadband subscriptions (per 100 people),IT.NET.BBND.P2,2010,0.447196455037916,Sub-Saharan Africa,Lower middle income
Namibia,NAM,Fixed broadband subscriptions (per 100 people),IT.NET.BBND.P2,2011,0.820472202485644,Sub-Saharan Africa,Lower middle income
Namibia,NAM,Fixed broadband subscriptions (per 100 people),IT.NET.BBND.P2,2012,1.09598141666067,Sub-Saharan Africa,Lower middle income
Namibia,NAM,Fixed broadband subscriptions (per 100 people),IT.NET.BBND.P2,2013,1.58667582978618,Sub-Saharan Africa,Lower middle income
Namibia,NAM,Fixed broadband subscriptions (per 100 people),IT.NET.BBND.P2,2014,1.78241879056579,Sub-Saharan Africa,Lower middle income
Namibia,NAM,Fixed broadband subscriptions (per 100 people),IT.NET.BBND.P2,2015,2.96542138735627,Sub-Saharan Africa,Lower middle income
Namibia,NAM,Fixed broadband subscriptions (per 100 people),IT.NET.BBND.P2,2016,2.63785901436242,Sub-Saharan Africa,Lower middle income
Namibia,NAM,Fixed broadband subscriptions (per 100 people),IT.NET.BBND.P2,2017,2.623967181163,Sub-Saharan Africa,Lower middle income
Namibia,NAM,Fixed broadband subscriptions (per 100 people),IT.NET.BBND.P2,2018,2.43865058644091,Sub-Saharan Africa,Lower middle income
Namibia,NAM,Fixed broadband subscriptions (per 100 people),IT.NET.BBND.P2,2019,2.60177914003955,Sub-Saharan Africa,Lower middle income
Namibia,NAM,Fixed broadband subscriptions (per 100 people),IT.NET.BBND.P2,2020,2.88695019939445,Sub-Saharan Africa,Lower middle income
Namibia,NAM,Fixed broadband subscriptions (per 100 people),IT.NET.BBND.P2,2021,3.1781346555903,Sub-Saharan Africa,Lower middle income
Namibia,NAM,Fixed broadband subscriptions (per 100 people),IT.NET.BBND.P2,2022,3.29190749644768,Sub-Saharan Africa,Lower middle income
Namibia,NAM,Fixed broadband subscriptions (per 100 people),IT.NET.BBND.P2,2023,3.52006938690795,Sub-Saharan Africa,Lower middle income
Namibia,NAM,Fixed broadband subscriptions (per 100 people),IT.NET.BBND.P2,2024,2.83462992194067,Sub-Saharan Africa,Lower middle income
Namibia,NAM,Secure Internet servers (per 1 million people),IT.NET.SECR.P6,2010,6.635665469561018,Sub-Saharan Africa,Lower middle income
Namibia,NAM,Secure Internet servers (per 1 million people),IT.NET.SECR.P6,2011,11.181903952104175,Sub-Saharan Africa,Lower middle income
Namibia,NAM,Secure Internet servers (per 1 million people),IT.NET.SECR.P6,2012,29.161772197348647,Sub-Saharan Africa,Lower middle income
Namibia,NAM,Secure Internet servers (per 1 million people),IT.NET.SECR.P6,2013,32.85226955908702,Sub-Saharan Africa,Lower middle income
Namibia,NAM,Secure Internet servers (per 1 million people),IT.NET.SECR.P6,2014,41.95249507058183,Sub-Saharan Africa,Lower middle income
Namibia,NAM,Secure Internet servers (per 1 million people),IT.NET.SECR.P6,2015,61.49180811186454,Sub-Saharan Africa,Lower middle income
Namibia,NAM,Secure Internet servers (per 1 million people),IT.NET.SECR.P6,2016,75.84413497304254,Sub-Saharan Africa,Lower middle income
Namibia,NAM,Secure Internet servers (per 1 million people),IT.NET.SECR.P6,2017,114.48617050939964,Sub-Saharan Africa,Lower middle income
Namibia,NAM,Secure Internet servers (per 1 million people),IT.NET.SECR.P6,2018,142.0075915861666,Sub-Saharan Africa,Lower middle income
Namibia,NAM,Secure Internet servers (per 1 million people),IT.NET.SECR.P6,2019,138.0874659591759,Sub-Saharan Africa,Lower middle income
Namibia,NAM,Secure Internet servers (per 1 million people),IT.NET.SECR.P6,2020,199.35780401515413,Sub-Saharan Africa,Lower middle income
Namibia,NAM,Secure Internet servers (per 1 million people),IT.NET.SECR.P6,2021,246.2153288255529,Sub-Saharan Africa,Lower middle income
Namibia,NAM,Secure Internet servers (per 1 million people),IT.NET.SECR.P6,2022,315.60784617716536,Sub-Saharan Africa,Lower middle income
Namibia,NAM,Secure Internet servers (per 1 million people),IT.NET.SECR.P6,2023,389.4576447937039,Sub-Saharan Africa,Lower middle income
Namibia,NAM,Secure Internet servers (per 1 million people),IT.NET.SECR.P6,2024,427.37426203685584,Sub-Saharan Africa,Lower middle income
Namibia,NAM,Individuals using the Internet (% of population),IT.NET.USER.ZS,2000,1.64473954726899,Sub-Saharan Africa,Lower middle income
Namibia,NAM,Individuals using the Internet (% of population),IT.NET.USER.ZS,2001,2.41697944170998,Sub-Saharan Africa,Lower middle income
Namibia,NAM,Individuals using the Internet (% of population),IT.NET.USER.ZS,2002,2.63369976876116,Sub-Saharan Africa,Lower middle income
Namibia,NAM,Individuals using the Internet (% of population),IT.NET.USER.ZS,2003,3.35983988553801,Sub-Saharan Africa,Lower middle income
Namibia,NAM,Individuals using the Internet (% of population),IT.NET.USER.ZS,2004,3.8047156152631,Sub-Saharan Africa,Lower middle income
Namibia,NAM,Individuals using the Internet (% of population),IT.NET.USER.ZS,2005,4.010000229,Sub-Saharan Africa,Lower middle income
Namibia,NAM,Individuals using the Internet (% of population),IT.NET.USER.ZS,2006,4.39887064732726,Sub-Saharan Africa,Lower middle income
Namibia,NAM,Individuals using the Internet (% of population),IT.NET.USER.ZS,2007,4.83561077833704,Sub-Saharan Africa,Lower middle income
Namibia,NAM,Individuals using the Internet (% of population),IT.NET.USER.ZS,2008,5.32900377208954,Sub-Saharan Africa,Lower middle income
Namibia,NAM,Individuals using the Internet (% of population),IT.NET.USER.ZS,2009,6.5,Sub-Saharan Africa,Lower middle income
Namibia,NAM,Individuals using the Internet (% of population),IT.NET.USER.ZS,2010,11.6,Sub-Saharan Africa,Lower middle income
Namibia,NAM,Individuals using the Internet (% of population),IT.NET.USER.ZS,2011,12.0,Sub-Saharan Africa,Lower middle income
Namibia,NAM,Individuals using the Internet (% of population),IT.NET.USER.ZS,2012,12.94139957,Sub-Saharan Africa,Lower middle income
Namibia,NAM,Individuals using the Internet (% of population),IT.NET.USER.ZS,2013,13.89999962,Sub-Saharan Africa,Lower middle income
Namibia,NAM,Individuals using the Internet (% of population),IT.NET.USER.ZS,2014,14.84000015,Sub-Saharan Africa,Lower middle income
Namibia,NAM,Individuals using the Internet (% of population),IT.NET.USER.ZS,2015,25.68790054,Sub-Saharan Africa,Lower middle income
Namibia,NAM,Individuals using the Internet (% of population),IT.NET.USER.ZS,2016,31.0333004,Sub-Saharan Africa,Lower middle income
Namibia,NAM,Individuals using the Internet (% of population),IT.NET.USER.ZS,2017,36.83739853,Sub-Saharan Africa,Lower middle income
Namibia,NAM,Individuals using the Internet (% of population),IT.NET.USER.ZS,2018,42.8207016,Sub-Saharan Africa,Lower middle income
Namibia,NAM,Individuals using the Internet (% of population),IT.NET.USER.ZS,2019,49.77590179,Sub-Saharan Africa,Lower middle income
Namibia,NAM,Individuals using the Internet (% of population),IT.NET.USER.ZS,2020,57.8608017,Sub-Saharan Africa,Lower middle income
Namibia,NAM,Individuals using the Internet (% of population),IT.NET.USER.ZS,2021,60.25999832,Sub-Saharan Africa,Lower middle income
Namibia,NAM,Individuals using the Internet (% of population),IT.NET.USER.ZS,2022,62.99720001,Sub-Saharan Africa,Lower middle income
Namibia,NAM,Individuals using the Internet (% of population),IT.NET.USER.ZS,2023,63.69549942,Sub-Saharan Africa,Lower middle income
Namibia,NAM,Individuals using the Internet (% of population),IT.NET.USER.ZS,2024,64.87460327,Sub-Saharan Africa,Lower middle income
Niger,NER,Mobile cellular subscriptions (per 100 people),IT.CEL.SETS.P2,2000,0.017863302295556,Sub-Saharan Africa,Low income
Niger,NER,Mobile cellular subscriptions (per 100 people),IT.CEL.SETS.P2,2001,0.0178346024339115,Sub-Saharan Africa,Low income
Niger,NER,Mobile cellular subscriptions (per 100 people),IT.CEL.SETS.P2,2002,0.465951324237534,Sub-Saharan Africa,Low income
Niger,NER,Mobile cellular subscriptions (per 100 people),IT.CEL.SETS.P2,2003,0.643628217398725,Sub-Saharan Africa,Low income
Niger,NER,Mobile cellular subscriptions (per 100 people),IT.CEL.SETS.P2,2004,1.29973715942214,Sub-Saharan Africa,Low income
Niger,NER,Mobile cellular subscriptions (per 100 people),IT.CEL.SETS.P2,2005,2.35423436951156,Sub-Saharan Africa,Low income
Niger,NER,Mobile cellular subscriptions (per 100 people),IT.CEL.SETS.P2,2006,3.38505980377446,Sub-Saharan Africa,Low income
Niger,NER,Mobile cellular subscriptions (per 100 people),IT.CEL.SETS.P2,2007,6.07959815207237,Sub-Saharan Africa,Low income
Niger,NER,Mobile cellular subscriptions (per 100 people),IT.CEL.SETS.P2,2008,12.3528088783202,Sub-Saharan Africa,Low income
Niger,NER,Mobile cellular subscriptions (per 100 people),IT.CEL.SETS.P2,2009,16.3011350896202,Sub-Saharan Africa,Low income
Niger,NER,Mobile cellular subscriptions (per 100 people),IT.CEL.SETS.P2,2010,22.1684789291814,Sub-Saharan Africa,Low income
Niger,NER,Mobile cellular subscriptions (per 100 people),IT.CEL.SETS.P2,2011,27.612953279822,Sub-Saharan Africa,Low income
Niger,NER,Mobile cellular subscriptions (per 100 people),IT.CEL.SETS.P2,2012,30.2495367855019,Sub-Saharan Africa,Low income
Niger,NER,Mobile cellular subscriptions (per 100 people),IT.CEL.SETS.P2,2013,37.8312018781097,Sub-Saharan Africa,Low income
Niger,NER,Mobile cellular subscriptions (per 100 people),IT.CEL.SETS.P2,2014,42.8624011489646,Sub-Saharan Africa,Low income
Niger,NER,Mobile cellular subscriptions (per 100 people),IT.CEL.SETS.P2,2015,44.9309205276883,Sub-Saharan Africa,Low income
Niger,NER,Mobile cellular subscriptions (per 100 people),IT.CEL.SETS.P2,2016,36.120522177752,Sub-Saharan Africa,Low income
Niger,NER,Mobile cellular subscriptions (per 100 people),IT.CEL.SETS.P2,2017,40.9549864276209,Sub-Saharan Africa,Low income
Niger,NER,Mobile cellular subscriptions (per 100 people),IT.CEL.SETS.P2,2019,52.8112616845298,Sub-Saharan Africa,Low income
Niger,NER,Mobile cellular subscriptions (per 100 people),IT.CEL.SETS.P2,2020,60.0355524816093,Sub-Saharan Africa,Low income
Niger,NER,Mobile cellular subscriptions (per 100 people),IT.CEL.SETS.P2,2021,61.5063092448251,Sub-Saharan Africa,Low income
Niger,NER,Mobile cellular subscriptions (per 100 people),IT.CEL.SETS.P2,2022,63.3770548032743,Sub-Saharan Africa,Low income
Niger,NER,Mobile cellular subscriptions (per 100 people),IT.CEL.SETS.P2,2023,65.735032215569,Sub-Saharan Africa,Low income
Niger,NER,Mobile cellular subscriptions (per 100 people),IT.CEL.SETS.P2,2024,60.5939862118112,Sub-Saharan Africa,Low income
Niger,NER,Fixed broadband subscriptions (per 100 people),IT.NET.BBND.P2,2004,0.0005804383530747,Sub-Saharan Africa,Low income
Niger,NER,Fixed broadband subscriptions (per 100 people),IT.NET.BBND.P2,2005,0.001541124171573,Sub-Saharan Africa,Low income
Niger,NER,Fixed broadband subscriptions (per 100 people),IT.NET.BBND.P2,2006,0.0024319166706205,Sub-Saharan Africa,Low income
Niger,NER,Fixed broadband subscriptions (per 100 people),IT.NET.BBND.P2,2007,0.0032559625658876,Sub-Saharan Africa,Low income
Niger,NER,Fixed broadband subscriptions (per 100 people),IT.NET.BBND.P2,2008,0.0040164263374716,Sub-Saharan Africa,Low income
Niger,NER,Fixed broadband subscriptions (per 100 people),IT.NET.BBND.P2,2009,0.0062720796805002,Sub-Saharan Africa,Low income
Niger,NER,Fixed broadband subscriptions (per 100 people),IT.NET.BBND.P2,2010,0.0090640821544235,Sub-Saharan Africa,Low income
Niger,NER,Fixed broadband subscriptions (per 100 people),IT.NET.BBND.P2,2011,0.012307668661491,Sub-Saharan Africa,Low income
Niger,NER,Fixed broadband subscriptions (per 100 people),IT.NET.BBND.P2,2012,0.0205698689039478,Sub-Saharan Africa,Low income
Niger,NER,Fixed broadband subscriptions (per 100 people),IT.NET.BBND.P2,2013,0.0345574257482412,Sub-Saharan Africa,Low income
Niger,NER,Fixed broadband subscriptions (per 100 people),IT.NET.BBND.P2,2014,0.155881254433501,Sub-Saharan Africa,Low income
Niger,NER,Fixed broadband subscriptions (per 100 people),IT.NET.BBND.P2,2015,0.136352479886906,Sub-Saharan Africa,Low income
Niger,NER,Fixed broadband subscriptions (per 100 people),IT.NET.BBND.P2,2016,0.0372575269558715,Sub-Saharan Africa,Low income
Niger,NER,Fixed broadband subscriptions (per 100 people),IT.NET.BBND.P2,2017,0.0403537206550309,Sub-Saharan Africa,Low income
Niger,NER,Fixed broadband subscriptions (per 100 people),IT.NET.BBND.P2,2019,0.0479349681103909,Sub-Saharan Africa,Low income
Niger,NER,Fixed broadband subscriptions (per 100 people),IT.NET.BBND.P2,2020,0.0505953107507067,Sub-Saharan Africa,Low income
Niger,NER,Fixed broadband subscriptions (per 100 people),IT.NET.BBND.P2,2023,0.107619048674827,Sub-Saharan Africa,Low income
Niger,NER,Fixed broadband subscriptions (per 100 people),IT.NET.BBND.P2,2024,0.111273829357144,Sub-Saharan Africa,Low income
Niger,NER,Secure Internet servers (per 1 million people),IT.NET.SECR.P6,2010,0.1812816430884712,Sub-Saharan Africa,Low income
Niger,NER,Secure Internet servers (per 1 million people),IT.NET.SECR.P6,2011,0.1164396278286751,Sub-Saharan Africa,Low income
Niger,NER,Secure Internet servers (per 1 million people),IT.NET.SECR.P6,2012,0.2242558615856941,Sub-Saharan Africa,Low income
Niger,NER,Secure Internet servers (per 1 million people),IT.NET.SECR.P6,2013,0.269979888658134,Sub-Saharan Africa,Low income
Niger,NER,Secure Internet servers (per 1 million people),IT.NET.SECR.P6,2014,0.2602010656898926,Sub-Saharan Africa,Low income
Niger,NER,Secure Internet servers (per 1 million people),IT.NET.SECR.P6,2015,0.3009102836992185,Sub-Saharan Africa,Low income
Niger,NER,Secure Internet servers (per 1 million people),IT.NET.SECR.P6,2016,0.2417122548064844,Sub-Saharan Africa,Low income
Niger,NER,Secure Internet servers (per 1 million people),IT.NET.SECR.P6,2017,0.466517001792265,Sub-Saharan Africa,Low income
Niger,NER,Secure Internet servers (per 1 million people),IT.NET.SECR.P6,2018,0.4957619340376127,Sub-Saharan Africa,Low income
Niger,NER,Secure Internet servers (per 1 million people),IT.NET.SECR.P6,2019,0.8715448747343804,Sub-Saharan Africa,Low income
Niger,NER,Secure Internet servers (per 1 million people),IT.NET.SECR.P6,2020,1.4756965635622774,Sub-Saharan Africa,Low income
Niger,NER,Secure Internet servers (per 1 million people),IT.NET.SECR.P6,2021,1.428446658128637,Sub-Saharan Africa,Low income
Niger,NER,Secure Internet servers (per 1 million people),IT.NET.SECR.P6,2022,4.187741508731856,Sub-Saharan Africa,Low income
Niger,NER,Secure Internet servers (per 1 million people),IT.NET.SECR.P6,2023,4.74008526113684,Sub-Saharan Africa,Low income
Niger,NER,Secure Internet servers (per 1 million people),IT.NET.SECR.P6,2024,5.215960751116104,Sub-Saharan Africa,Low income
Niger,NER,Individuals using the Internet (% of population),IT.NET.USER.ZS,2000,0.0362612938065891,Sub-Saharan Africa,Low income
Niger,NER,Individuals using the Internet (% of population),IT.NET.USER.ZS,2001,0.10518543139701,Sub-Saharan Africa,Low income
Niger,NER,Individuals using the Internet (% of population),IT.NET.USER.ZS,2002,0.127152468779619,Sub-Saharan Africa,Low income
Niger,NER,Individuals using the Internet (% of population),IT.NET.USER.ZS,2003,0.155698703668983,Sub-Saharan Africa,Low income
Niger,NER,Individuals using the Internet (% of population),IT.NET.USER.ZS,2004,0.189933733703092,Sub-Saharan Africa,Low income
Niger,NER,Individuals using the Internet (% of population),IT.NET.USER.ZS,2005,0.221300006,Sub-Saharan Africa,Low income
Niger,NER,Individuals using the Internet (% of population),IT.NET.USER.ZS,2006,0.294,Sub-Saharan Africa,Low income
Niger,NER,Individuals using the Internet (% of population),IT.NET.USER.ZS,2007,0.390399992,Sub-Saharan Africa,Low income
Niger,NER,Individuals using the Internet (% of population),IT.NET.USER.ZS,2008,0.7,Sub-Saharan Africa,Low income
Niger,NER,Individuals using the Internet (% of population),IT.NET.USER.ZS,2009,0.76,Sub-Saharan Africa,Low income
Niger,NER,Individuals using the Internet (% of population),IT.NET.USER.ZS,2010,0.829999983,Sub-Saharan Africa,Low income
Niger,NER,Individuals using the Internet (% of population),IT.NET.USER.ZS,2011,0.9,Sub-Saharan Africa,Low income
Niger,NER,Individuals using the Internet (% of population),IT.NET.USER.ZS,2012,1.049999952,Sub-Saharan Africa,Low income
Niger,NER,Individuals using the Internet (% of population),IT.NET.USER.ZS,2013,1.149999976,Sub-Saharan Africa,Low income
Niger,NER,Individuals using the Internet (% of population),IT.NET.USER.ZS,2014,1.24867568902241,Sub-Saharan Africa,Low income
Niger,NER,Individuals using the Internet (% of population),IT.NET.USER.ZS,2015,2.476200104,Sub-Saharan Africa,Low income
Niger,NER,Individuals using the Internet (% of population),IT.NET.USER.ZS,2016,4.322800159,Sub-Saharan Africa,Low income
Niger,NER,Individuals using the Internet (% of population),IT.NET.USER.ZS,2017,10.2243115586561,Sub-Saharan Africa,Low income
Niger,NER,Individuals using the Internet (% of population),IT.NET.USER.ZS,2018,10.74180031,Sub-Saharan Africa,Low income
Niger,NER,Individuals using the Internet (% of population),IT.NET.USER.ZS,2019,11.28549957,Sub-Saharan Africa,Low income
Niger,NER,Individuals using the Internet (% of population),IT.NET.USER.ZS,2020,11.85680008,Sub-Saharan Africa,Low income
Niger,NER,Individuals using the Internet (% of population),IT.NET.USER.ZS,2021,12.45689964,Sub-Saharan Africa,Low income
Niger,NER,Individuals using the Internet (% of population),IT.NET.USER.ZS,2022,13.08749962,Sub-Saharan Africa,Low income
Niger,NER,Individuals using the Internet (% of population),IT.NET.USER.ZS,2023,12.98079967,Sub-Saharan Africa,Low income
Niger,NER,Individuals using the Internet (% of population),IT.NET.USER.ZS,2024,15.55760002,Sub-Saharan Africa,Low income
Nigeria,NGA,Mobile cellular subscriptions (per 100 people),IT.CEL.SETS.P2,2000,0.0237374647789432,Sub-Saharan Africa,Lower middle income
Nigeria,NGA,Mobile cellular subscriptions (per 100 people),IT.CEL.SETS.P2,2001,0.205186874634686,Sub-Saharan Africa,Lower middle income
Nigeria,NGA,Mobile cellular subscriptions (per 100 people),IT.CEL.SETS.P2,2002,1.17556500937436,Sub-Saharan Africa,Lower middle income
Nigeria,NGA,Mobile cellular subscriptions (per 100 people),IT.CEL.SETS.P2,2003,2.29549001985705,Sub-Saharan Africa,Lower middle income
Nigeria,NGA,Mobile cellular subscriptions (per 100 people),IT.CEL.SETS.P2,2004,6.48475870170114,Sub-Saharan Africa,Lower middle income
Nigeria,NGA,Mobile cellular subscriptions (per 100 people),IT.CEL.SETS.P2,2005,12.8170956320625,Sub-Saharan Africa,Lower middle income
Nigeria,NGA,Mobile cellular subscriptions (per 100 people),IT.CEL.SETS.P2,2006,21.6814998851536,Sub-Saharan Africa,Lower middle income
Nigeria,NGA,Mobile cellular subscriptions (per 100 people),IT.CEL.SETS.P2,2007,26.3563208061766,Sub-Saharan Africa,Lower middle income
Nigeria,NGA,Mobile cellular subscriptions (per 100 people),IT.CEL.SETS.P2,2008,39.9685817471357,Sub-Saharan Africa,Lower middle income
Nigeria,NGA,Mobile cellular subscriptions (per 100 people),IT.CEL.SETS.P2,2009,45.9848876760246,Sub-Saharan Africa,Lower middle income
Nigeria,NGA,Mobile cellular subscriptions (per 100 people),IT.CEL.SETS.P2,2010,52.3861480651505,Sub-Saharan Africa,Lower middle income
Nigeria,NGA,Mobile cellular subscriptions (per 100 people),IT.CEL.SETS.P2,2011,55.5301267540609,Sub-Saharan Africa,Lower middle income
Nigeria,NGA,Mobile cellular subscriptions (per 100 people),IT.CEL.SETS.P2,2012,64.0053263148187,Sub-Saharan Africa,Lower middle income
Nigeria,NGA,Mobile cellular subscriptions (per 100 people),IT.CEL.SETS.P2,2013,70.282509513161,Sub-Saharan Africa,Lower middle income
Nigeria,NGA,Mobile cellular subscriptions (per 100 people),IT.CEL.SETS.P2,2014,74.7512781478918,Sub-Saharan Africa,Lower middle income
Nigeria,NGA,Mobile cellular subscriptions (per 100 people),IT.CEL.SETS.P2,2015,79.1045279367312,Sub-Saharan Africa,Lower middle income
Nigeria,NGA,Mobile cellular subscriptions (per 100 people),IT.CEL.SETS.P2,2016,78.970142296733,Sub-Saharan Africa,Lower middle income
Nigeria,NGA,Mobile cellular subscriptions (per 100 people),IT.CEL.SETS.P2,2017,72.3679681751497,Sub-Saharan Africa,Lower middle income
Nigeria,NGA,Mobile cellular subscriptions (per 100 people),IT.CEL.SETS.P2,2018,84.2840110939485,Sub-Saharan Africa,Lower middle income
Nigeria,NGA,Mobile cellular subscriptions (per 100 people),IT.CEL.SETS.P2,2019,88.1169010528984,Sub-Saharan Africa,Lower middle income
Nigeria,NGA,Mobile cellular subscriptions (per 100 people),IT.CEL.SETS.P2,2020,95.4356648074949,Sub-Saharan Africa,Lower middle income
Nigeria,NGA,Mobile cellular subscriptions (per 100 people),IT.CEL.SETS.P2,2021,89.2915858426408,Sub-Saharan Africa,Lower middle income
Nigeria,NGA,Mobile cellular subscriptions (per 100 people),IT.CEL.SETS.P2,2022,99.5852151989567,Sub-Saharan Africa,Lower middle income
Nigeria,NGA,Mobile cellular subscriptions (per 100 people),IT.CEL.SETS.P2,2023,98.4772822731425,Sub-Saharan Africa,Lower middle income
Nigeria,NGA,Mobile cellular subscriptions (per 100 people),IT.CEL.SETS.P2,2024,70.7619057835431,Sub-Saharan Africa,Lower middle income
Nigeria,NGA,Fixed broadband subscriptions (per 100 people),IT.NET.BBND.P2,2005,0.0003447865613617,Sub-Saharan Africa,Lower middle income
Nigeria,NGA,Fixed broadband subscriptions (per 100 people),IT.NET.BBND.P2,2007,0.0349676764955042,Sub-Saharan Africa,Lower middle income
Nigeria,NGA,Fixed broadband subscriptions (per 100 people),IT.NET.BBND.P2,2008,0.0430064367391725,Sub-Saharan Africa,Lower middle income
Nigeria,NGA,Fixed broadband subscriptions (per 100 people),IT.NET.BBND.P2,2009,0.0505759155118218,Sub-Saharan Africa,Lower middle income
Nigeria,NGA,Fixed broadband subscriptions (per 100 people),IT.NET.BBND.P2,2010,0.0594732858863234,Sub-Saharan Africa,Lower middle income
Nigeria,NGA,Fixed broadband subscriptions (per 100 people),IT.NET.BBND.P2,2012,0.008103830505709,Sub-Saharan Africa,Lower middle income
Nigeria,NGA,Fixed broadband subscriptions (per 100 people),IT.NET.BBND.P2,2013,0.008309884720275,Sub-Saharan Africa,Lower middle income
Nigeria,NGA,Fixed broadband subscriptions (per 100 people),IT.NET.BBND.P2,2014,0.0084670582080396,Sub-Saharan Africa,Lower middle income
Nigeria,NGA,Fixed broadband subscriptions (per 100 people),IT.NET.BBND.P2,2015,0.0082277471458061,Sub-Saharan Africa,Lower middle income
Nigeria,NGA,Fixed broadband subscriptions (per 100 people),IT.NET.BBND.P2,2016,0.0552235758942345,Sub-Saharan Africa,Lower middle income
Nigeria,NGA,Fixed broadband subscriptions (per 100 people),IT.NET.BBND.P2,2017,0.0553465496536786,Sub-Saharan Africa,Lower middle income
Nigeria,NGA,Fixed broadband subscriptions (per 100 people),IT.NET.BBND.P2,2018,0.0360912702919465,Sub-Saharan Africa,Lower middle income
Nigeria,NGA,Fixed broadband subscriptions (per 100 people),IT.NET.BBND.P2,2019,0.0397927035008571,Sub-Saharan Africa,Lower middle income
Nigeria,NGA,Fixed broadband subscriptions (per 100 people),IT.NET.BBND.P2,2020,0.0305206381229766,Sub-Saharan Africa,Lower middle income
Nigeria,NGA,Fixed broadband subscriptions (per 100 people),IT.NET.BBND.P2,2021,0.0301639204550369,Sub-Saharan Africa,Lower middle income
Nigeria,NGA,Fixed broadband subscriptions (per 100 people),IT.NET.BBND.P2,2022,0.0433814077089791,Sub-Saharan Africa,Lower middle income
Nigeria,NGA,Fixed broadband subscriptions (per 100 people),IT.NET.BBND.P2,2023,0.051283785190682,Sub-Saharan Africa,Lower middle income
Nigeria,NGA,Fixed broadband subscriptions (per 100 people),IT.NET.BBND.P2,2024,0.0787379280608494,Sub-Saharan Africa,Lower middle income
Nigeria,NGA,Secure Internet servers (per 1 million people),IT.NET.SECR.P6,2010,0.612087335069317,Sub-Saharan Africa,Lower middle income
Nigeria,NGA,Secure Internet servers (per 1 million people),IT.NET.SECR.P6,2011,0.9044250413050916,Sub-Saharan Africa,Lower middle income
Nigeria,NGA,Secure Internet servers (per 1 million people),IT.NET.SECR.P6,2012,1.6458511426960036,Sub-Saharan Africa,Lower middle income
Nigeria,NGA,Secure Internet servers (per 1 million people),IT.NET.SECR.P6,2013,2.109920879458325,Sub-Saharan Africa,Lower middle income
Nigeria,NGA,Secure Internet servers (per 1 million people),IT.NET.SECR.P6,2014,2.8402838207401127,Sub-Saharan Africa,Lower middle income
Nigeria,NGA,Secure Internet servers (per 1 million people),IT.NET.SECR.P6,2015,3.372285450505711,Sub-Saharan Africa,Lower middle income
Nigeria,NGA,Secure Internet servers (per 1 million people),IT.NET.SECR.P6,2016,45.097386101470654,Sub-Saharan Africa,Lower middle income
Nigeria,NGA,Secure Internet servers (per 1 million people),IT.NET.SECR.P6,2017,212.37466934526373,Sub-Saharan Africa,Lower middle income
Nigeria,NGA,Secure Internet servers (per 1 million people),IT.NET.SECR.P6,2018,176.06235579990712,Sub-Saharan Africa,Lower middle income
Nigeria,NGA,Secure Internet servers (per 1 million people),IT.NET.SECR.P6,2019,71.7758025238589,Sub-Saharan Africa,Lower middle income
Nigeria,NGA,Secure Internet servers (per 1 million people),IT.NET.SECR.P6,2020,71.22557014230081,Sub-Saharan Africa,Lower middle income
Nigeria,NGA,Secure Internet servers (per 1 million people),IT.NET.SECR.P6,2021,61.54781469427397,Sub-Saharan Africa,Lower middle income
Nigeria,NGA,Secure Internet servers (per 1 million people),IT.NET.SECR.P6,2022,47.09369394600146,Sub-Saharan Africa,Lower middle income
Nigeria,NGA,Secure Internet servers (per 1 million people),IT.NET.SECR.P6,2023,47.59899868768152,Sub-Saharan Africa,Lower middle income
Nigeria,NGA,Secure Internet servers (per 1 million people),IT.NET.SECR.P6,2024,98.36277868905998,Sub-Saharan Africa,Lower middle income
Nigeria,NGA,Individuals using the Internet (% of population),IT.NET.USER.ZS,2000,0.0640808079494101,Sub-Saharan Africa,Lower middle income
Nigeria,NGA,Individuals using the Internet (% of population),IT.NET.USER.ZS,2001,0.089901370457273,Sub-Saharan Africa,Lower middle income
Nigeria,NGA,Individuals using the Internet (% of population),IT.NET.USER.ZS,2002,0.320461975542327,Sub-Saharan Africa,Lower middle income
Nigeria,NGA,Individuals using the Internet (% of population),IT.NET.USER.ZS,2003,0.558576244860521,Sub-Saharan Africa,Lower middle income
Nigeria,NGA,Individuals using the Internet (% of population),IT.NET.USER.ZS,2004,1.28613764134527,Sub-Saharan Africa,Lower middle income
Nigeria,NGA,Individuals using the Internet (% of population),IT.NET.USER.ZS,2005,3.54915571796492,Sub-Saharan Africa,Lower middle income
Nigeria,NGA,Individuals using the Internet (% of population),IT.NET.USER.ZS,2006,5.54503608300536,Sub-Saharan Africa,Lower middle income
Nigeria,NGA,Individuals using the Internet (% of population),IT.NET.USER.ZS,2007,6.769999981,Sub-Saharan Africa,Lower middle income
Nigeria,NGA,Individuals using the Internet (% of population),IT.NET.USER.ZS,2008,8.0,Sub-Saharan Africa,Lower middle income
Nigeria,NGA,Individuals using the Internet (% of population),IT.NET.USER.ZS,2009,9.300000191,Sub-Saharan Africa,Lower middle income
Nigeria,NGA,Individuals using the Internet (% of population),IT.NET.USER.ZS,2010,11.5,Sub-Saharan Africa,Lower middle income
Nigeria,NGA,Individuals using the Internet (% of population),IT.NET.USER.ZS,2011,13.80000019,Sub-Saharan Africa,Lower middle income
Nigeria,NGA,Individuals using the Internet (% of population),IT.NET.USER.ZS,2012,16.10000038,Sub-Saharan Africa,Lower middle income
Nigeria,NGA,Individuals using the Internet (% of population),IT.NET.USER.ZS,2013,19.10000038,Sub-Saharan Africa,Lower middle income
Nigeria,NGA,Individuals using the Internet (% of population),IT.NET.USER.ZS,2014,21.0,Sub-Saharan Africa,Lower middle income
Nigeria,NGA,Individuals using the Internet (% of population),IT.NET.USER.ZS,2015,22.51420021,Sub-Saharan Africa,Lower middle income
Nigeria,NGA,Individuals using the Internet (% of population),IT.NET.USER.ZS,2016,24.13750076,Sub-Saharan Africa,Lower middle income
Nigeria,NGA,Individuals using the Internet (% of population),IT.NET.USER.ZS,2017,25.87789917,Sub-Saharan Africa,Lower middle income
Nigeria,NGA,Individuals using the Internet (% of population),IT.NET.USER.ZS,2018,27.74370003,Sub-Saharan Africa,Lower middle income
Nigeria,NGA,Individuals using the Internet (% of population),IT.NET.USER.ZS,2019,29.74410057,Sub-Saharan Africa,Lower middle income
Nigeria,NGA,Individuals using the Internet (% of population),IT.NET.USER.ZS,2020,31.88879967,Sub-Saharan Africa,Lower middle income
Nigeria,NGA,Individuals using the Internet (% of population),IT.NET.USER.ZS,2021,35.50979996,Sub-Saharan Africa,Lower middle income
Nigeria,NGA,Individuals using the Internet (% of population),IT.NET.USER.ZS,2022,39.14720154,Sub-Saharan Africa,Lower middle income
Nigeria,NGA,Individuals using the Internet (% of population),IT.NET.USER.ZS,2023,40.06399918,Sub-Saharan Africa,Lower middle income
Nigeria,NGA,Individuals using the Internet (% of population),IT.NET.USER.ZS,2024,41.21139908,Sub-Saharan Africa,Lower middle income
Rwanda,RWA,Mobile cellular subscriptions (per 100 people),IT.CEL.SETS.P2,2000,0.474803111932642,Sub-Saharan Africa,Low income
Rwanda,RWA,Mobile cellular subscriptions (per 100 people),IT.CEL.SETS.P2,2001,0.784352150464324,Sub-Saharan Africa,Low income
Rwanda,RWA,Mobile cellular subscriptions (per 100 people),IT.CEL.SETS.P2,2002,0.980824220433372,Sub-Saharan Africa,Low income
Rwanda,RWA,Mobile cellular subscriptions (per 100 people),IT.CEL.SETS.P2,2003,1.52232331319601,Sub-Saharan Africa,Low income
Rwanda,RWA,Mobile cellular subscriptions (per 100 people),IT.CEL.SETS.P2,2004,1.55691764536154,Sub-Saharan Africa,Low income
Rwanda,RWA,Mobile cellular subscriptions (per 100 people),IT.CEL.SETS.P2,2005,2.46261318094107,Sub-Saharan Africa,Low income
Rwanda,RWA,Mobile cellular subscriptions (per 100 people),IT.CEL.SETS.P2,2006,3.37877931178506,Sub-Saharan Africa,Low income
Rwanda,RWA,Mobile cellular subscriptions (per 100 people),IT.CEL.SETS.P2,2007,6.650695873992,Sub-Saharan Africa,Low income
Rwanda,RWA,Mobile cellular subscriptions (per 100 people),IT.CEL.SETS.P2,2008,13.4904193265199,Sub-Saharan Africa,Low income
Rwanda,RWA,Mobile cellular subscriptions (per 100 people),IT.CEL.SETS.P2,2009,24.1465972832976,Sub-Saharan Africa,Low income
Rwanda,RWA,Mobile cellular subscriptions (per 100 people),IT.CEL.SETS.P2,2010,34.395374562166,Sub-Saharan Africa,Low income
Rwanda,RWA,Mobile cellular subscriptions (per 100 people),IT.CEL.SETS.P2,2011,42.049425685328,Sub-Saharan Africa,Low income
Rwanda,RWA,Mobile cellular subscriptions (per 100 people),IT.CEL.SETS.P2,2012,52.5466576287262,Sub-Saharan Africa,Low income
Rwanda,RWA,Mobile cellular subscriptions (per 100 people),IT.CEL.SETS.P2,2013,60.2988640030865,Sub-Saharan Africa,Low income
Rwanda,RWA,Mobile cellular subscriptions (per 100 people),IT.CEL.SETS.P2,2014,68.1670448387062,Sub-Saharan Africa,Low income
Rwanda,RWA,Mobile cellular subscriptions (per 100 people),IT.CEL.SETS.P2,2015,75.2543165296423,Sub-Saharan Africa,Low income
Rwanda,RWA,Mobile cellular subscriptions (per 100 people),IT.CEL.SETS.P2,2016,74.8502057565523,Sub-Saharan Africa,Low income
Rwanda,RWA,Mobile cellular subscriptions (per 100 people),IT.CEL.SETS.P2,2017,72.2764598764471,Sub-Saharan Africa,Low income
Rwanda,RWA,Mobile cellular subscriptions (per 100 people),IT.CEL.SETS.P2,2018,77.679469147812,Sub-Saharan Africa,Low income
Rwanda,RWA,Mobile cellular subscriptions (per 100 people),IT.CEL.SETS.P2,2019,75.5985451901883,Sub-Saharan Africa,Low income
Rwanda,RWA,Mobile cellular subscriptions (per 100 people),IT.CEL.SETS.P2,2020,81.2378724761376,Sub-Saharan Africa,Low income
Rwanda,RWA,Mobile cellular subscriptions (per 100 people),IT.CEL.SETS.P2,2021,81.6381635400584,Sub-Saharan Africa,Low income
Rwanda,RWA,Mobile cellular subscriptions (per 100 people),IT.CEL.SETS.P2,2022,80.5952224850433,Sub-Saharan Africa,Low income
Rwanda,RWA,Mobile cellular subscriptions (per 100 people),IT.CEL.SETS.P2,2023,91.4622704078141,Sub-Saharan Africa,Low income
Rwanda,RWA,Mobile cellular subscriptions (per 100 people),IT.CEL.SETS.P2,2024,93.201462876722,Sub-Saharan Africa,Low income
Rwanda,RWA,Fixed broadband subscriptions (per 100 people),IT.NET.BBND.P2,2004,0.0130205320634005,Sub-Saharan Africa,Low income
Rwanda,RWA,Fixed broadband subscriptions (per 100 people),IT.NET.BBND.P2,2005,0.0130321536362801,Sub-Saharan Africa,Low income
Rwanda,RWA,Fixed broadband subscriptions (per 100 people),IT.NET.BBND.P2,2006,0.0183240662737603,Sub-Saharan Africa,Low income
Rwanda,RWA,Fixed broadband subscriptions (per 100 people),IT.NET.BBND.P2,2007,0.0266284590687704,Sub-Saharan Africa,Low income
Rwanda,RWA,Fixed broadband subscriptions (per 100 people),IT.NET.BBND.P2,2008,0.0114235951706343,Sub-Saharan Africa,Low income
Rwanda,RWA,Fixed broadband subscriptions (per 100 people),IT.NET.BBND.P2,2009,0.0220070072537641,Sub-Saharan Africa,Low income
Rwanda,RWA,Fixed broadband subscriptions (per 100 people),IT.NET.BBND.P2,2010,0.038206733709049,Sub-Saharan Africa,Low income
Rwanda,RWA,Fixed broadband subscriptions (per 100 people),IT.NET.BBND.P2,2011,0.0817592046252728,Sub-Saharan Africa,Low income
Rwanda,RWA,Fixed broadband subscriptions (per 100 people),IT.NET.BBND.P2,2012,0.0507668537320886,Sub-Saharan Africa,Low income
Rwanda,RWA,Fixed broadband subscriptions (per 100 people),IT.NET.BBND.P2,2013,0.0250690955113609,Sub-Saharan Africa,Low income
Rwanda,RWA,Fixed broadband subscriptions (per 100 people),IT.NET.BBND.P2,2014,0.0256670688163416,Sub-Saharan Africa,Low income
Rwanda,RWA,Fixed broadband subscriptions (per 100 people),IT.NET.BBND.P2,2015,0.181485911280924,Sub-Saharan Africa,Low income
Rwanda,RWA,Fixed broadband subscriptions (per 100 people),IT.NET.BBND.P2,2016,0.182235644842436,Sub-Saharan Africa,Low income
Rwanda,RWA,Fixed broadband subscriptions (per 100 people),IT.NET.BBND.P2,2017,0.178494450936973,Sub-Saharan Africa,Low income
Rwanda,RWA,Fixed broadband subscriptions (per 100 people),IT.NET.BBND.P2,2018,0.0600656822760033,Sub-Saharan Africa,Low income
Rwanda,RWA,Fixed broadband subscriptions (per 100 people),IT.NET.BBND.P2,2019,0.0695438976971303,Sub-Saharan Africa,Low income
Rwanda,RWA,Fixed broadband subscriptions (per 100 people),IT.NET.BBND.P2,2020,0.135352981978881,Sub-Saharan Africa,Low income
Rwanda,RWA,Fixed broadband subscriptions (per 100 people),IT.NET.BBND.P2,2021,0.238872174708692,Sub-Saharan Africa,Low income
Rwanda,RWA,Fixed broadband subscriptions (per 100 people),IT.NET.BBND.P2,2022,0.349951615372613,Sub-Saharan Africa,Low income
Rwanda,RWA,Fixed broadband subscriptions (per 100 people),IT.NET.BBND.P2,2023,0.445556123195211,Sub-Saharan Africa,Low income
Rwanda,RWA,Fixed broadband subscriptions (per 100 people),IT.NET.BBND.P2,2024,0.595648307197658,Sub-Saharan Africa,Low income
Rwanda,RWA,Secure Internet servers (per 1 million people),IT.NET.SECR.P6,2010,0.8722998563709825,Sub-Saharan Africa,Low income
Rwanda,RWA,Secure Internet servers (per 1 million people),IT.NET.SECR.P6,2011,0.756591829962039,Sub-Saharan Africa,Low income
Rwanda,RWA,Secure Internet servers (per 1 million people),IT.NET.SECR.P6,2012,2.49309758233247,Sub-Saharan Africa,Low income
Rwanda,RWA,Secure Internet servers (per 1 million people),IT.NET.SECR.P6,2013,3.9663437702261,Sub-Saharan Africa,Low income
Rwanda,RWA,Secure Internet servers (per 1 million people),IT.NET.SECR.P6,2014,5.543453326806723,Sub-Saharan Africa,Low income
Rwanda,RWA,Secure Internet servers (per 1 million people),IT.NET.SECR.P6,2015,7.2164812059633565,Sub-Saharan Africa,Low income
Rwanda,RWA,Secure Internet servers (per 1 million people),IT.NET.SECR.P6,2016,12.500856812081834,Sub-Saharan Africa,Low income
Rwanda,RWA,Secure Internet servers (per 1 million people),IT.NET.SECR.P6,2017,17.94778914380031,Sub-Saharan Africa,Low income
Rwanda,RWA,Secure Internet servers (per 1 million people),IT.NET.SECR.P6,2018,35.95452785218701,Sub-Saharan Africa,Low income
Rwanda,RWA,Secure Internet servers (per 1 million people),IT.NET.SECR.P6,2019,70.44401567520237,Sub-Saharan Africa,Low income
Rwanda,RWA,Secure Internet servers (per 1 million people),IT.NET.SECR.P6,2020,81.20413564014306,Sub-Saharan Africa,Low income
Rwanda,RWA,Secure Internet servers (per 1 million people),IT.NET.SECR.P6,2021,99.36159984904825,Sub-Saharan Africa,Low income
Rwanda,RWA,Secure Internet servers (per 1 million people),IT.NET.SECR.P6,2022,115.52241845487116,Sub-Saharan Africa,Low income
Rwanda,RWA,Secure Internet servers (per 1 million people),IT.NET.SECR.P6,2023,129.13423948496506,Sub-Saharan Africa,Low income
Rwanda,RWA,Secure Internet servers (per 1 million people),IT.NET.SECR.P6,2024,160.9784459330216,Sub-Saharan Africa,Low income
Rwanda,RWA,Individuals using the Internet (% of population),IT.NET.USER.ZS,2000,0.0628314595107164,Sub-Saharan Africa,Low income
Rwanda,RWA,Individuals using the Internet (% of population),IT.NET.USER.ZS,2001,0.240672409832383,Sub-Saharan Africa,Low income
Rwanda,RWA,Individuals using the Internet (% of population),IT.NET.USER.ZS,2002,0.292784718792575,Sub-Saharan Africa,Low income
Rwanda,RWA,Individuals using the Internet (% of population),IT.NET.USER.ZS,2003,0.356918467272361,Sub-Saharan Africa,Low income
Rwanda,RWA,Individuals using the Internet (% of population),IT.NET.USER.ZS,2004,0.43085424337006,Sub-Saharan Africa,Low income
Rwanda,RWA,Individuals using the Internet (% of population),IT.NET.USER.ZS,2005,0.555999994,Sub-Saharan Africa,Low income
Rwanda,RWA,Individuals using the Internet (% of population),IT.NET.USER.ZS,2007,2.115400076,Sub-Saharan Africa,Low income
Rwanda,RWA,Individuals using the Internet (% of population),IT.NET.USER.ZS,2008,4.5,Sub-Saharan Africa,Low income
Rwanda,RWA,Individuals using the Internet (% of population),IT.NET.USER.ZS,2009,7.7,Sub-Saharan Africa,Low income
Rwanda,RWA,Individuals using the Internet (% of population),IT.NET.USER.ZS,2010,8.0,Sub-Saharan Africa,Low income
Rwanda,RWA,Individuals using the Internet (% of population),IT.NET.USER.ZS,2011,7.0,Sub-Saharan Africa,Low income
Rwanda,RWA,Individuals using the Internet (% of population),IT.NET.USER.ZS,2012,8.023900032,Sub-Saharan Africa,Low income
Rwanda,RWA,Individuals using the Internet (% of population),IT.NET.USER.ZS,2013,9.0,Sub-Saharan Africa,Low income
Rwanda,RWA,Individuals using the Internet (% of population),IT.NET.USER.ZS,2014,10.60000038,Sub-Saharan Africa,Low income
Rwanda,RWA,Individuals using the Internet (% of population),IT.NET.USER.ZS,2015,12.45600033,Sub-Saharan Africa,Low income
Rwanda,RWA,Individuals using the Internet (% of population),IT.NET.USER.ZS,2016,14.63710022,Sub-Saharan Africa,Low income
Rwanda,RWA,Individuals using the Internet (% of population),IT.NET.USER.ZS,2017,17.2,Sub-Saharan Africa,Low income
Rwanda,RWA,Individuals using the Internet (% of population),IT.NET.USER.ZS,2018,19.16659927,Sub-Saharan Africa,Low income
Rwanda,RWA,Individuals using the Internet (% of population),IT.NET.USER.ZS,2019,21.3579998,Sub-Saharan Africa,Low income
Rwanda,RWA,Individuals using the Internet (% of population),IT.NET.USER.ZS,2020,23.8,Sub-Saharan Africa,Low income
Rwanda,RWA,Individuals using the Internet (% of population),IT.NET.USER.ZS,2021,24.4416008,Sub-Saharan Africa,Low income
Rwanda,RWA,Individuals using the Internet (% of population),IT.NET.USER.ZS,2022,28.01679993,Sub-Saharan Africa,Low income
Rwanda,RWA,Individuals using the Internet (% of population),IT.NET.USER.ZS,2023,28.80579948,Sub-Saharan Africa,Low income
Rwanda,RWA,Individuals using the Internet (% of population),IT.NET.USER.ZS,2024,31.70330048,Sub-Saharan Africa,Low income
Sao Tome and Principe,STP,Mobile cellular subscriptions (per 100 people),IT.CEL.SETS.P2,2000,0.0,Sub-Saharan Africa,Lower middle income
Sao Tome and Principe,STP,Mobile cellular subscriptions (per 100 people),IT.CEL.SETS.P2,2001,0.0,Sub-Saharan Africa,Lower middle income
Sao Tome and Principe,STP,Mobile cellular subscriptions (per 100 people),IT.CEL.SETS.P2,2002,1.3206867571137,Sub-Saharan Africa,Lower middle income
Sao Tome and Principe,STP,Mobile cellular subscriptions (per 100 people),IT.CEL.SETS.P2,2003,3.13300479800278,Sub-Saharan Africa,Lower middle income
Sao Tome and Principe,STP,Mobile cellular subscriptions (per 100 people),IT.CEL.SETS.P2,2004,4.91106813354047,Sub-Saharan Africa,Lower middle income
Sao Tome and Principe,STP,Mobile cellular subscriptions (per 100 people),IT.CEL.SETS.P2,2005,7.39487376190152,Sub-Saharan Africa,Lower middle income
Sao Tome and Principe,STP,Mobile cellular subscriptions (per 100 people),IT.CEL.SETS.P2,2006,11.1230514736957,Sub-Saharan Africa,Lower middle income
Sao Tome and Principe,STP,Mobile cellular subscriptions (per 100 people),IT.CEL.SETS.P2,2007,17.736593989393,Sub-Saharan Africa,Lower middle income
Sao Tome and Principe,STP,Mobile cellular subscriptions (per 100 people),IT.CEL.SETS.P2,2008,29.0869022342672,Sub-Saharan Africa,Lower middle income
Sao Tome and Principe,STP,Mobile cellular subscriptions (per 100 people),IT.CEL.SETS.P2,2009,45.4470827031312,Sub-Saharan Africa,Lower middle income
Sao Tome and Principe,STP,Mobile cellular subscriptions (per 100 people),IT.CEL.SETS.P2,2010,56.5065290810882,Sub-Saharan Africa,Lower middle income
Sao Tome and Principe,STP,Mobile cellular subscriptions (per 100 people),IT.CEL.SETS.P2,2011,61.9653216553819,Sub-Saharan Africa,Lower middle income
Sao Tome and Principe,STP,Mobile cellular subscriptions (per 100 people),IT.CEL.SETS.P2,2012,64.4914721889368,Sub-Saharan Africa,Lower middle income
Sao Tome and Principe,STP,Mobile cellular subscriptions (per 100 people),IT.CEL.SETS.P2,2013,64.8875473729989,Sub-Saharan Africa,Lower middle income
Sao Tome and Principe,STP,Mobile cellular subscriptions (per 100 people),IT.CEL.SETS.P2,2014,65.3056660923834,Sub-Saharan Africa,Lower middle income
Sao Tome and Principe,STP,Mobile cellular subscriptions (per 100 people),IT.CEL.SETS.P2,2015,92.3511291071491,Sub-Saharan Africa,Lower middle income
Sao Tome and Principe,STP,Mobile cellular subscriptions (per 100 people),IT.CEL.SETS.P2,2016,87.4112004084658,Sub-Saharan Africa,Lower middle income
Sao Tome and Principe,STP,Mobile cellular subscriptions (per 100 people),IT.CEL.SETS.P2,2017,84.0522781079383,Sub-Saharan Africa,Lower middle income
Sao Tome and Principe,STP,Mobile cellular subscriptions (per 100 people),IT.CEL.SETS.P2,2018,77.3644421396185,Sub-Saharan Africa,Lower middle income
Sao Tome and Principe,STP,Mobile cellular subscriptions (per 100 people),IT.CEL.SETS.P2,2019,77.6791069955762,Sub-Saharan Africa,Lower middle income
Sao Tome and Principe,STP,Mobile cellular subscriptions (per 100 people),IT.CEL.SETS.P2,2020,80.1172764274381,Sub-Saharan Africa,Lower middle income
Sao Tome and Principe,STP,Mobile cellular subscriptions (per 100 people),IT.CEL.SETS.P2,2021,85.2577705092336,Sub-Saharan Africa,Lower middle income
Sao Tome and Principe,STP,Mobile cellular subscriptions (per 100 people),IT.CEL.SETS.P2,2022,86.7784626941517,Sub-Saharan Africa,Lower middle income
Sao Tome and Principe,STP,Mobile cellular subscriptions (per 100 people),IT.CEL.SETS.P2,2023,63.4540500972405,Sub-Saharan Africa,Lower middle income
Sao Tome and Principe,STP,Mobile cellular subscriptions (per 100 people),IT.CEL.SETS.P2,2024,62.4367400312479,Sub-Saharan Africa,Lower middle income
Sao Tome and Principe,STP,Fixed broadband subscriptions (per 100 people),IT.NET.BBND.P2,2006,0.07546577476183,Sub-Saharan Africa,Lower middle income
Sao Tome and Principe,STP,Fixed broadband subscriptions (per 100 people),IT.NET.BBND.P2,2007,0.181496758986447,Sub-Saharan Africa,Lower middle income
Sao Tome and Principe,STP,Fixed broadband subscriptions (per 100 people),IT.NET.BBND.P2,2008,0.197936625755928,Sub-Saharan Africa,Lower middle income
Sao Tome and Principe,STP,Fixed broadband subscriptions (per 100 people),IT.NET.BBND.P2,2009,0.249082107133419,Sub-Saharan Africa,Lower middle income
Sao Tome and Principe,STP,Fixed broadband subscriptions (per 100 people),IT.NET.BBND.P2,2010,0.321778638298809,Sub-Saharan Africa,Lower middle income
Sao Tome and Principe,STP,Fixed broadband subscriptions (per 100 people),IT.NET.BBND.P2,2011,0.396985709591756,Sub-Saharan Africa,Lower middle income
Sao Tome and Principe,STP,Fixed broadband subscriptions (per 100 people),IT.NET.BBND.P2,2012,0.410686289517998,Sub-Saharan Africa,Lower middle income
Sao Tome and Principe,STP,Fixed broadband subscriptions (per 100 people),IT.NET.BBND.P2,2013,0.506347464120778,Sub-Saharan Africa,Lower middle income
Sao Tome and Principe,STP,Fixed broadband subscriptions (per 100 people),IT.NET.BBND.P2,2014,0.559036830362815,Sub-Saharan Africa,Lower middle income
Sao Tome and Principe,STP,Fixed broadband subscriptions (per 100 people),IT.NET.BBND.P2,2015,0.656045453864627,Sub-Saharan Africa,Lower middle income
Sao Tome and Principe,STP,Fixed broadband subscriptions (per 100 people),IT.NET.BBND.P2,2016,0.69959595265331,Sub-Saharan Africa,Lower middle income
Sao Tome and Principe,STP,Fixed broadband subscriptions (per 100 people),IT.NET.BBND.P2,2017,0.714596318307001,Sub-Saharan Africa,Lower middle income
Sao Tome and Principe,STP,Fixed broadband subscriptions (per 100 people),IT.NET.BBND.P2,2018,0.740768934329906,Sub-Saharan Africa,Lower middle income
Sao Tome and Principe,STP,Fixed broadband subscriptions (per 100 people),IT.NET.BBND.P2,2019,0.769475894129115,Sub-Saharan Africa,Lower middle income
Sao Tome and Principe,STP,Fixed broadband subscriptions (per 100 people),IT.NET.BBND.P2,2020,1.15528778715478,Sub-Saharan Africa,Lower middle income
Sao Tome and Principe,STP,Fixed broadband subscriptions (per 100 people),IT.NET.BBND.P2,2021,1.54216281238596,Sub-Saharan Africa,Lower middle income
Sao Tome and Principe,STP,Fixed broadband subscriptions (per 100 people),IT.NET.BBND.P2,2022,2.02470117761428,Sub-Saharan Africa,Lower middle income
Sao Tome and Principe,STP,Fixed broadband subscriptions (per 100 people),IT.NET.BBND.P2,2023,2.50139688397417,Sub-Saharan Africa,Lower middle income
Sao Tome and Principe,STP,Fixed broadband subscriptions (per 100 people),IT.NET.BBND.P2,2024,2.9940221452347,Sub-Saharan Africa,Lower middle income
Sao Tome and Principe,STP,Secure Internet servers (per 1 million people),IT.NET.SECR.P6,2010,0.0,Sub-Saharan Africa,Lower middle income
Sao Tome and Principe,STP,Secure Internet servers (per 1 million people),IT.NET.SECR.P6,2011,5.38650894968462,Sub-Saharan Africa,Lower middle income
Sao Tome and Principe,STP,Secure Internet servers (per 1 million people),IT.NET.SECR.P6,2012,5.278744081208199,Sub-Saharan Africa,Lower middle income
Sao Tome and Principe,STP,Secure Internet servers (per 1 million people),IT.NET.SECR.P6,2013,10.35475386750057,Sub-Saharan Africa,Lower middle income
Sao Tome and Principe,STP,Secure Internet servers (per 1 million people),IT.NET.SECR.P6,2014,10.164306006596634,Sub-Saharan Africa,Lower middle income
Sao Tome and Principe,STP,Secure Internet servers (per 1 million people),IT.NET.SECR.P6,2015,14.97820670923806,Sub-Saharan Africa,Lower middle income
Sao Tome and Principe,STP,Secure Internet servers (per 1 million people),IT.NET.SECR.P6,2016,14.728335845332834,Sub-Saharan Africa,Lower middle income
Sao Tome and Principe,STP,Secure Internet servers (per 1 million people),IT.NET.SECR.P6,2017,38.65294487123738,Sub-Saharan Africa,Lower middle income
Sao Tome and Principe,STP,Secure Internet servers (per 1 million people),IT.NET.SECR.P6,2018,57.09201806010838,Sub-Saharan Africa,Lower middle income
Sao Tome and Principe,STP,Secure Internet servers (per 1 million people),IT.NET.SECR.P6,2019,60.92074679463148,Sub-Saharan Africa,Lower middle income
Sao Tome and Principe,STP,Secure Internet servers (per 1 million people),IT.NET.SECR.P6,2020,32.19352910065077,Sub-Saharan Africa,Lower middle income
Sao Tome and Principe,STP,Secure Internet servers (per 1 million people),IT.NET.SECR.P6,2021,40.54766377877195,Sub-Saharan Africa,Lower middle income
Sao Tome and Principe,STP,Secure Internet servers (per 1 million people),IT.NET.SECR.P6,2022,30.931707209297187,Sub-Saharan Africa,Lower middle income
Sao Tome and Principe,STP,Secure Internet servers (per 1 million people),IT.NET.SECR.P6,2023,38.9828085814156,Sub-Saharan Africa,Lower middle income
Sao Tome and Principe,STP,Secure Internet servers (per 1 million people),IT.NET.SECR.P6,2024,42.45635486719653,Sub-Saharan Africa,Lower middle income
Sao Tome and Principe,STP,Individuals using the Internet (% of population),IT.NET.USER.ZS,2000,4.6385168164075,Sub-Saharan Africa,Lower middle income
Sao Tome and Principe,STP,Individuals using the Internet (% of population),IT.NET.USER.ZS,2001,6.31091788794615,Sub-Saharan Africa,Lower middle income
Sao Tome and Principe,STP,Individuals using the Internet (% of population),IT.NET.USER.ZS,2002,7.580665168911,Sub-Saharan Africa,Lower middle income
Sao Tome and Principe,STP,Individuals using the Internet (% of population),IT.NET.USER.ZS,2003,10.1618443069961,Sub-Saharan Africa,Lower middle income
Sao Tome and Principe,STP,Individuals using the Internet (% of population),IT.NET.USER.ZS,2004,13.3228526892178,Sub-Saharan Africa,Lower middle income
Sao Tome and Principe,STP,Individuals using the Internet (% of population),IT.NET.USER.ZS,2005,13.75949955,Sub-Saharan Africa,Lower middle income
Sao Tome and Principe,STP,Individuals using the Internet (% of population),IT.NET.USER.ZS,2006,14.18200016,Sub-Saharan Africa,Lower middle income
Sao Tome and Principe,STP,Individuals using the Internet (% of population),IT.NET.USER.ZS,2007,14.5904831987414,Sub-Saharan Africa,Lower middle income
Sao Tome and Principe,STP,Individuals using the Internet (% of population),IT.NET.USER.ZS,2008,15.47999954,Sub-Saharan Africa,Lower middle income
Sao Tome and Principe,STP,Individuals using the Internet (% of population),IT.NET.USER.ZS,2009,16.40999985,Sub-Saharan Africa,Lower middle income
Sao Tome and Principe,STP,Individuals using the Internet (% of population),IT.NET.USER.ZS,2010,18.75,Sub-Saharan Africa,Lower middle income
Sao Tome and Principe,STP,Individuals using the Internet (% of population),IT.NET.USER.ZS,2011,20.16119957,Sub-Saharan Africa,Lower middle income
Sao Tome and Principe,STP,Individuals using the Internet (% of population),IT.NET.USER.ZS,2012,21.57239914,Sub-Saharan Africa,Lower middle income
Sao Tome and Principe,STP,Individuals using the Internet (% of population),IT.NET.USER.ZS,2013,23.0,Sub-Saharan Africa,Lower middle income
Sao Tome and Principe,STP,Individuals using the Internet (% of population),IT.NET.USER.ZS,2014,24.40999985,Sub-Saharan Africa,Lower middle income
Sao Tome and Principe,STP,Individuals using the Internet (% of population),IT.NET.USER.ZS,2015,25.81999969,Sub-Saharan Africa,Lower middle income
Sao Tome and Principe,STP,Individuals using the Internet (% of population),IT.NET.USER.ZS,2016,28.0,Sub-Saharan Africa,Lower middle income
Sao Tome and Principe,STP,Individuals using the Internet (% of population),IT.NET.USER.ZS,2017,32.61640167,Sub-Saharan Africa,Lower middle income
Sao Tome and Principe,STP,Individuals using the Internet (% of population),IT.NET.USER.ZS,2018,37.99380112,Sub-Saharan Africa,Lower middle income
Sao Tome and Principe,STP,Individuals using the Internet (% of population),IT.NET.USER.ZS,2019,44.25790024,Sub-Saharan Africa,Lower middle income
Sao Tome and Principe,STP,Individuals using the Internet (% of population),IT.NET.USER.ZS,2020,51.55469894,Sub-Saharan Africa,Lower middle income
Sao Tome and Principe,STP,Individuals using the Internet (% of population),IT.NET.USER.ZS,2021,54.94950104,Sub-Saharan Africa,Lower middle income
Sao Tome and Principe,STP,Individuals using the Internet (% of population),IT.NET.USER.ZS,2022,58.56779861,Sub-Saharan Africa,Lower middle income
Sao Tome and Principe,STP,Individuals using the Internet (% of population),IT.NET.USER.ZS,2023,58.70130157,Sub-Saharan Africa,Lower middle income
Sao Tome and Principe,STP,Individuals using the Internet (% of population),IT.NET.USER.ZS,2024,59.11759949,Sub-Saharan Africa,Lower middle income
Senegal,SEN,Mobile cellular subscriptions (per 100 people),IT.CEL.SETS.P2,2000,2.51047825799086,Sub-Saharan Africa,Lower middle income
Senegal,SEN,Mobile cellular subscriptions (per 100 people),IT.CEL.SETS.P2,2001,2.9551817683876,Sub-Saharan Africa,Lower middle income
Senegal,SEN,Mobile cellular subscriptions (per 100 people),IT.CEL.SETS.P2,2002,5.28795799512603,Sub-Saharan Africa,Lower middle income
Senegal,SEN,Mobile cellular subscriptions (per 100 people),IT.CEL.SETS.P2,2003,7.29792142205295,Sub-Saharan Africa,Lower middle income
Senegal,SEN,Mobile cellular subscriptions (per 100 people),IT.CEL.SETS.P2,2004,10.2163287202352,Sub-Saharan Africa,Lower middle income
Senegal,SEN,Mobile cellular subscriptions (per 100 people),IT.CEL.SETS.P2,2005,15.3986054168441,Sub-Saharan Africa,Lower middle income
Senegal,SEN,Mobile cellular subscriptions (per 100 people),IT.CEL.SETS.P2,2006,25.9356401782455,Sub-Saharan Africa,Lower middle income
Senegal,SEN,Mobile cellular subscriptions (per 100 people),IT.CEL.SETS.P2,2007,30.8470508593462,Sub-Saharan Africa,Lower middle income
Senegal,SEN,Mobile cellular subscriptions (per 100 people),IT.CEL.SETS.P2,2008,44.7269593995631,Sub-Saharan Africa,Lower middle income
Senegal,SEN,Mobile cellular subscriptions (per 100 people),IT.CEL.SETS.P2,2009,55.9396481702895,Sub-Saharan Africa,Lower middle income
Senegal,SEN,Mobile cellular subscriptions (per 100 people),IT.CEL.SETS.P2,2010,66.0343828887904,Sub-Saharan Africa,Lower middle income
Senegal,SEN,Mobile cellular subscriptions (per 100 people),IT.CEL.SETS.P2,2011,72.1733338879073,Sub-Saharan Africa,Lower middle income
Senegal,SEN,Mobile cellular subscriptions (per 100 people),IT.CEL.SETS.P2,2012,86.1774562103062,Sub-Saharan Africa,Lower middle income
Senegal,SEN,Mobile cellular subscriptions (per 100 people),IT.CEL.SETS.P2,2013,95.7910921489982,Sub-Saharan Africa,Lower middle income
Senegal,SEN,Mobile cellular subscriptions (per 100 people),IT.CEL.SETS.P2,2014,101.608432443463,Sub-Saharan Africa,Lower middle income
Senegal,SEN,Mobile cellular subscriptions (per 100 people),IT.CEL.SETS.P2,2015,102.508995376039,Sub-Saharan Africa,Lower middle income
Senegal,SEN,Mobile cellular subscriptions (per 100 people),IT.CEL.SETS.P2,2016,101.010767153806,Sub-Saharan Africa,Lower middle income
Senegal,SEN,Mobile cellular subscriptions (per 100 people),IT.CEL.SETS.P2,2017,101.831108002442,Sub-Saharan Africa,Lower middle income
Senegal,SEN,Mobile cellular subscriptions (per 100 people),IT.CEL.SETS.P2,2018,104.055698143919,Sub-Saharan Africa,Lower middle income
Senegal,SEN,Mobile cellular subscriptions (per 100 people),IT.CEL.SETS.P2,2019,109.341890091569,Sub-Saharan Africa,Lower middle income
Senegal,SEN,Mobile cellular subscriptions (per 100 people),IT.CEL.SETS.P2,2020,113.638091206029,Sub-Saharan Africa,Lower middle income
Senegal,SEN,Mobile cellular subscriptions (per 100 people),IT.CEL.SETS.P2,2021,115.325093678501,Sub-Saharan Africa,Lower middle income
Senegal,SEN,Mobile cellular subscriptions (per 100 people),IT.CEL.SETS.P2,2022,118.150293497239,Sub-Saharan Africa,Lower middle income
Senegal,SEN,Mobile cellular subscriptions (per 100 people),IT.CEL.SETS.P2,2023,123.911572643075,Sub-Saharan Africa,Lower middle income
Senegal,SEN,Mobile cellular subscriptions (per 100 people),IT.CEL.SETS.P2,2024,123.894453697506,Sub-Saharan Africa,Lower middle income
Senegal,SEN,Fixed broadband subscriptions (per 100 people),IT.NET.BBND.P2,2002,0.0114654640159278,Sub-Saharan Africa,Lower middle income
Senegal,SEN,Fixed broadband subscriptions (per 100 people),IT.NET.BBND.P2,2003,0.0222270392725574,Sub-Saharan Africa,Lower middle income
Senegal,SEN,Fixed broadband subscriptions (per 100 people),IT.NET.BBND.P2,2004,0.069836067007638,Sub-Saharan Africa,Lower middle income
Senegal,SEN,Fixed broadband subscriptions (per 100 people),IT.NET.BBND.P2,2005,0.160456098328579,Sub-Saharan Africa,Lower middle income
Senegal,SEN,Fixed broadband subscriptions (per 100 people),IT.NET.BBND.P2,2006,0.251528378811512,Sub-Saharan Africa,Lower middle income
Senegal,SEN,Fixed broadband subscriptions (per 100 people),IT.NET.BBND.P2,2007,0.323966742178478,Sub-Saharan Africa,Lower middle income
Senegal,SEN,Fixed broadband subscriptions (per 100 people),IT.NET.BBND.P2,2008,0.393046403427881,Sub-Saharan Africa,Lower middle income
Senegal,SEN,Fixed broadband subscriptions (per 100 people),IT.NET.BBND.P2,2009,0.475951597213965,Sub-Saharan Africa,Lower middle income
Senegal,SEN,Fixed broadband subscriptions (per 100 people),IT.NET.BBND.P2,2010,0.62243315671597,Sub-Saharan Africa,Lower middle income
Senegal,SEN,Fixed broadband subscriptions (per 100 people),IT.NET.BBND.P2,2011,0.715438976017789,Sub-Saharan Africa,Lower middle income
Senegal,SEN,Fixed broadband subscriptions (per 100 people),IT.NET.BBND.P2,2012,0.717937236744388,Sub-Saharan Africa,Lower middle income
Senegal,SEN,Fixed broadband subscriptions (per 100 people),IT.NET.BBND.P2,2013,0.77845653467557,Sub-Saharan Africa,Lower middle income
Senegal,SEN,Fixed broadband subscriptions (per 100 people),IT.NET.BBND.P2,2014,0.730365001608948,Sub-Saharan Africa,Lower middle income
Senegal,SEN,Fixed broadband subscriptions (per 100 people),IT.NET.BBND.P2,2015,0.689431357378244,Sub-Saharan Africa,Lower middle income
Senegal,SEN,Fixed broadband subscriptions (per 100 people),IT.NET.BBND.P2,2016,0.654181134204409,Sub-Saharan Africa,Lower middle income
Senegal,SEN,Fixed broadband subscriptions (per 100 people),IT.NET.BBND.P2,2017,0.722423169961464,Sub-Saharan Africa,Lower middle income
Senegal,SEN,Fixed broadband subscriptions (per 100 people),IT.NET.BBND.P2,2018,0.815734181499159,Sub-Saharan Africa,Lower middle income
Senegal,SEN,Fixed broadband subscriptions (per 100 people),IT.NET.BBND.P2,2019,0.929784903272944,Sub-Saharan Africa,Lower middle income
Senegal,SEN,Fixed broadband subscriptions (per 100 people),IT.NET.BBND.P2,2020,1.05641006886622,Sub-Saharan Africa,Lower middle income
Senegal,SEN,Fixed broadband subscriptions (per 100 people),IT.NET.BBND.P2,2021,1.20966034985347,Sub-Saharan Africa,Lower middle income
Senegal,SEN,Fixed broadband subscriptions (per 100 people),IT.NET.BBND.P2,2022,1.40365165848276,Sub-Saharan Africa,Lower middle income
Senegal,SEN,Fixed broadband subscriptions (per 100 people),IT.NET.BBND.P2,2023,1.97393200956788,Sub-Saharan Africa,Lower middle income
Senegal,SEN,Fixed broadband subscriptions (per 100 people),IT.NET.BBND.P2,2024,4.03828584004829,Sub-Saharan Africa,Lower middle income
Senegal,SEN,Secure Internet servers (per 1 million people),IT.NET.SECR.P6,2010,1.02885437935428,Sub-Saharan Africa,Lower middle income
Senegal,SEN,Secure Internet servers (per 1 million people),IT.NET.SECR.P6,2011,1.0031717977232166,Sub-Saharan Africa,Lower middle income
Senegal,SEN,Secure Internet servers (per 1 million people),IT.NET.SECR.P6,2012,2.1036032093472103,Sub-Saharan Africa,Lower middle income
Senegal,SEN,Secure Internet servers (per 1 million people),IT.NET.SECR.P6,2013,2.1880483112314923,Sub-Saharan Africa,Lower middle income
Senegal,SEN,Secure Internet servers (per 1 million people),IT.NET.SECR.P6,2014,3.0384178972141385,Sub-Saharan Africa,Lower middle income
Senegal,SEN,Secure Internet servers (per 1 million people),IT.NET.SECR.P6,2015,6.304249523292523,Sub-Saharan Africa,Lower middle income
Senegal,SEN,Secure Internet servers (per 1 million people),IT.NET.SECR.P6,2016,7.050440782250396,Sub-Saharan Africa,Lower middle income
Senegal,SEN,Secure Internet servers (per 1 million people),IT.NET.SECR.P6,2017,8.788367200211026,Sub-Saharan Africa,Lower middle income
Senegal,SEN,Secure Internet servers (per 1 million people),IT.NET.SECR.P6,2018,17.09133395222394,Sub-Saharan Africa,Lower middle income
Senegal,SEN,Secure Internet servers (per 1 million people),IT.NET.SECR.P6,2019,19.32376366743509,Sub-Saharan Africa,Lower middle income
Senegal,SEN,Secure Internet servers (per 1 million people),IT.NET.SECR.P6,2020,26.26685612951978,Sub-Saharan Africa,Lower middle income
Senegal,SEN,Secure Internet servers (per 1 million people),IT.NET.SECR.P6,2021,40.99677443650194,Sub-Saharan Africa,Lower middle income
Senegal,SEN,Secure Internet servers (per 1 million people),IT.NET.SECR.P6,2022,44.586448790197416,Sub-Saharan Africa,Lower middle income
Senegal,SEN,Secure Internet servers (per 1 million people),IT.NET.SECR.P6,2023,46.18982868994637,Sub-Saharan Africa,Lower middle income
Senegal,SEN,Secure Internet servers (per 1 million people),IT.NET.SECR.P6,2024,59.61522829119298,Sub-Saharan Africa,Lower middle income
Senegal,SEN,Individuals using the Internet (% of population),IT.NET.USER.ZS,2000,0.403967485868965,Sub-Saharan Africa,Lower middle income
Senegal,SEN,Individuals using the Internet (% of population),IT.NET.USER.ZS,2001,0.983794058848003,Sub-Saharan Africa,Lower middle income
Senegal,SEN,Individuals using the Internet (% of population),IT.NET.USER.ZS,2002,1.00645453672323,Sub-Saharan Africa,Lower middle income
Senegal,SEN,Individuals using the Internet (% of population),IT.NET.USER.ZS,2003,2.10143642986685,Sub-Saharan Africa,Lower middle income
Senegal,SEN,Individuals using the Internet (% of population),IT.NET.USER.ZS,2004,4.38602398008563,Sub-Saharan Africa,Lower middle income
Senegal,SEN,Individuals using the Internet (% of population),IT.NET.USER.ZS,2005,4.78668408310535,Sub-Saharan Africa,Lower middle income
Senegal,SEN,Individuals using the Internet (% of population),IT.NET.USER.ZS,2006,5.61173865217952,Sub-Saharan Africa,Lower middle income
Senegal,SEN,Individuals using the Internet (% of population),IT.NET.USER.ZS,2007,6.889999866,Sub-Saharan Africa,Lower middle income
Senegal,SEN,Individuals using the Internet (% of population),IT.NET.USER.ZS,2008,7.119999886,Sub-Saharan Africa,Lower middle income
Senegal,SEN,Individuals using the Internet (% of population),IT.NET.USER.ZS,2009,7.5,Sub-Saharan Africa,Lower middle income
Senegal,SEN,Individuals using the Internet (% of population),IT.NET.USER.ZS,2010,8.0,Sub-Saharan Africa,Lower middle income
Senegal,SEN,Individuals using the Internet (% of population),IT.NET.USER.ZS,2011,9.800000191,Sub-Saharan Africa,Lower middle income
Senegal,SEN,Individuals using the Internet (% of population),IT.NET.USER.ZS,2012,10.80000019,Sub-Saharan Africa,Lower middle income
Senegal,SEN,Individuals using the Internet (% of population),IT.NET.USER.ZS,2013,13.10000038,Sub-Saharan Africa,Lower middle income
Senegal,SEN,Individuals using the Internet (% of population),IT.NET.USER.ZS,2014,17.70000076,Sub-Saharan Africa,Lower middle income
Senegal,SEN,Individuals using the Internet (% of population),IT.NET.USER.ZS,2015,21.70000076,Sub-Saharan Africa,Lower middle income
Senegal,SEN,Individuals using the Internet (% of population),IT.NET.USER.ZS,2016,25.66480064,Sub-Saharan Africa,Lower middle income
Senegal,SEN,Individuals using the Internet (% of population),IT.NET.USER.ZS,2017,29.64310074,Sub-Saharan Africa,Lower middle income
Senegal,SEN,Individuals using the Internet (% of population),IT.NET.USER.ZS,2018,35.29999924,Sub-Saharan Africa,Lower middle income
Senegal,SEN,Individuals using the Internet (% of population),IT.NET.USER.ZS,2019,43.37969971,Sub-Saharan Africa,Lower middle income
Senegal,SEN,Individuals using the Internet (% of population),IT.NET.USER.ZS,2020,53.30879974,Sub-Saharan Africa,Lower middle income
Senegal,SEN,Individuals using the Internet (% of population),IT.NET.USER.ZS,2021,55.04040146,Sub-Saharan Africa,Lower middle income
Senegal,SEN,Individuals using the Internet (% of population),IT.NET.USER.ZS,2022,56.82830048,Sub-Saharan Africa,Lower middle income
Senegal,SEN,Individuals using the Internet (% of population),IT.NET.USER.ZS,2023,59.18740082,Sub-Saharan Africa,Lower middle income
Senegal,SEN,Individuals using the Internet (% of population),IT.NET.USER.ZS,2024,60.11780167,Sub-Saharan Africa,Lower middle income
Seychelles,SYC,Mobile cellular subscriptions (per 100 people),IT.CEL.SETS.P2,2000,31.1589332437168,Sub-Saharan Africa,High income
Seychelles,SYC,Mobile cellular subscriptions (per 100 people),IT.CEL.SETS.P2,2001,43.3574450984564,Sub-Saharan Africa,High income
Seychelles,SYC,Mobile cellular subscriptions (per 100 people),IT.CEL.SETS.P2,2002,52.0994211304844,Sub-Saharan Africa,High income
Seychelles,SYC,Mobile cellular subscriptions (per 100 people),IT.CEL.SETS.P2,2003,56.5629524094032,Sub-Saharan Africa,High income
Seychelles,SYC,Mobile cellular subscriptions (per 100 people),IT.CEL.SETS.P2,2004,61.6736240301284,Sub-Saharan Africa,High income
Seychelles,SYC,Mobile cellular subscriptions (per 100 people),IT.CEL.SETS.P2,2005,65.8772657002666,Sub-Saharan Africa,High income
Seychelles,SYC,Mobile cellular subscriptions (per 100 people),IT.CEL.SETS.P2,2006,77.8329810894847,Sub-Saharan Africa,High income
Seychelles,SYC,Mobile cellular subscriptions (per 100 people),IT.CEL.SETS.P2,2007,84.4863777495955,Sub-Saharan Africa,High income
Seychelles,SYC,Mobile cellular subscriptions (per 100 people),IT.CEL.SETS.P2,2008,101.003814278151,Sub-Saharan Africa,High income
Seychelles,SYC,Mobile cellular subscriptions (per 100 people),IT.CEL.SETS.P2,2009,118.199683855257,Sub-Saharan Africa,High income
Seychelles,SYC,Mobile cellular subscriptions (per 100 people),IT.CEL.SETS.P2,2010,123.813585199693,Sub-Saharan Africa,High income
Seychelles,SYC,Mobile cellular subscriptions (per 100 people),IT.CEL.SETS.P2,2011,130.476995382586,Sub-Saharan Africa,High income
Seychelles,SYC,Mobile cellular subscriptions (per 100 people),IT.CEL.SETS.P2,2012,137.106577057151,Sub-Saharan Africa,High income
Seychelles,SYC,Mobile cellular subscriptions (per 100 people),IT.CEL.SETS.P2,2013,133.985679723389,Sub-Saharan Africa,High income
Seychelles,SYC,Mobile cellular subscriptions (per 100 people),IT.CEL.SETS.P2,2014,144.60603512527,Sub-Saharan Africa,High income
Seychelles,SYC,Mobile cellular subscriptions (per 100 people),IT.CEL.SETS.P2,2015,138.248624452112,Sub-Saharan Africa,High income
Seychelles,SYC,Mobile cellular subscriptions (per 100 people),IT.CEL.SETS.P2,2016,138.276832299833,Sub-Saharan Africa,High income
Seychelles,SYC,Mobile cellular subscriptions (per 100 people),IT.CEL.SETS.P2,2017,148.791660366282,Sub-Saharan Africa,High income
Seychelles,SYC,Mobile cellular subscriptions (per 100 people),IT.CEL.SETS.P2,2018,155.551112656467,Sub-Saharan Africa,High income
Seychelles,SYC,Mobile cellular subscriptions (per 100 people),IT.CEL.SETS.P2,2019,164.617084572886,Sub-Saharan Africa,High income
Seychelles,SYC,Mobile cellular subscriptions (per 100 people),IT.CEL.SETS.P2,2020,152.5450781854,Sub-Saharan Africa,High income
Seychelles,SYC,Mobile cellular subscriptions (per 100 people),IT.CEL.SETS.P2,2021,149.479213250181,Sub-Saharan Africa,High income
Seychelles,SYC,Mobile cellular subscriptions (per 100 people),IT.CEL.SETS.P2,2022,163.429518331448,Sub-Saharan Africa,High income
Seychelles,SYC,Mobile cellular subscriptions (per 100 people),IT.CEL.SETS.P2,2023,129.24400747161,Sub-Saharan Africa,High income
Seychelles,SYC,Mobile cellular subscriptions (per 100 people),IT.CEL.SETS.P2,2024,125.616862703001,Sub-Saharan Africa,High income
Seychelles,SYC,Fixed broadband subscriptions (per 100 people),IT.NET.BBND.P2,2004,0.395889105676301,Sub-Saharan Africa,High income
Seychelles,SYC,Fixed broadband subscriptions (per 100 people),IT.NET.BBND.P2,2005,1.06199448838304,Sub-Saharan Africa,High income
Seychelles,SYC,Fixed broadband subscriptions (per 100 people),IT.NET.BBND.P2,2006,2.73864981797661,Sub-Saharan Africa,High income
Seychelles,SYC,Fixed broadband subscriptions (per 100 people),IT.NET.BBND.P2,2007,3.81882188306293,Sub-Saharan Africa,High income
Seychelles,SYC,Fixed broadband subscriptions (per 100 people),IT.NET.BBND.P2,2008,3.69217802846121,Sub-Saharan Africa,High income
Seychelles,SYC,Fixed broadband subscriptions (per 100 people),IT.NET.BBND.P2,2009,4.86392959371128,Sub-Saharan Africa,High income
Seychelles,SYC,Fixed broadband subscriptions (per 100 people),IT.NET.BBND.P2,2010,7.15270977456276,Sub-Saharan Africa,High income
Seychelles,SYC,Fixed broadband subscriptions (per 100 people),IT.NET.BBND.P2,2011,9.7006926121372,Sub-Saharan Africa,High income
Seychelles,SYC,Fixed broadband subscriptions (per 100 people),IT.NET.BBND.P2,2012,10.6255588037331,Sub-Saharan Africa,High income
Seychelles,SYC,Fixed broadband subscriptions (per 100 people),IT.NET.BBND.P2,2013,12.1565631336135,Sub-Saharan Africa,High income
Seychelles,SYC,Fixed broadband subscriptions (per 100 people),IT.NET.BBND.P2,2014,11.3010491715558,Sub-Saharan Africa,High income
Seychelles,SYC,Fixed broadband subscriptions (per 100 people),IT.NET.BBND.P2,2015,12.5151543411359,Sub-Saharan Africa,High income
Seychelles,SYC,Fixed broadband subscriptions (per 100 people),IT.NET.BBND.P2,2016,12.7798872711048,Sub-Saharan Africa,High income
Seychelles,SYC,Fixed broadband subscriptions (per 100 people),IT.NET.BBND.P2,2017,13.5385628007507,Sub-Saharan Africa,High income
Seychelles,SYC,Fixed broadband subscriptions (per 100 people),IT.NET.BBND.P2,2018,17.114916550765,Sub-Saharan Africa,High income
Seychelles,SYC,Fixed broadband subscriptions (per 100 people),IT.NET.BBND.P2,2019,22.9273268168296,Sub-Saharan Africa,High income
Seychelles,SYC,Fixed broadband subscriptions (per 100 people),IT.NET.BBND.P2,2020,29.067843812089,Sub-Saharan Africa,High income
Seychelles,SYC,Fixed broadband subscriptions (per 100 people),IT.NET.BBND.P2,2021,33.5645230796751,Sub-Saharan Africa,High income
Seychelles,SYC,Fixed broadband subscriptions (per 100 people),IT.NET.BBND.P2,2022,29.8314239734867,Sub-Saharan Africa,High income
Seychelles,SYC,Fixed broadband subscriptions (per 100 people),IT.NET.BBND.P2,2023,30.7719361318005,Sub-Saharan Africa,High income
Seychelles,SYC,Fixed broadband subscriptions (per 100 people),IT.NET.BBND.P2,2024,31.5968654633563,Sub-Saharan Africa,High income
Seychelles,SYC,Secure Internet servers (per 1 million people),IT.NET.SECR.P6,2010,66.83747354350005,Sub-Saharan Africa,High income
Seychelles,SYC,Secure Internet servers (per 1 million people),IT.NET.SECR.P6,2011,160.10795850916617,Sub-Saharan Africa,High income
Seychelles,SYC,Secure Internet servers (per 1 million people),IT.NET.SECR.P6,2012,226.4928711368809,Sub-Saharan Africa,High income
Seychelles,SYC,Secure Internet servers (per 1 million people),IT.NET.SECR.P6,2013,355.75715127461115,Sub-Saharan Africa,High income
Seychelles,SYC,Secure Internet servers (per 1 million people),IT.NET.SECR.P6,2014,394.0498473056842,Sub-Saharan Africa,High income
Seychelles,SYC,Secure Internet servers (per 1 million people),IT.NET.SECR.P6,2015,1006.2192915788008,Sub-Saharan Africa,High income
Seychelles,SYC,Secure Internet servers (per 1 million people),IT.NET.SECR.P6,2016,30947.32617214318,Sub-Saharan Africa,High income
Seychelles,SYC,Secure Internet servers (per 1 million people),IT.NET.SECR.P6,2017,155191.30244253622,Sub-Saharan Africa,High income
Seychelles,SYC,Secure Internet servers (per 1 million people),IT.NET.SECR.P6,2018,264256.6296686716,Sub-Saharan Africa,High income
Seychelles,SYC,Secure Internet servers (per 1 million people),IT.NET.SECR.P6,2019,96419.97439180536,Sub-Saharan Africa,High income
Seychelles,SYC,Secure Internet servers (per 1 million people),IT.NET.SECR.P6,2020,61109.86979748533,Sub-Saharan Africa,High income
Seychelles,SYC,Secure Internet servers (per 1 million people),IT.NET.SECR.P6,2021,70372.161437869,Sub-Saharan Africa,High income
Seychelles,SYC,Secure Internet servers (per 1 million people),IT.NET.SECR.P6,2022,51769.29878710022,Sub-Saharan Africa,High income
Seychelles,SYC,Secure Internet servers (per 1 million people),IT.NET.SECR.P6,2023,52607.849849298254,Sub-Saharan Africa,High income
Seychelles,SYC,Secure Internet servers (per 1 million people),IT.NET.SECR.P6,2024,139583.36766814443,Sub-Saharan Africa,High income
Seychelles,SYC,Individuals using the Internet (% of population),IT.NET.USER.ZS,2000,7.39562918315276,Sub-Saharan Africa,High income
Seychelles,SYC,Individuals using the Internet (% of population),IT.NET.USER.ZS,2001,11.0151029300174,Sub-Saharan Africa,High income
Seychelles,SYC,Individuals using the Internet (% of population),IT.NET.USER.ZS,2002,14.3041708309972,Sub-Saharan Africa,High income
Seychelles,SYC,Individuals using the Internet (% of population),IT.NET.USER.ZS,2003,14.5925043169492,Sub-Saharan Africa,High income
Seychelles,SYC,Individuals using the Internet (% of population),IT.NET.USER.ZS,2004,24.2721392249906,Sub-Saharan Africa,High income
Seychelles,SYC,Individuals using the Internet (% of population),IT.NET.USER.ZS,2005,25.4132681462836,Sub-Saharan Africa,High income
Seychelles,SYC,Individuals using the Internet (% of population),IT.NET.USER.ZS,2006,34.95197117065,Sub-Saharan Africa,High income
Seychelles,SYC,Individuals using the Internet (% of population),IT.NET.USER.ZS,2007,38.38,Sub-Saharan Africa,High income
Seychelles,SYC,Individuals using the Internet (% of population),IT.NET.USER.ZS,2008,40.44,Sub-Saharan Africa,High income
Seychelles,SYC,Individuals using the Internet (% of population),IT.NET.USER.ZS,2010,41.0,Sub-Saharan Africa,High income
Seychelles,SYC,Individuals using the Internet (% of population),IT.NET.USER.ZS,2011,43.16400146,Sub-Saharan Africa,High income
Seychelles,SYC,Individuals using the Internet (% of population),IT.NET.USER.ZS,2012,47.07600021,Sub-Saharan Africa,High income
Seychelles,SYC,Individuals using the Internet (% of population),IT.NET.USER.ZS,2013,50.40000153,Sub-Saharan Africa,High income
Seychelles,SYC,Individuals using the Internet (% of population),IT.NET.USER.ZS,2014,51.25469971,Sub-Saharan Africa,High income
Seychelles,SYC,Individuals using the Internet (% of population),IT.NET.USER.ZS,2015,54.25960159,Sub-Saharan Africa,High income
Seychelles,SYC,Individuals using the Internet (% of population),IT.NET.USER.ZS,2016,56.51470184,Sub-Saharan Africa,High income
Seychelles,SYC,Individuals using the Internet (% of population),IT.NET.USER.ZS,2017,62.55310059,Sub-Saharan Africa,High income
Seychelles,SYC,Individuals using the Internet (% of population),IT.NET.USER.ZS,2018,69.23660278,Sub-Saharan Africa,High income
Seychelles,SYC,Individuals using the Internet (% of population),IT.NET.USER.ZS,2019,76.63420105,Sub-Saharan Africa,High income
Seychelles,SYC,Individuals using the Internet (% of population),IT.NET.USER.ZS,2020,79.25170135,Sub-Saharan Africa,High income
Seychelles,SYC,Individuals using the Internet (% of population),IT.NET.USER.ZS,2021,81.99530029,Sub-Saharan Africa,High income
Seychelles,SYC,Individuals using the Internet (% of population),IT.NET.USER.ZS,2022,84.83380127,Sub-Saharan Africa,High income
Seychelles,SYC,Individuals using the Internet (% of population),IT.NET.USER.ZS,2023,86.001297,Sub-Saharan Africa,High income
Seychelles,SYC,Individuals using the Internet (% of population),IT.NET.USER.ZS,2024,87.81800079,Sub-Saharan Africa,High income
Sierra Leone,SLE,Mobile cellular subscriptions (per 100 people),IT.CEL.SETS.P2,2000,0.269915234409174,Sub-Saharan Africa,Low income
Sierra Leone,SLE,Mobile cellular subscriptions (per 100 people),IT.CEL.SETS.P2,2001,0.573122260115464,Sub-Saharan Africa,Low income
Sierra Leone,SLE,Mobile cellular subscriptions (per 100 people),IT.CEL.SETS.P2,2002,1.34769940671054,Sub-Saharan Africa,Low income
Sierra Leone,SLE,Mobile cellular subscriptions (per 100 people),IT.CEL.SETS.P2,2003,2.18657481612929,Sub-Saharan Africa,Low income
Sierra Leone,SLE,Mobile cellular subscriptions (per 100 people),IT.CEL.SETS.P2,2007,13.4971732466546,Sub-Saharan Africa,Low income
Sierra Leone,SLE,Mobile cellular subscriptions (per 100 people),IT.CEL.SETS.P2,2008,17.113614518208,Sub-Saharan Africa,Low income
Sierra Leone,SLE,Mobile cellular subscriptions (per 100 people),IT.CEL.SETS.P2,2009,19.1556771977754,Sub-Saharan Africa,Low income
Sierra Leone,SLE,Mobile cellular subscriptions (per 100 people),IT.CEL.SETS.P2,2010,32.1403169099528,Sub-Saharan Africa,Low income
Sierra Leone,SLE,Mobile cellular subscriptions (per 100 people),IT.CEL.SETS.P2,2011,33.4572729332228,Sub-Saharan Africa,Low income
Sierra Leone,SLE,Mobile cellular subscriptions (per 100 people),IT.CEL.SETS.P2,2012,33.7348956202641,Sub-Saharan Africa,Low income
Sierra Leone,SLE,Mobile cellular subscriptions (per 100 people),IT.CEL.SETS.P2,2013,59.5765507292095,Sub-Saharan Africa,Low income
Sierra Leone,SLE,Mobile cellular subscriptions (per 100 people),IT.CEL.SETS.P2,2014,69.1758823858757,Sub-Saharan Africa,Low income
Sierra Leone,SLE,Mobile cellular subscriptions (per 100 people),IT.CEL.SETS.P2,2015,80.3818885694169,Sub-Saharan Africa,Low income
Sierra Leone,SLE,Mobile cellular subscriptions (per 100 people),IT.CEL.SETS.P2,2016,87.1475941136892,Sub-Saharan Africa,Low income
Sierra Leone,SLE,Mobile cellular subscriptions (per 100 people),IT.CEL.SETS.P2,2017,89.7781754066341,Sub-Saharan Africa,Low income
Sierra Leone,SLE,Mobile cellular subscriptions (per 100 people),IT.CEL.SETS.P2,2018,84.1233437327877,Sub-Saharan Africa,Low income
Sierra Leone,SLE,Mobile cellular subscriptions (per 100 people),IT.CEL.SETS.P2,2019,87.0384355077496,Sub-Saharan Africa,Low income
Sierra Leone,SLE,Mobile cellular subscriptions (per 100 people),IT.CEL.SETS.P2,2020,87.0034823125467,Sub-Saharan Africa,Low income
Sierra Leone,SLE,Mobile cellular subscriptions (per 100 people),IT.CEL.SETS.P2,2021,101.636782141976,Sub-Saharan Africa,Low income
Sierra Leone,SLE,Mobile cellular subscriptions (per 100 people),IT.CEL.SETS.P2,2022,107.882000873042,Sub-Saharan Africa,Low income
Sierra Leone,SLE,Fixed broadband subscriptions (per 100 people),IT.NET.BBND.P2,2019,0.002224524058551,Sub-Saharan Africa,Low income
Sierra Leone,SLE,Fixed broadband subscriptions (per 100 people),IT.NET.BBND.P2,2020,0.002274864841433,Sub-Saharan Africa,Low income
Sierra Leone,SLE,Fixed broadband subscriptions (per 100 people),IT.NET.BBND.P2,2021,0.0022731197902009,Sub-Saharan Africa,Low income
Sierra Leone,SLE,Secure Internet servers (per 1 million people),IT.NET.SECR.P6,2010,0.4821047536492919,Sub-Saharan Africa,Low income
Sierra Leone,SLE,Secure Internet servers (per 1 million people),IT.NET.SECR.P6,2011,0.6262475045993965,Sub-Saharan Africa,Low income
Sierra Leone,SLE,Secure Internet servers (per 1 million people),IT.NET.SECR.P6,2012,1.3738192786532908,Sub-Saharan Africa,Low income
Sierra Leone,SLE,Secure Internet servers (per 1 million people),IT.NET.SECR.P6,2013,1.0425896377611668,Sub-Saharan Africa,Low income
Sierra Leone,SLE,Secure Internet servers (per 1 million people),IT.NET.SECR.P6,2014,0.7271262443856764,Sub-Saharan Africa,Low income
Sierra Leone,SLE,Secure Internet servers (per 1 million people),IT.NET.SECR.P6,2015,0.9946494961745068,Sub-Saharan Africa,Low income
Sierra Leone,SLE,Secure Internet servers (per 1 million people),IT.NET.SECR.P6,2016,1.5266480582146988,Sub-Saharan Africa,Low income
Sierra Leone,SLE,Secure Internet servers (per 1 million people),IT.NET.SECR.P6,2017,1.8971991784043445,Sub-Saharan Africa,Low income
Sierra Leone,SLE,Secure Internet servers (per 1 million people),IT.NET.SECR.P6,2019,5.302644558173955,Sub-Saharan Africa,Low income
Sierra Leone,SLE,Secure Internet servers (per 1 million people),IT.NET.SECR.P6,2020,6.571831764139991,Sub-Saharan Africa,Low income
Sierra Leone,SLE,Secure Internet servers (per 1 million people),IT.NET.SECR.P6,2021,10.130207760678042,Sub-Saharan Africa,Low income
Sierra Leone,SLE,Secure Internet servers (per 1 million people),IT.NET.SECR.P6,2022,11.35703659635896,Sub-Saharan Africa,Low income
Sierra Leone,SLE,Secure Internet servers (per 1 million people),IT.NET.SECR.P6,2023,13.356165678861988,Sub-Saharan Africa,Low income
Sierra Leone,SLE,Secure Internet servers (per 1 million people),IT.NET.SECR.P6,2024,11.339938731931024,Sub-Saharan Africa,Low income
Sierra Leone,SLE,Individuals using the Internet (% of population),IT.NET.USER.ZS,2000,0.118254245682183,Sub-Saharan Africa,Low income
Sierra Leone,SLE,Individuals using the Internet (% of population),IT.NET.USER.ZS,2001,0.160264445493032,Sub-Saharan Africa,Low income
Sierra Leone,SLE,Individuals using the Internet (% of population),IT.NET.USER.ZS,2002,0.176198956814076,Sub-Saharan Africa,Low income
Sierra Leone,SLE,Individuals using the Internet (% of population),IT.NET.USER.ZS,2003,0.190173281668183,Sub-Saharan Africa,Low income
Sierra Leone,SLE,Individuals using the Internet (% of population),IT.NET.USER.ZS,2004,0.203007680592588,Sub-Saharan Africa,Low income
Sierra Leone,SLE,Individuals using the Internet (% of population),IT.NET.USER.ZS,2005,0.215399995,Sub-Saharan Africa,Low income
Sierra Leone,SLE,Individuals using the Internet (% of population),IT.NET.USER.ZS,2006,0.227699995,Sub-Saharan Africa,Low income
Sierra Leone,SLE,Individuals using the Internet (% of population),IT.NET.USER.ZS,2007,0.239800006,Sub-Saharan Africa,Low income
Sierra Leone,SLE,Individuals using the Internet (% of population),IT.NET.USER.ZS,2008,0.25,Sub-Saharan Africa,Low income
Sierra Leone,SLE,Individuals using the Internet (% of population),IT.NET.USER.ZS,2009,0.25999999,Sub-Saharan Africa,Low income
Sierra Leone,SLE,Individuals using the Internet (% of population),IT.NET.USER.ZS,2010,0.579999983,Sub-Saharan Africa,Low income
Sierra Leone,SLE,Individuals using the Internet (% of population),IT.NET.USER.ZS,2011,0.899999976,Sub-Saharan Africa,Low income
Sierra Leone,SLE,Individuals using the Internet (% of population),IT.NET.USER.ZS,2012,2.5,Sub-Saharan Africa,Low income
Sierra Leone,SLE,Individuals using the Internet (% of population),IT.NET.USER.ZS,2013,4.0,Sub-Saharan Africa,Low income
Sierra Leone,SLE,Individuals using the Internet (% of population),IT.NET.USER.ZS,2014,6.057300091,Sub-Saharan Africa,Low income
Sierra Leone,SLE,Individuals using the Internet (% of population),IT.NET.USER.ZS,2015,6.344399929,Sub-Saharan Africa,Low income
Sierra Leone,SLE,Individuals using the Internet (% of population),IT.NET.USER.ZS,2016,7.680099964,Sub-Saharan Africa,Low income
Sierra Leone,SLE,Individuals using the Internet (% of population),IT.NET.USER.ZS,2017,9.297100067,Sub-Saharan Africa,Low income
Sierra Leone,SLE,Individuals using the Internet (% of population),IT.NET.USER.ZS,2018,14.42230034,Sub-Saharan Africa,Low income
Sierra Leone,SLE,Individuals using the Internet (% of population),IT.NET.USER.ZS,2019,15.71370029,Sub-Saharan Africa,Low income
Sierra Leone,SLE,Individuals using the Internet (% of population),IT.NET.USER.ZS,2020,17.12080002,Sub-Saharan Africa,Low income
Sierra Leone,SLE,Individuals using the Internet (% of population),IT.NET.USER.ZS,2021,18.65390015,Sub-Saharan Africa,Low income
Sierra Leone,SLE,Individuals using the Internet (% of population),IT.NET.USER.ZS,2022,21.50880051,Sub-Saharan Africa,Low income
Sierra Leone,SLE,Individuals using the Internet (% of population),IT.NET.USER.ZS,2023,23.71360016,Sub-Saharan Africa,Low income
Sierra Leone,SLE,Individuals using the Internet (% of population),IT.NET.USER.ZS,2024,25.10499954,Sub-Saharan Africa,Low income
Somalia,SOM,Mobile cellular subscriptions (per 100 people),IT.CEL.SETS.P2,2000,0.905109148809335,Sub-Saharan Africa,Low income
Somalia,SOM,Mobile cellular subscriptions (per 100 people),IT.CEL.SETS.P2,2001,0.924064409246167,Sub-Saharan Africa,Low income
Somalia,SOM,Mobile cellular subscriptions (per 100 people),IT.CEL.SETS.P2,2002,1.04711351118836,Sub-Saharan Africa,Low income
Somalia,SOM,Mobile cellular subscriptions (per 100 people),IT.CEL.SETS.P2,2003,2.01833516211319,Sub-Saharan Africa,Low income
Somalia,SOM,Mobile cellular subscriptions (per 100 people),IT.CEL.SETS.P2,2004,4.86334108809281,Sub-Saharan Africa,Low income
Somalia,SOM,Mobile cellular subscriptions (per 100 people),IT.CEL.SETS.P2,2005,4.6973815292194,Sub-Saharan Africa,Low income
Somalia,SOM,Mobile cellular subscriptions (per 100 people),IT.CEL.SETS.P2,2006,5.01116030956944,Sub-Saharan Africa,Low income
Somalia,SOM,Mobile cellular subscriptions (per 100 people),IT.CEL.SETS.P2,2007,5.29914466505961,Sub-Saharan Africa,Low income
Somalia,SOM,Mobile cellular subscriptions (per 100 people),IT.CEL.SETS.P2,2008,5.37593658761268,Sub-Saharan Africa,Low income
Somalia,SOM,Mobile cellular subscriptions (per 100 people),IT.CEL.SETS.P2,2009,5.35899363283001,Sub-Saharan Africa,Low income
Somalia,SOM,Mobile cellular subscriptions (per 100 people),IT.CEL.SETS.P2,2010,5.28635539640489,Sub-Saharan Africa,Low income
Somalia,SOM,Mobile cellular subscriptions (per 100 people),IT.CEL.SETS.P2,2011,14.5762796961332,Sub-Saharan Africa,Low income
Somalia,SOM,Mobile cellular subscriptions (per 100 people),IT.CEL.SETS.P2,2012,18.457350680033,Sub-Saharan Africa,Low income
Somalia,SOM,Mobile cellular subscriptions (per 100 people),IT.CEL.SETS.P2,2013,40.2732207402969,Sub-Saharan Africa,Low income
Somalia,SOM,Mobile cellular subscriptions (per 100 people),IT.CEL.SETS.P2,2014,41.2309585125849,Sub-Saharan Africa,Low income
Somalia,SOM,Mobile cellular subscriptions (per 100 people),IT.CEL.SETS.P2,2015,42.2685278435236,Sub-Saharan Africa,Low income
Somalia,SOM,Mobile cellular subscriptions (per 100 people),IT.CEL.SETS.P2,2016,46.366719307758,Sub-Saharan Africa,Low income
Somalia,SOM,Mobile cellular subscriptions (per 100 people),IT.CEL.SETS.P2,2017,47.725260177752,Sub-Saharan Africa,Low income
Somalia,SOM,Mobile cellular subscriptions (per 100 people),IT.CEL.SETS.P2,2018,49.5262671956948,Sub-Saharan Africa,Low income
Somalia,SOM,Mobile cellular subscriptions (per 100 people),IT.CEL.SETS.P2,2019,51.3194116563494,Sub-Saharan Africa,Low income
Somalia,SOM,Mobile cellular subscriptions (per 100 people),IT.CEL.SETS.P2,2020,53.1133178401473,Sub-Saharan Africa,Low income
Somalia,SOM,Mobile cellular subscriptions (per 100 people),IT.CEL.SETS.P2,2021,51.2059481348129,Sub-Saharan Africa,Low income
Somalia,SOM,Mobile cellular subscriptions (per 100 people),IT.CEL.SETS.P2,2022,49.6800986995936,Sub-Saharan Africa,Low income
Somalia,SOM,Mobile cellular subscriptions (per 100 people),IT.CEL.SETS.P2,2023,53.9579646939598,Sub-Saharan Africa,Low income
Somalia,SOM,Fixed broadband subscriptions (per 100 people),IT.NET.BBND.P2,2012,0.320997403131009,Sub-Saharan Africa,Low income
Somalia,SOM,Fixed broadband subscriptions (per 100 people),IT.NET.BBND.P2,2013,0.466215173532281,Sub-Saharan Africa,Low income
Somalia,SOM,Fixed broadband subscriptions (per 100 people),IT.NET.BBND.P2,2014,0.524757653796535,Sub-Saharan Africa,Low income
Somalia,SOM,Fixed broadband subscriptions (per 100 people),IT.NET.BBND.P2,2015,0.593903235635527,Sub-Saharan Africa,Low income
Somalia,SOM,Fixed broadband subscriptions (per 100 people),IT.NET.BBND.P2,2016,0.641171280544494,Sub-Saharan Africa,Low income
Somalia,SOM,Fixed broadband subscriptions (per 100 people),IT.NET.BBND.P2,2017,0.656984899202092,Sub-Saharan Africa,Low income
Somalia,SOM,Fixed broadband subscriptions (per 100 people),IT.NET.BBND.P2,2019,0.611316681940227,Sub-Saharan Africa,Low income
Somalia,SOM,Fixed broadband subscriptions (per 100 people),IT.NET.BBND.P2,2020,0.714663593733325,Sub-Saharan Africa,Low income
Somalia,SOM,Fixed broadband subscriptions (per 100 people),IT.NET.BBND.P2,2021,0.68899907598855,Sub-Saharan Africa,Low income
Somalia,SOM,Fixed broadband subscriptions (per 100 people),IT.NET.BBND.P2,2022,0.668468085170923,Sub-Saharan Africa,Low income
Somalia,SOM,Fixed broadband subscriptions (per 100 people),IT.NET.BBND.P2,2023,0.722963033976147,Sub-Saharan Africa,Low income
Somalia,SOM,Secure Internet servers (per 1 million people),IT.NET.SECR.P6,2010,0.0,Sub-Saharan Africa,Low income
Somalia,SOM,Secure Internet servers (per 1 million people),IT.NET.SECR.P6,2011,0.0,Sub-Saharan Africa,Low income
Somalia,SOM,Secure Internet servers (per 1 million people),IT.NET.SECR.P6,2012,0.2407480523482565,Sub-Saharan Africa,Low income
Somalia,SOM,Secure Internet servers (per 1 million people),IT.NET.SECR.P6,2013,0.1554050578440936,Sub-Saharan Africa,Low income
Somalia,SOM,Secure Internet servers (per 1 million people),IT.NET.SECR.P6,2014,0.299861516455163,Sub-Saharan Africa,Low income
Somalia,SOM,Secure Internet servers (per 1 million people),IT.NET.SECR.P6,2015,0.5069905670059376,Sub-Saharan Africa,Low income
Somalia,SOM,Secure Internet servers (per 1 million people),IT.NET.SECR.P6,2016,0.7666178354336338,Sub-Saharan Africa,Low income
Somalia,SOM,Secure Internet servers (per 1 million people),IT.NET.SECR.P6,2017,25.340846112080687,Sub-Saharan Africa,Low income
Somalia,SOM,Secure Internet servers (per 1 million people),IT.NET.SECR.P6,2018,4.206442626355226,Sub-Saharan Africa,Low income
Somalia,SOM,Secure Internet servers (per 1 million people),IT.NET.SECR.P6,2019,8.234061430215299,Sub-Saharan Africa,Low income
Somalia,SOM,Secure Internet servers (per 1 million people),IT.NET.SECR.P6,2020,4.263959256728242,Sub-Saharan Africa,Low income
Somalia,SOM,Secure Internet servers (per 1 million people),IT.NET.SECR.P6,2021,5.268816463441853,Sub-Saharan Africa,Low income
Somalia,SOM,Secure Internet servers (per 1 million people),IT.NET.SECR.P6,2022,5.617378866982548,Sub-Saharan Africa,Low income
Somalia,SOM,Secure Internet servers (per 1 million people),IT.NET.SECR.P6,2023,10.077012890133595,Sub-Saharan Africa,Low income
Somalia,SOM,Secure Internet servers (per 1 million people),IT.NET.SECR.P6,2024,13.99326040389705,Sub-Saharan Africa,Low income
Somalia,SOM,Individuals using the Internet (% of population),IT.NET.USER.ZS,2000,0.02,Sub-Saharan Africa,Low income
Somalia,SOM,Individuals using the Internet (% of population),IT.NET.USER.ZS,2001,0.0790391786670095,Sub-Saharan Africa,Low income
Somalia,SOM,Individuals using the Internet (% of population),IT.NET.USER.ZS,2002,0.115614213354469,Sub-Saharan Africa,Low income
Somalia,SOM,Individuals using the Internet (% of population),IT.NET.USER.ZS,2003,0.376198002539086,Sub-Saharan Africa,Low income
Somalia,SOM,Individuals using the Internet (% of population),IT.NET.USER.ZS,2004,1.05345474358422,Sub-Saharan Africa,Low income
Somalia,SOM,Individuals using the Internet (% of population),IT.NET.USER.ZS,2005,1.077299953,Sub-Saharan Africa,Low income
Somalia,SOM,Individuals using the Internet (% of population),IT.NET.USER.ZS,2006,1.100200057,Sub-Saharan Africa,Low income
Somalia,SOM,Individuals using the Internet (% of population),IT.NET.USER.ZS,2007,1.122200012,Sub-Saharan Africa,Low income
Somalia,SOM,Individuals using the Internet (% of population),IT.NET.USER.ZS,2008,1.142699957,Sub-Saharan Africa,Low income
Somalia,SOM,Individuals using the Internet (% of population),IT.NET.USER.ZS,2009,1.160599947,Sub-Saharan Africa,Low income
Somalia,SOM,Individuals using the Internet (% of population),IT.NET.USER.ZS,2011,1.25,Sub-Saharan Africa,Low income
Somalia,SOM,Individuals using the Internet (% of population),IT.NET.USER.ZS,2012,1.376700044,Sub-Saharan Africa,Low income
Somalia,SOM,Individuals using the Internet (% of population),IT.NET.USER.ZS,2013,1.5,Sub-Saharan Africa,Low income
Somalia,SOM,Individuals using the Internet (% of population),IT.NET.USER.ZS,2014,1.629999995,Sub-Saharan Africa,Low income
Somalia,SOM,Individuals using the Internet (% of population),IT.NET.USER.ZS,2015,1.75999999,Sub-Saharan Africa,Low income
Somalia,SOM,Individuals using the Internet (% of population),IT.NET.USER.ZS,2016,1.879999995,Sub-Saharan Africa,Low income
Somalia,SOM,Individuals using the Internet (% of population),IT.NET.USER.ZS,2019,2.731400013,Sub-Saharan Africa,Low income
Somalia,SOM,Individuals using the Internet (% of population),IT.NET.USER.ZS,2020,15.02369976,Sub-Saharan Africa,Low income
Somalia,SOM,Individuals using the Internet (% of population),IT.NET.USER.ZS,2021,23.87479973,Sub-Saharan Africa,Low income
Somalia,SOM,Individuals using the Internet (% of population),IT.NET.USER.ZS,2022,27.6,Sub-Saharan Africa,Low income
Somalia,SOM,Individuals using the Internet (% of population),IT.NET.USER.ZS,2023,26.12010002,Sub-Saharan Africa,Low income
Somalia,SOM,Individuals using the Internet (% of population),IT.NET.USER.ZS,2024,27.94020081,Sub-Saharan Africa,Low income
South Africa,ZAF,Mobile cellular subscriptions (per 100 people),IT.CEL.SETS.P2,2000,17.6824632903347,Sub-Saharan Africa,Upper middle income
South Africa,ZAF,Mobile cellular subscriptions (per 100 people),IT.CEL.SETS.P2,2001,22.6775818427979,Sub-Saharan Africa,Upper middle income
South Africa,ZAF,Mobile cellular subscriptions (per 100 people),IT.CEL.SETS.P2,2002,28.5342918067619,Sub-Saharan Africa,Upper middle income
South Africa,ZAF,Mobile cellular subscriptions (per 100 people),IT.CEL.SETS.P2,2003,34.762637167057,Sub-Saharan Africa,Upper middle income
South Africa,ZAF,Mobile cellular subscriptions (per 100 people),IT.CEL.SETS.P2,2004,42.5360187041727,Sub-Saharan Africa,Upper middle income
South Africa,ZAF,Mobile cellular subscriptions (per 100 people),IT.CEL.SETS.P2,2005,68.6197925954101,Sub-Saharan Africa,Upper middle income
South Africa,ZAF,Mobile cellular subscriptions (per 100 people),IT.CEL.SETS.P2,2006,79.3267335992398,Sub-Saharan Africa,Upper middle income
South Africa,ZAF,Mobile cellular subscriptions (per 100 people),IT.CEL.SETS.P2,2007,83.7149918944889,Sub-Saharan Africa,Upper middle income
South Africa,ZAF,Mobile cellular subscriptions (per 100 people),IT.CEL.SETS.P2,2008,88.0374704690533,Sub-Saharan Africa,Upper middle income
South Africa,ZAF,Mobile cellular subscriptions (per 100 people),IT.CEL.SETS.P2,2009,89.7686684071896,Sub-Saharan Africa,Upper middle income
South Africa,ZAF,Mobile cellular subscriptions (per 100 people),IT.CEL.SETS.P2,2010,96.2325212467793,Sub-Saharan Africa,Upper middle income
South Africa,ZAF,Mobile cellular subscriptions (per 100 people),IT.CEL.SETS.P2,2011,120.765642853915,Sub-Saharan Africa,Upper middle income
South Africa,ZAF,Mobile cellular subscriptions (per 100 people),IT.CEL.SETS.P2,2012,127.16760060932,Sub-Saharan Africa,Upper middle income
South Africa,ZAF,Mobile cellular subscriptions (per 100 people),IT.CEL.SETS.P2,2013,140.576037974212,Sub-Saharan Africa,Upper middle income
South Africa,ZAF,Mobile cellular subscriptions (per 100 people),IT.CEL.SETS.P2,2014,142.60448245213,Sub-Saharan Africa,Upper middle income
South Africa,ZAF,Mobile cellular subscriptions (per 100 people),IT.CEL.SETS.P2,2015,155.137526067883,Sub-Saharan Africa,Upper middle income
South Africa,ZAF,Mobile cellular subscriptions (per 100 people),IT.CEL.SETS.P2,2016,143.92861725374,Sub-Saharan Africa,Upper middle income
South Africa,ZAF,Mobile cellular subscriptions (per 100 people),IT.CEL.SETS.P2,2017,153.547950468153,Sub-Saharan Africa,Upper middle income
South Africa,ZAF,Mobile cellular subscriptions (per 100 people),IT.CEL.SETS.P2,2018,157.691905248121,Sub-Saharan Africa,Upper middle income
South Africa,ZAF,Mobile cellular subscriptions (per 100 people),IT.CEL.SETS.P2,2019,162.73854828041,Sub-Saharan Africa,Upper middle income
South Africa,ZAF,Mobile cellular subscriptions (per 100 people),IT.CEL.SETS.P2,2020,158.447269436121,Sub-Saharan Africa,Upper middle income
South Africa,ZAF,Mobile cellular subscriptions (per 100 people),IT.CEL.SETS.P2,2021,163.12806305125,Sub-Saharan Africa,Upper middle income
South Africa,ZAF,Mobile cellular subscriptions (per 100 people),IT.CEL.SETS.P2,2022,160.728511675754,Sub-Saharan Africa,Upper middle income
South Africa,ZAF,Mobile cellular subscriptions (per 100 people),IT.CEL.SETS.P2,2023,171.508619260428,Sub-Saharan Africa,Upper middle income
South Africa,ZAF,Mobile cellular subscriptions (per 100 people),IT.CEL.SETS.P2,2024,179.336329840585,Sub-Saharan Africa,Upper middle income
South Africa,ZAF,Fixed broadband subscriptions (per 100 people),IT.NET.BBND.P2,2002,0.0055581685033022,Sub-Saharan Africa,Upper middle income
South Africa,ZAF,Fixed broadband subscriptions (per 100 people),IT.NET.BBND.P2,2003,0.0418821737114134,Sub-Saharan Africa,Upper middle income
South Africa,ZAF,Fixed broadband subscriptions (per 100 people),IT.NET.BBND.P2,2004,0.122470421913257,Sub-Saharan Africa,Upper middle income
South Africa,ZAF,Fixed broadband subscriptions (per 100 people),IT.NET.BBND.P2,2005,0.333986441269902,Sub-Saharan Africa,Upper middle income
South Africa,ZAF,Fixed broadband subscriptions (per 100 people),IT.NET.BBND.P2,2006,0.670247096714953,Sub-Saharan Africa,Upper middle income
South Africa,ZAF,Fixed broadband subscriptions (per 100 people),IT.NET.BBND.P2,2007,0.748091416929475,Sub-Saharan Africa,Upper middle income
South Africa,ZAF,Fixed broadband subscriptions (per 100 people),IT.NET.BBND.P2,2008,0.833421387107038,Sub-Saharan Africa,Upper middle income
South Africa,ZAF,Fixed broadband subscriptions (per 100 people),IT.NET.BBND.P2,2009,0.929854627958011,Sub-Saharan Africa,Upper middle income
South Africa,ZAF,Fixed broadband subscriptions (per 100 people),IT.NET.BBND.P2,2010,1.41945452406807,Sub-Saharan Africa,Upper middle income
South Africa,ZAF,Fixed broadband subscriptions (per 100 people),IT.NET.BBND.P2,2011,1.71147559482032,Sub-Saharan Africa,Upper middle income
South Africa,ZAF,Fixed broadband subscriptions (per 100 people),IT.NET.BBND.P2,2012,2.0586596396561,Sub-Saharan Africa,Upper middle income
South Africa,ZAF,Fixed broadband subscriptions (per 100 people),IT.NET.BBND.P2,2013,2.95399728205402,Sub-Saharan Africa,Upper middle income
South Africa,ZAF,Fixed broadband subscriptions (per 100 people),IT.NET.BBND.P2,2014,3.06919322257941,Sub-Saharan Africa,Upper middle income
South Africa,ZAF,Fixed broadband subscriptions (per 100 people),IT.NET.BBND.P2,2015,2.48458942184794,Sub-Saharan Africa,Upper middle income
South Africa,ZAF,Fixed broadband subscriptions (per 100 people),IT.NET.BBND.P2,2016,2.00974331775672,Sub-Saharan Africa,Upper middle income
South Africa,ZAF,Fixed broadband subscriptions (per 100 people),IT.NET.BBND.P2,2017,1.94879126044618,Sub-Saharan Africa,Upper middle income
South Africa,ZAF,Fixed broadband subscriptions (per 100 people),IT.NET.BBND.P2,2018,1.88868165955195,Sub-Saharan Africa,Upper middle income
South Africa,ZAF,Fixed broadband subscriptions (per 100 people),IT.NET.BBND.P2,2019,2.09833928490665,Sub-Saharan Africa,Upper middle income
South Africa,ZAF,Fixed broadband subscriptions (per 100 people),IT.NET.BBND.P2,2020,2.15159473337087,Sub-Saharan Africa,Upper middle income
South Africa,ZAF,Fixed broadband subscriptions (per 100 people),IT.NET.BBND.P2,2021,2.75540858002384,Sub-Saharan Africa,Upper middle income
South Africa,ZAF,Fixed broadband subscriptions (per 100 people),IT.NET.BBND.P2,2022,3.12297476001713,Sub-Saharan Africa,Upper middle income
South Africa,ZAF,Fixed broadband subscriptions (per 100 people),IT.NET.BBND.P2,2023,3.4056617766544,Sub-Saharan Africa,Upper middle income
South Africa,ZAF,Fixed broadband subscriptions (per 100 people),IT.NET.BBND.P2,2024,5.34791194620067,Sub-Saharan Africa,Upper middle income
South Africa,ZAF,Secure Internet servers (per 1 million people),IT.NET.SECR.P6,2010,50.95134879797515,Sub-Saharan Africa,Upper middle income
South Africa,ZAF,Secure Internet servers (per 1 million people),IT.NET.SECR.P6,2011,80.78089329025144,Sub-Saharan Africa,Upper middle income
South Africa,ZAF,Secure Internet servers (per 1 million people),IT.NET.SECR.P6,2012,140.1755330867714,Sub-Saharan Africa,Upper middle income
South Africa,ZAF,Secure Internet servers (per 1 million people),IT.NET.SECR.P6,2013,170.0476515656683,Sub-Saharan Africa,Upper middle income
South Africa,ZAF,Secure Internet servers (per 1 million people),IT.NET.SECR.P6,2014,217.6820804838032,Sub-Saharan Africa,Upper middle income
South Africa,ZAF,Secure Internet servers (per 1 million people),IT.NET.SECR.P6,2015,266.3268336034828,Sub-Saharan Africa,Upper middle income
South Africa,ZAF,Secure Internet servers (per 1 million people),IT.NET.SECR.P6,2016,900.7230950867915,Sub-Saharan Africa,Upper middle income
South Africa,ZAF,Secure Internet servers (per 1 million people),IT.NET.SECR.P6,2017,9326.841139094917,Sub-Saharan Africa,Upper middle income
South Africa,ZAF,Secure Internet servers (per 1 million people),IT.NET.SECR.P6,2018,11863.170084056948,Sub-Saharan Africa,Upper middle income
South Africa,ZAF,Secure Internet servers (per 1 million people),IT.NET.SECR.P6,2019,14105.098712599043,Sub-Saharan Africa,Upper middle income
South Africa,ZAF,Secure Internet servers (per 1 million people),IT.NET.SECR.P6,2020,14123.272333034594,Sub-Saharan Africa,Upper middle income
South Africa,ZAF,Secure Internet servers (per 1 million people),IT.NET.SECR.P6,2021,16057.580522242286,Sub-Saharan Africa,Upper middle income
South Africa,ZAF,Secure Internet servers (per 1 million people),IT.NET.SECR.P6,2022,14989.946040625277,Sub-Saharan Africa,Upper middle income
South Africa,ZAF,Secure Internet servers (per 1 million people),IT.NET.SECR.P6,2023,14786.99173883396,Sub-Saharan Africa,Upper middle income
South Africa,ZAF,Secure Internet servers (per 1 million people),IT.NET.SECR.P6,2024,16658.238706850218,Sub-Saharan Africa,Upper middle income
South Africa,ZAF,Individuals using the Internet (% of population),IT.NET.USER.ZS,2000,5.34855973203537,Sub-Saharan Africa,Upper middle income
South Africa,ZAF,Individuals using the Internet (% of population),IT.NET.USER.ZS,2001,6.34661931839768,Sub-Saharan Africa,Upper middle income
South Africa,ZAF,Individuals using the Internet (% of population),IT.NET.USER.ZS,2002,6.71032243705404,Sub-Saharan Africa,Upper middle income
South Africa,ZAF,Individuals using the Internet (% of population),IT.NET.USER.ZS,2003,7.00769172611251,Sub-Saharan Africa,Upper middle income
South Africa,ZAF,Individuals using the Internet (% of population),IT.NET.USER.ZS,2004,8.4251186825406,Sub-Saharan Africa,Upper middle income
South Africa,ZAF,Individuals using the Internet (% of population),IT.NET.USER.ZS,2005,7.48854252992921,Sub-Saharan Africa,Upper middle income
South Africa,ZAF,Individuals using the Internet (% of population),IT.NET.USER.ZS,2006,7.60713967477381,Sub-Saharan Africa,Upper middle income
South Africa,ZAF,Individuals using the Internet (% of population),IT.NET.USER.ZS,2007,8.06537517355504,Sub-Saharan Africa,Upper middle income
South Africa,ZAF,Individuals using the Internet (% of population),IT.NET.USER.ZS,2008,8.43,Sub-Saharan Africa,Upper middle income
South Africa,ZAF,Individuals using the Internet (% of population),IT.NET.USER.ZS,2009,10.0,Sub-Saharan Africa,Upper middle income
South Africa,ZAF,Individuals using the Internet (% of population),IT.NET.USER.ZS,2010,24.0,Sub-Saharan Africa,Upper middle income
South Africa,ZAF,Individuals using the Internet (% of population),IT.NET.USER.ZS,2011,33.97,Sub-Saharan Africa,Upper middle income
South Africa,ZAF,Individuals using the Internet (% of population),IT.NET.USER.ZS,2012,41.0,Sub-Saharan Africa,Upper middle income
South Africa,ZAF,Individuals using the Internet (% of population),IT.NET.USER.ZS,2013,46.5,Sub-Saharan Africa,Upper middle income
South Africa,ZAF,Individuals using the Internet (% of population),IT.NET.USER.ZS,2014,49.0,Sub-Saharan Africa,Upper middle income
South Africa,ZAF,Individuals using the Internet (% of population),IT.NET.USER.ZS,2015,51.91910172,Sub-Saharan Africa,Upper middle income
South Africa,ZAF,Individuals using the Internet (% of population),IT.NET.USER.ZS,2016,54.0,Sub-Saharan Africa,Upper middle income
South Africa,ZAF,Individuals using the Internet (% of population),IT.NET.USER.ZS,2017,56.16740036,Sub-Saharan Africa,Upper middle income
South Africa,ZAF,Individuals using the Internet (% of population),IT.NET.USER.ZS,2018,62.40000153,Sub-Saharan Africa,Upper middle income
South Africa,ZAF,Individuals using the Internet (% of population),IT.NET.USER.ZS,2019,69.69689941,Sub-Saharan Africa,Upper middle income
South Africa,ZAF,Individuals using the Internet (% of population),IT.NET.USER.ZS,2020,72.1128006,Sub-Saharan Africa,Upper middle income
South Africa,ZAF,Individuals using the Internet (% of population),IT.NET.USER.ZS,2021,74.96859741,Sub-Saharan Africa,Upper middle income
South Africa,ZAF,Individuals using the Internet (% of population),IT.NET.USER.ZS,2022,78.29319763,Sub-Saharan Africa,Upper middle income
South Africa,ZAF,Individuals using the Internet (% of population),IT.NET.USER.ZS,2023,78.33670044,Sub-Saharan Africa,Upper middle income
South Africa,ZAF,Individuals using the Internet (% of population),IT.NET.USER.ZS,2024,78.35759735,Sub-Saharan Africa,Upper middle income
South Sudan,SSD,Mobile cellular subscriptions (per 100 people),IT.CEL.SETS.P2,2010,15.3910038351303,Sub-Saharan Africa,Low income
South Sudan,SSD,Mobile cellular subscriptions (per 100 people),IT.CEL.SETS.P2,2011,17.4959266080871,Sub-Saharan Africa,Low income
South Sudan,SSD,Mobile cellular subscriptions (per 100 people),IT.CEL.SETS.P2,2012,21.3829367883201,Sub-Saharan Africa,Low income
South Sudan,SSD,Mobile cellular subscriptions (per 100 people),IT.CEL.SETS.P2,2013,25.5521917559795,Sub-Saharan Africa,Low income
South Sudan,SSD,Mobile cellular subscriptions (per 100 people),IT.CEL.SETS.P2,2014,25.599272919722,Sub-Saharan Africa,Low income
South Sudan,SSD,Mobile cellular subscriptions (per 100 people),IT.CEL.SETS.P2,2015,26.0993389998038,Sub-Saharan Africa,Low income
South Sudan,SSD,Mobile cellular subscriptions (per 100 people),IT.CEL.SETS.P2,2016,24.930513119821,Sub-Saharan Africa,Low income
South Sudan,SSD,Mobile cellular subscriptions (per 100 people),IT.CEL.SETS.P2,2017,27.1848244017002,Sub-Saharan Africa,Low income
South Sudan,SSD,Mobile cellular subscriptions (per 100 people),IT.CEL.SETS.P2,2018,18.9297575209348,Sub-Saharan Africa,Low income
South Sudan,SSD,Mobile cellular subscriptions (per 100 people),IT.CEL.SETS.P2,2019,21.3171365460584,Sub-Saharan Africa,Low income
South Sudan,SSD,Mobile cellular subscriptions (per 100 people),IT.CEL.SETS.P2,2021,30.151042999214,Sub-Saharan Africa,Low income
South Sudan,SSD,Mobile cellular subscriptions (per 100 people),IT.CEL.SETS.P2,2022,48.4888320004297,Sub-Saharan Africa,Low income
South Sudan,SSD,Mobile cellular subscriptions (per 100 people),IT.CEL.SETS.P2,2023,46.6152369503945,Sub-Saharan Africa,Low income
South Sudan,SSD,Fixed broadband subscriptions (per 100 people),IT.NET.BBND.P2,2010,2.05213384468404e-05,Sub-Saharan Africa,Low income
South Sudan,SSD,Fixed broadband subscriptions (per 100 people),IT.NET.BBND.P2,2011,3.88798369068601e-05,Sub-Saharan Africa,Low income
South Sudan,SSD,Fixed broadband subscriptions (per 100 people),IT.NET.BBND.P2,2012,0.0001580477936528,Sub-Saharan Africa,Low income
South Sudan,SSD,Fixed broadband subscriptions (per 100 people),IT.NET.BBND.P2,2013,0.000895553799275,Sub-Saharan Africa,Low income
South Sudan,SSD,Fixed broadband subscriptions (per 100 people),IT.NET.BBND.P2,2014,0.0008900698731552,Sub-Saharan Africa,Low income
South Sudan,SSD,Fixed broadband subscriptions (per 100 people),IT.NET.BBND.P2,2015,0.001350431476361,Sub-Saharan Africa,Low income
South Sudan,SSD,Fixed broadband subscriptions (per 100 people),IT.NET.BBND.P2,2016,0.0013850285066567,Sub-Saharan Africa,Low income
South Sudan,SSD,Fixed broadband subscriptions (per 100 people),IT.NET.BBND.P2,2017,0.001949478485263,Sub-Saharan Africa,Low income
South Sudan,SSD,Fixed broadband subscriptions (per 100 people),IT.NET.BBND.P2,2018,0.0019757033923913,Sub-Saharan Africa,Low income
South Sudan,SSD,Fixed broadband subscriptions (per 100 people),IT.NET.BBND.P2,2019,0.0019187626590366,Sub-Saharan Africa,Low income
South Sudan,SSD,Fixed broadband subscriptions (per 100 people),IT.NET.BBND.P2,2021,0.0018406409848165,Sub-Saharan Africa,Low income
South Sudan,SSD,Fixed broadband subscriptions (per 100 people),IT.NET.BBND.P2,2022,0.0018146882134276,Sub-Saharan Africa,Low income
South Sudan,SSD,Fixed broadband subscriptions (per 100 people),IT.NET.BBND.P2,2023,0.0017416484040317,Sub-Saharan Africa,Low income
South Sudan,SSD,Secure Internet servers (per 1 million people),IT.NET.SECR.P6,2015,0.0,Sub-Saharan Africa,Low income
South Sudan,SSD,Secure Internet servers (per 1 million people),IT.NET.SECR.P6,2016,0.0923352337771149,Sub-Saharan Africa,Low income
South Sudan,SSD,Secure Internet servers (per 1 million people),IT.NET.SECR.P6,2017,0.1949478485263015,Sub-Saharan Africa,Low income
South Sudan,SSD,Secure Internet servers (per 1 million people),IT.NET.SECR.P6,2018,1.4817775442935417,Sub-Saharan Africa,Low income
South Sudan,SSD,Secure Internet servers (per 1 million people),IT.NET.SECR.P6,2019,3.6456490521696217,Sub-Saharan Africa,Low income
South Sudan,SSD,Secure Internet servers (per 1 million people),IT.NET.SECR.P6,2020,4.2996814403409385,Sub-Saharan Africa,Low income
South Sudan,SSD,Secure Internet servers (per 1 million people),IT.NET.SECR.P6,2021,4.049410166596416,Sub-Saharan Africa,Low income
South Sudan,SSD,Secure Internet servers (per 1 million people),IT.NET.SECR.P6,2022,5.262595818940209,Sub-Saharan Africa,Low income
South Sudan,SSD,Secure Internet servers (per 1 million people),IT.NET.SECR.P6,2023,3.831626488869909,Sub-Saharan Africa,Low income
South Sudan,SSD,Secure Internet servers (per 1 million people),IT.NET.SECR.P6,2024,5.274876316709602,Sub-Saharan Africa,Low income
South Sudan,SSD,Individuals using the Internet (% of population),IT.NET.USER.ZS,2012,1.5,Sub-Saharan Africa,Low income
South Sudan,SSD,Individuals using the Internet (% of population),IT.NET.USER.ZS,2013,2.200000048,Sub-Saharan Africa,Low income
South Sudan,SSD,Individuals using the Internet (% of population),IT.NET.USER.ZS,2014,2.599999905,Sub-Saharan Africa,Low income
South Sudan,SSD,Individuals using the Internet (% of population),IT.NET.USER.ZS,2015,3.0,Sub-Saharan Africa,Low income
South Sudan,SSD,Individuals using the Internet (% of population),IT.NET.USER.ZS,2016,3.5,Sub-Saharan Africa,Low income
South Sudan,SSD,Individuals using the Internet (% of population),IT.NET.USER.ZS,2017,4.1,Sub-Saharan Africa,Low income
South Sudan,SSD,Individuals using the Internet (% of population),IT.NET.USER.ZS,2018,4.800000191,Sub-Saharan Africa,Low income
South Sudan,SSD,Individuals using the Internet (% of population),IT.NET.USER.ZS,2019,6.671000004,Sub-Saharan Africa,Low income
Sudan,SDN,Mobile cellular subscriptions (per 100 people),IT.CEL.SETS.P2,2000,0.0826840092181885,Sub-Saharan Africa,Low income
Sudan,SDN,Mobile cellular subscriptions (per 100 people),IT.CEL.SETS.P2,2001,0.364157651795768,Sub-Saharan Africa,Low income
Sudan,SDN,Mobile cellular subscriptions (per 100 people),IT.CEL.SETS.P2,2002,0.652707180849854,Sub-Saharan Africa,Low income
Sudan,SDN,Mobile cellular subscriptions (per 100 people),IT.CEL.SETS.P2,2003,1.76355493295348,Sub-Saharan Africa,Low income
Sudan,SDN,Mobile cellular subscriptions (per 100 people),IT.CEL.SETS.P2,2004,3.43152291268178,Sub-Saharan Africa,Low income
Sudan,SDN,Mobile cellular subscriptions (per 100 people),IT.CEL.SETS.P2,2005,5.84707964610828,Sub-Saharan Africa,Low income
Sudan,SDN,Mobile cellular subscriptions (per 100 people),IT.CEL.SETS.P2,2006,14.6382324446389,Sub-Saharan Africa,Low income
Sudan,SDN,Mobile cellular subscriptions (per 100 people),IT.CEL.SETS.P2,2007,25.0825849667632,Sub-Saharan Africa,Low income
Sudan,SDN,Mobile cellular subscriptions (per 100 people),IT.CEL.SETS.P2,2008,35.6634431735922,Sub-Saharan Africa,Low income
Sudan,SDN,Mobile cellular subscriptions (per 100 people),IT.CEL.SETS.P2,2009,44.3745692867503,Sub-Saharan Africa,Low income
Sudan,SDN,Mobile cellular subscriptions (per 100 people),IT.CEL.SETS.P2,2010,51.0900410875249,Sub-Saharan Africa,Low income
Sudan,SDN,Mobile cellular subscriptions (per 100 people),IT.CEL.SETS.P2,2011,69.3293475524591,Sub-Saharan Africa,Low income
Sudan,SDN,Mobile cellular subscriptions (per 100 people),IT.CEL.SETS.P2,2012,74.908489729676,Sub-Saharan Africa,Low income
Sudan,SDN,Mobile cellular subscriptions (per 100 people),IT.CEL.SETS.P2,2013,73.1963836514564,Sub-Saharan Africa,Low income
Sudan,SDN,Mobile cellular subscriptions (per 100 people),IT.CEL.SETS.P2,2014,71.597721245773,Sub-Saharan Africa,Low income
Sudan,SDN,Mobile cellular subscriptions (per 100 people),IT.CEL.SETS.P2,2015,69.8036331859409,Sub-Saharan Africa,Low income
Sudan,SDN,Mobile cellular subscriptions (per 100 people),IT.CEL.SETS.P2,2016,67.3954575547604,Sub-Saharan Africa,Low income
Sudan,SDN,Mobile cellular subscriptions (per 100 people),IT.CEL.SETS.P2,2017,67.0598253428254,Sub-Saharan Africa,Low income
Sudan,SDN,Mobile cellular subscriptions (per 100 people),IT.CEL.SETS.P2,2018,68.0533719238149,Sub-Saharan Africa,Low income
Sudan,SDN,Mobile cellular subscriptions (per 100 people),IT.CEL.SETS.P2,2019,72.4818502607404,Sub-Saharan Africa,Low income
Sudan,SDN,Mobile cellular subscriptions (per 100 people),IT.CEL.SETS.P2,2020,75.2207425678785,Sub-Saharan Africa,Low income
Sudan,SDN,Mobile cellular subscriptions (per 100 people),IT.CEL.SETS.P2,2021,71.767230205952,Sub-Saharan Africa,Low income
Sudan,SDN,Mobile cellular subscriptions (per 100 people),IT.CEL.SETS.P2,2022,70.2084038614961,Sub-Saharan Africa,Low income
Sudan,SDN,Fixed broadband subscriptions (per 100 people),IT.NET.BBND.P2,2004,0.0025951808767437,Sub-Saharan Africa,Low income
Sudan,SDN,Fixed broadband subscriptions (per 100 people),IT.NET.BBND.P2,2005,0.0040591836006167,Sub-Saharan Africa,Low income
Sudan,SDN,Fixed broadband subscriptions (per 100 people),IT.NET.BBND.P2,2006,0.006454650919819,Sub-Saharan Africa,Low income
Sudan,SDN,Fixed broadband subscriptions (per 100 people),IT.NET.BBND.P2,2007,0.129715006973326,Sub-Saharan Africa,Low income
Sudan,SDN,Fixed broadband subscriptions (per 100 people),IT.NET.BBND.P2,2008,0.132717780583976,Sub-Saharan Africa,Low income
Sudan,SDN,Fixed broadband subscriptions (per 100 people),IT.NET.BBND.P2,2010,0.038120087820776,Sub-Saharan Africa,Low income
Sudan,SDN,Fixed broadband subscriptions (per 100 people),IT.NET.BBND.P2,2011,0.0482280334312411,Sub-Saharan Africa,Low income
Sudan,SDN,Fixed broadband subscriptions (per 100 people),IT.NET.BBND.P2,2012,0.0671366912133078,Sub-Saharan Africa,Low income
Sudan,SDN,Fixed broadband subscriptions (per 100 people),IT.NET.BBND.P2,2013,0.068033405839313,Sub-Saharan Africa,Low income
Sudan,SDN,Fixed broadband subscriptions (per 100 people),IT.NET.BBND.P2,2014,0.0532180170690202,Sub-Saharan Africa,Low income
Sudan,SDN,Fixed broadband subscriptions (per 100 people),IT.NET.BBND.P2,2015,0.0701896299287803,Sub-Saharan Africa,Low income
Sudan,SDN,Fixed broadband subscriptions (per 100 people),IT.NET.BBND.P2,2016,0.0639264882225092,Sub-Saharan Africa,Low income
Sudan,SDN,Fixed broadband subscriptions (per 100 people),IT.NET.BBND.P2,2017,0.071519364027593,Sub-Saharan Africa,Low income
Sudan,SDN,Fixed broadband subscriptions (per 100 people),IT.NET.BBND.P2,2018,0.070883060223742,Sub-Saharan Africa,Low income
Sudan,SDN,Fixed broadband subscriptions (per 100 people),IT.NET.BBND.P2,2019,0.0719282386176834,Sub-Saharan Africa,Low income
Sudan,SDN,Fixed broadband subscriptions (per 100 people),IT.NET.BBND.P2,2020,0.0615141548276354,Sub-Saharan Africa,Low income
Sudan,SDN,Fixed broadband subscriptions (per 100 people),IT.NET.BBND.P2,2021,0.0632992450276202,Sub-Saharan Africa,Low income
Sudan,SDN,Fixed broadband subscriptions (per 100 people),IT.NET.BBND.P2,2022,0.0604394040047428,Sub-Saharan Africa,Low income
Sudan,SDN,Secure Internet servers (per 1 million people),IT.NET.SECR.P6,2010,0.2258968167157093,Sub-Saharan Africa,Low income
Sudan,SDN,Secure Internet servers (per 1 million people),IT.NET.SECR.P6,2011,0.3320346535713674,Sub-Saharan Africa,Low income
Sudan,SDN,Secure Internet servers (per 1 million people),IT.NET.SECR.P6,2012,0.4333321470865807,Sub-Saharan Africa,Low income
Sudan,SDN,Secure Internet servers (per 1 million people),IT.NET.SECR.P6,2013,0.3705090760300238,Sub-Saharan Africa,Low income
Sudan,SDN,Secure Internet servers (per 1 million people),IT.NET.SECR.P6,2014,0.5666697524410459,Sub-Saharan Africa,Low income
Sudan,SDN,Secure Internet servers (per 1 million people),IT.NET.SECR.P6,2015,0.7245574584183345,Sub-Saharan Africa,Low income
Sudan,SDN,Secure Internet servers (per 1 million people),IT.NET.SECR.P6,2016,1.260303832108916,Sub-Saharan Africa,Low income
Sudan,SDN,Secure Internet servers (per 1 million people),IT.NET.SECR.P6,2017,1.849497449402549,Sub-Saharan Africa,Low income
Sudan,SDN,Secure Internet servers (per 1 million people),IT.NET.SECR.P6,2018,4.363495350593964,Sub-Saharan Africa,Low income
Sudan,SDN,Secure Internet servers (per 1 million people),IT.NET.SECR.P6,2019,4.039678867484811,Sub-Saharan Africa,Low income
Sudan,SDN,Secure Internet servers (per 1 million people),IT.NET.SECR.P6,2020,6.0270278859680335,Sub-Saharan Africa,Low income
Sudan,SDN,Secure Internet servers (per 1 million people),IT.NET.SECR.P6,2021,8.508969702325865,Sub-Saharan Africa,Low income
Sudan,SDN,Secure Internet servers (per 1 million people),IT.NET.SECR.P6,2022,9.456629366507489,Sub-Saharan Africa,Low income
Sudan,SDN,Secure Internet servers (per 1 million people),IT.NET.SECR.P6,2023,2.138170111255385,Sub-Saharan Africa,Low income
Sudan,SDN,Secure Internet servers (per 1 million people),IT.NET.SECR.P6,2024,2.398463571986604,Sub-Saharan Africa,Low income
Sudan,SDN,Individuals using the Internet (% of population),IT.NET.USER.ZS,2000,0.0257850324762484,Sub-Saharan Africa,Low income
Sudan,SDN,Individuals using the Internet (% of population),IT.NET.USER.ZS,2001,0.140185224494161,Sub-Saharan Africa,Low income
Sudan,SDN,Individuals using the Internet (% of population),IT.NET.USER.ZS,2002,0.439477639075583,Sub-Saharan Africa,Low income
Sudan,SDN,Individuals using the Internet (% of population),IT.NET.USER.ZS,2003,0.538471703150458,Sub-Saharan Africa,Low income
Sudan,SDN,Individuals using the Internet (% of population),IT.NET.USER.ZS,2004,0.791561615446385,Sub-Saharan Africa,Low income
Sudan,SDN,Individuals using the Internet (% of population),IT.NET.USER.ZS,2007,8.66,Sub-Saharan Africa,Low income
Sudan,SDN,Individuals using the Internet (% of population),IT.NET.USER.ZS,2015,12.0,Sub-Saharan Africa,Low income
Sudan,SDN,Individuals using the Internet (% of population),IT.NET.USER.ZS,2016,14.0999999446534,Sub-Saharan Africa,Low income
Sudan,SDN,Individuals using the Internet (% of population),IT.NET.USER.ZS,2017,18.60000038,Sub-Saharan Africa,Low income
Tanzania,TZA,Mobile cellular subscriptions (per 100 people),IT.CEL.SETS.P2,2000,0.322584797452223,Sub-Saharan Africa,Lower middle income
Tanzania,TZA,Mobile cellular subscriptions (per 100 people),IT.CEL.SETS.P2,2001,0.782878740816424,Sub-Saharan Africa,Lower middle income
Tanzania,TZA,Mobile cellular subscriptions (per 100 people),IT.CEL.SETS.P2,2002,1.68005839434811,Sub-Saharan Africa,Lower middle income
Tanzania,TZA,Mobile cellular subscriptions (per 100 people),IT.CEL.SETS.P2,2003,3.49963756642537,Sub-Saharan Africa,Lower middle income
Tanzania,TZA,Mobile cellular subscriptions (per 100 people),IT.CEL.SETS.P2,2004,5.09581977990467,Sub-Saharan Africa,Lower middle income
Tanzania,TZA,Mobile cellular subscriptions (per 100 people),IT.CEL.SETS.P2,2005,7.56468340268647,Sub-Saharan Africa,Lower middle income
Tanzania,TZA,Mobile cellular subscriptions (per 100 people),IT.CEL.SETS.P2,2006,13.9198750253816,Sub-Saharan Africa,Lower middle income
Tanzania,TZA,Mobile cellular subscriptions (per 100 people),IT.CEL.SETS.P2,2007,19.9152842614808,Sub-Saharan Africa,Lower middle income
Tanzania,TZA,Mobile cellular subscriptions (per 100 people),IT.CEL.SETS.P2,2008,30.5533722608643,Sub-Saharan Africa,Lower middle income
Tanzania,TZA,Mobile cellular subscriptions (per 100 people),IT.CEL.SETS.P2,2009,40.036423904653,Sub-Saharan Africa,Lower middle income
Tanzania,TZA,Mobile cellular subscriptions (per 100 people),IT.CEL.SETS.P2,2010,46.8823991552172,Sub-Saharan Africa,Lower middle income
Tanzania,TZA,Mobile cellular subscriptions (per 100 people),IT.CEL.SETS.P2,2011,55.7610427273527,Sub-Saharan Africa,Lower middle income
Tanzania,TZA,Mobile cellular subscriptions (per 100 people),IT.CEL.SETS.P2,2012,57.4558483868666,Sub-Saharan Africa,Lower middle income
Tanzania,TZA,Mobile cellular subscriptions (per 100 people),IT.CEL.SETS.P2,2013,56.2075025692215,Sub-Saharan Africa,Lower middle income
Tanzania,TZA,Mobile cellular subscriptions (per 100 people),IT.CEL.SETS.P2,2014,63.2804353521698,Sub-Saharan Africa,Lower middle income
Tanzania,TZA,Mobile cellular subscriptions (per 100 people),IT.CEL.SETS.P2,2015,76.2492627491202,Sub-Saharan Africa,Lower middle income
Tanzania,TZA,Mobile cellular subscriptions (per 100 people),IT.CEL.SETS.P2,2016,74.3983656514054,Sub-Saharan Africa,Lower middle income
Tanzania,TZA,Mobile cellular subscriptions (per 100 people),IT.CEL.SETS.P2,2017,71.7911684370749,Sub-Saharan Africa,Lower middle income
Tanzania,TZA,Mobile cellular subscriptions (per 100 people),IT.CEL.SETS.P2,2018,75.7301934140355,Sub-Saharan Africa,Lower middle income
Tanzania,TZA,Mobile cellular subscriptions (per 100 people),IT.CEL.SETS.P2,2019,80.5835569684446,Sub-Saharan Africa,Lower middle income
Tanzania,TZA,Mobile cellular subscriptions (per 100 people),IT.CEL.SETS.P2,2020,84.0050558283384,Sub-Saharan Africa,Lower middle income
Tanzania,TZA,Mobile cellular subscriptions (per 100 people),IT.CEL.SETS.P2,2021,86.0162814148027,Sub-Saharan Africa,Lower middle income
Tanzania,TZA,Mobile cellular subscriptions (per 100 people),IT.CEL.SETS.P2,2022,93.0159746238635,Sub-Saharan Africa,Lower middle income
Tanzania,TZA,Mobile cellular subscriptions (per 100 people),IT.CEL.SETS.P2,2023,105.40028112088,Sub-Saharan Africa,Lower middle income
Tanzania,TZA,Mobile cellular subscriptions (per 100 people),IT.CEL.SETS.P2,2024,126.559163217786,Sub-Saharan Africa,Lower middle income
Tanzania,TZA,Fixed broadband subscriptions (per 100 people),IT.NET.BBND.P2,2005,0.0066076131341279,Sub-Saharan Africa,Lower middle income
Tanzania,TZA,Fixed broadband subscriptions (per 100 people),IT.NET.BBND.P2,2006,0.0074401471431795,Sub-Saharan Africa,Lower middle income
Tanzania,TZA,Fixed broadband subscriptions (per 100 people),IT.NET.BBND.P2,2007,0.0081910415394408,Sub-Saharan Africa,Lower middle income
Tanzania,TZA,Fixed broadband subscriptions (per 100 people),IT.NET.BBND.P2,2008,0.0150854831517093,Sub-Saharan Africa,Lower middle income
Tanzania,TZA,Fixed broadband subscriptions (per 100 people),IT.NET.BBND.P2,2009,0.0159210772924644,Sub-Saharan Africa,Lower middle income
Tanzania,TZA,Fixed broadband subscriptions (per 100 people),IT.NET.BBND.P2,2010,0.0168772457192924,Sub-Saharan Africa,Lower middle income
Tanzania,TZA,Fixed broadband subscriptions (per 100 people),IT.NET.BBND.P2,2011,0.0614129670738248,Sub-Saharan Africa,Lower middle income
Tanzania,TZA,Fixed broadband subscriptions (per 100 people),IT.NET.BBND.P2,2012,0.0872309140026673,Sub-Saharan Africa,Lower middle income
Tanzania,TZA,Fixed broadband subscriptions (per 100 people),IT.NET.BBND.P2,2013,0.11556786021862,Sub-Saharan Africa,Lower middle income
Tanzania,TZA,Fixed broadband subscriptions (per 100 people),IT.NET.BBND.P2,2014,0.168018787598672,Sub-Saharan Africa,Lower middle income
Tanzania,TZA,Fixed broadband subscriptions (per 100 people),IT.NET.BBND.P2,2015,0.203764013437506,Sub-Saharan Africa,Lower middle income
Tanzania,TZA,Fixed broadband subscriptions (per 100 people),IT.NET.BBND.P2,2016,0.591695,Sub-Saharan Africa,Lower middle income
Tanzania,TZA,Fixed broadband subscriptions (per 100 people),IT.NET.BBND.P2,2017,1.37184,Sub-Saharan Africa,Lower middle income
Tanzania,TZA,Fixed broadband subscriptions (per 100 people),IT.NET.BBND.P2,2018,1.49944,Sub-Saharan Africa,Lower middle income
Tanzania,TZA,Fixed broadband subscriptions (per 100 people),IT.NET.BBND.P2,2019,1.75692,Sub-Saharan Africa,Lower middle income
Tanzania,TZA,Fixed broadband subscriptions (per 100 people),IT.NET.BBND.P2,2020,1.86248,Sub-Saharan Africa,Lower middle income
Tanzania,TZA,Fixed broadband subscriptions (per 100 people),IT.NET.BBND.P2,2021,1.97842,Sub-Saharan Africa,Lower middle income
Tanzania,TZA,Fixed broadband subscriptions (per 100 people),IT.NET.BBND.P2,2022,0.110774196881278,Sub-Saharan Africa,Lower middle income
Tanzania,TZA,Fixed broadband subscriptions (per 100 people),IT.NET.BBND.P2,2023,0.10501728326893,Sub-Saharan Africa,Lower middle income
Tanzania,TZA,Fixed broadband subscriptions (per 100 people),IT.NET.BBND.P2,2024,0.246433216306666,Sub-Saharan Africa,Lower middle income
Tanzania,TZA,Secure Internet servers (per 1 million people),IT.NET.SECR.P6,2010,0.4915268808901676,Sub-Saharan Africa,Lower middle income
Tanzania,TZA,Secure Internet servers (per 1 million people),IT.NET.SECR.P6,2011,0.5865820401136518,Sub-Saharan Africa,Lower middle income
Tanzania,TZA,Secure Internet servers (per 1 million people),IT.NET.SECR.P6,2012,0.9709914202353768,Sub-Saharan Africa,Lower middle income
Tanzania,TZA,Secure Internet servers (per 1 million people),IT.NET.SECR.P6,2013,1.6385341280442325,Sub-Saharan Africa,Lower middle income
Tanzania,TZA,Secure Internet servers (per 1 million people),IT.NET.SECR.P6,2014,2.303803707026712,Sub-Saharan Africa,Lower middle income
Tanzania,TZA,Secure Internet servers (per 1 million people),IT.NET.SECR.P6,2015,3.248690402918731,Sub-Saharan Africa,Lower middle income
Tanzania,TZA,Secure Internet servers (per 1 million people),IT.NET.SECR.P6,2016,5.573720413600524,Sub-Saharan Africa,Lower middle income
Tanzania,TZA,Secure Internet servers (per 1 million people),IT.NET.SECR.P6,2017,22.29893182546315,Sub-Saharan Africa,Lower middle income
Tanzania,TZA,Secure Internet servers (per 1 million people),IT.NET.SECR.P6,2018,26.75968661046784,Sub-Saharan Africa,Lower middle income
Tanzania,TZA,Secure Internet servers (per 1 million people),IT.NET.SECR.P6,2019,38.32706679594898,Sub-Saharan Africa,Lower middle income
Tanzania,TZA,Secure Internet servers (per 1 million people),IT.NET.SECR.P6,2020,37.41012508561605,Sub-Saharan Africa,Lower middle income
Tanzania,TZA,Secure Internet servers (per 1 million people),IT.NET.SECR.P6,2021,35.874346964333135,Sub-Saharan Africa,Lower middle income
Tanzania,TZA,Secure Internet servers (per 1 million people),IT.NET.SECR.P6,2022,43.93324057439212,Sub-Saharan Africa,Lower middle income
Tanzania,TZA,Secure Internet servers (per 1 million people),IT.NET.SECR.P6,2023,52.5836968683624,Sub-Saharan Africa,Lower middle income
Tanzania,TZA,Secure Internet servers (per 1 million people),IT.NET.SECR.P6,2024,52.4065310993964,Sub-Saharan Africa,Lower middle income
Tanzania,TZA,Individuals using the Internet (% of population),IT.NET.USER.ZS,2000,0.11719444010825,Sub-Saharan Africa,Lower middle income
Tanzania,TZA,Individuals using the Internet (% of population),IT.NET.USER.ZS,2001,0.171300350668948,Sub-Saharan Africa,Lower middle income
Tanzania,TZA,Individuals using the Internet (% of population),IT.NET.USER.ZS,2002,0.222484413923909,Sub-Saharan Africa,Lower middle income
Tanzania,TZA,Individuals using the Internet (% of population),IT.NET.USER.ZS,2003,0.676962856510303,Sub-Saharan Africa,Lower middle income
Tanzania,TZA,Individuals using the Internet (% of population),IT.NET.USER.ZS,2004,0.87757497099259,Sub-Saharan Africa,Lower middle income
Tanzania,TZA,Individuals using the Internet (% of population),IT.NET.USER.ZS,2005,1.100000024,Sub-Saharan Africa,Lower middle income
Tanzania,TZA,Individuals using the Internet (% of population),IT.NET.USER.ZS,2006,1.299999952,Sub-Saharan Africa,Lower middle income
Tanzania,TZA,Individuals using the Internet (% of population),IT.NET.USER.ZS,2007,1.6,Sub-Saharan Africa,Lower middle income
Tanzania,TZA,Individuals using the Internet (% of population),IT.NET.USER.ZS,2008,1.899999976,Sub-Saharan Africa,Lower middle income
Tanzania,TZA,Individuals using the Internet (% of population),IT.NET.USER.ZS,2009,2.400000095,Sub-Saharan Africa,Lower middle income
Tanzania,TZA,Individuals using the Internet (% of population),IT.NET.USER.ZS,2010,2.900000095,Sub-Saharan Africa,Lower middle income
Tanzania,TZA,Individuals using the Internet (% of population),IT.NET.USER.ZS,2011,3.200000048,Sub-Saharan Africa,Lower middle income
Tanzania,TZA,Individuals using the Internet (% of population),IT.NET.USER.ZS,2012,3.950000048,Sub-Saharan Africa,Lower middle income
Tanzania,TZA,Individuals using the Internet (% of population),IT.NET.USER.ZS,2013,4.400000095,Sub-Saharan Africa,Lower middle income
Tanzania,TZA,Individuals using the Internet (% of population),IT.NET.USER.ZS,2014,7.0,Sub-Saharan Africa,Lower middle income
Tanzania,TZA,Individuals using the Internet (% of population),IT.NET.USER.ZS,2015,10.0,Sub-Saharan Africa,Lower middle income
Tanzania,TZA,Individuals using the Internet (% of population),IT.NET.USER.ZS,2016,13.5042328468919,Sub-Saharan Africa,Lower middle income
Tanzania,TZA,Individuals using the Internet (% of population),IT.NET.USER.ZS,2017,14.46339989,Sub-Saharan Africa,Lower middle income
Tanzania,TZA,Individuals using the Internet (% of population),IT.NET.USER.ZS,2018,15.49069977,Sub-Saharan Africa,Lower middle income
Tanzania,TZA,Individuals using the Internet (% of population),IT.NET.USER.ZS,2019,16.59090042,Sub-Saharan Africa,Lower middle income
Tanzania,TZA,Individuals using the Internet (% of population),IT.NET.USER.ZS,2020,19.48139954,Sub-Saharan Africa,Lower middle income
Tanzania,TZA,Individuals using the Internet (% of population),IT.NET.USER.ZS,2021,22.87540054,Sub-Saharan Africa,Lower middle income
Tanzania,TZA,Individuals using the Internet (% of population),IT.NET.USER.ZS,2022,26.86059952,Sub-Saharan Africa,Lower middle income
Tanzania,TZA,Individuals using the Internet (% of population),IT.NET.USER.ZS,2023,28.43190002,Sub-Saharan Africa,Lower middle income
Tanzania,TZA,Individuals using the Internet (% of population),IT.NET.USER.ZS,2024,31.16209984,Sub-Saharan Africa,Lower middle income
Togo,TGO,Mobile cellular subscriptions (per 100 people),IT.CEL.SETS.P2,2000,0.97275564358778,Sub-Saharan Africa,Lower middle income
Togo,TGO,Mobile cellular subscriptions (per 100 people),IT.CEL.SETS.P2,2001,1.80013499117555,Sub-Saharan Africa,Lower middle income
Togo,TGO,Mobile cellular subscriptions (per 100 people),IT.CEL.SETS.P2,2002,3.05061225424761,Sub-Saharan Africa,Lower middle income
Togo,TGO,Mobile cellular subscriptions (per 100 people),IT.CEL.SETS.P2,2003,4.38771023998378,Sub-Saharan Africa,Lower middle income
Togo,TGO,Mobile cellular subscriptions (per 100 people),IT.CEL.SETS.P2,2004,5.83805025815816,Sub-Saharan Africa,Lower middle income
Togo,TGO,Mobile cellular subscriptions (per 100 people),IT.CEL.SETS.P2,2005,7.41937343863111,Sub-Saharan Africa,Lower middle income
Togo,TGO,Mobile cellular subscriptions (per 100 people),IT.CEL.SETS.P2,2006,11.7790568369439,Sub-Saharan Africa,Lower middle income
Togo,TGO,Mobile cellular subscriptions (per 100 people),IT.CEL.SETS.P2,2007,19.2348550759298,Sub-Saharan Africa,Lower middle income
Togo,TGO,Mobile cellular subscriptions (per 100 people),IT.CEL.SETS.P2,2008,24.3301576494957,Sub-Saharan Africa,Lower middle income
Togo,TGO,Mobile cellular subscriptions (per 100 people),IT.CEL.SETS.P2,2009,33.384906435038,Sub-Saharan Africa,Lower middle income
Togo,TGO,Mobile cellular subscriptions (per 100 people),IT.CEL.SETS.P2,2010,38.6520343582485,Sub-Saharan Africa,Lower middle income
Togo,TGO,Mobile cellular subscriptions (per 100 people),IT.CEL.SETS.P2,2011,38.9697843149559,Sub-Saharan Africa,Lower middle income
Togo,TGO,Mobile cellular subscriptions (per 100 people),IT.CEL.SETS.P2,2012,46.6464180614517,Sub-Saharan Africa,Lower middle income
Togo,TGO,Mobile cellular subscriptions (per 100 people),IT.CEL.SETS.P2,2013,58.5138554393817,Sub-Saharan Africa,Lower middle income
Togo,TGO,Mobile cellular subscriptions (per 100 people),IT.CEL.SETS.P2,2014,60.4368580586019,Sub-Saharan Africa,Lower middle income
Togo,TGO,Mobile cellular subscriptions (per 100 people),IT.CEL.SETS.P2,2015,63.3574638254671,Sub-Saharan Africa,Lower middle income
Togo,TGO,Mobile cellular subscriptions (per 100 people),IT.CEL.SETS.P2,2016,70.0588130571426,Sub-Saharan Africa,Lower middle income
Togo,TGO,Mobile cellular subscriptions (per 100 people),IT.CEL.SETS.P2,2017,75.3357270694068,Sub-Saharan Africa,Lower middle income
Togo,TGO,Mobile cellular subscriptions (per 100 people),IT.CEL.SETS.P2,2018,74.3997114343066,Sub-Saharan Africa,Lower middle income
Togo,TGO,Mobile cellular subscriptions (per 100 people),IT.CEL.SETS.P2,2019,73.7224727486533,Sub-Saharan Africa,Lower middle income
Togo,TGO,Mobile cellular subscriptions (per 100 people),IT.CEL.SETS.P2,2020,75.164019137873,Sub-Saharan Africa,Lower middle income
Togo,TGO,Mobile cellular subscriptions (per 100 people),IT.CEL.SETS.P2,2021,70.4496733018494,Sub-Saharan Africa,Lower middle income
Togo,TGO,Mobile cellular subscriptions (per 100 people),IT.CEL.SETS.P2,2022,72.2147547047011,Sub-Saharan Africa,Lower middle income
Togo,TGO,Mobile cellular subscriptions (per 100 people),IT.CEL.SETS.P2,2023,75.7906769713952,Sub-Saharan Africa,Lower middle income
Togo,TGO,Mobile cellular subscriptions (per 100 people),IT.CEL.SETS.P2,2024,80.8035554767112,Sub-Saharan Africa,Lower middle income
Togo,TGO,Fixed broadband subscriptions (per 100 people),IT.NET.BBND.P2,2007,0.0194074537549949,Sub-Saharan Africa,Lower middle income
Togo,TGO,Fixed broadband subscriptions (per 100 people),IT.NET.BBND.P2,2008,0.0300055960201055,Sub-Saharan Africa,Lower middle income
Togo,TGO,Fixed broadband subscriptions (per 100 people),IT.NET.BBND.P2,2009,0.0635849487130764,Sub-Saharan Africa,Lower middle income
Togo,TGO,Fixed broadband subscriptions (per 100 people),IT.NET.BBND.P2,2010,0.404376324713075,Sub-Saharan Africa,Lower middle income
Togo,TGO,Fixed broadband subscriptions (per 100 people),IT.NET.BBND.P2,2011,0.492143829355825,Sub-Saharan Africa,Lower middle income
Togo,TGO,Fixed broadband subscriptions (per 100 people),IT.NET.BBND.P2,2012,0.584347876051159,Sub-Saharan Africa,Lower middle income
Togo,TGO,Fixed broadband subscriptions (per 100 people),IT.NET.BBND.P2,2013,0.0949153119330303,Sub-Saharan Africa,Lower middle income
Togo,TGO,Fixed broadband subscriptions (per 100 people),IT.NET.BBND.P2,2014,0.168753220162062,Sub-Saharan Africa,Lower middle income
Togo,TGO,Fixed broadband subscriptions (per 100 people),IT.NET.BBND.P2,2015,0.862199121906724,Sub-Saharan Africa,Lower middle income
Togo,TGO,Fixed broadband subscriptions (per 100 people),IT.NET.BBND.P2,2016,0.620529481672155,Sub-Saharan Africa,Lower middle income
Togo,TGO,Fixed broadband subscriptions (per 100 people),IT.NET.BBND.P2,2017,0.627393839501362,Sub-Saharan Africa,Lower middle income
Togo,TGO,Fixed broadband subscriptions (per 100 people),IT.NET.BBND.P2,2018,0.316705449644003,Sub-Saharan Africa,Lower middle income
Togo,TGO,Fixed broadband subscriptions (per 100 people),IT.NET.BBND.P2,2019,0.376920048379618,Sub-Saharan Africa,Lower middle income
Togo,TGO,Fixed broadband subscriptions (per 100 people),IT.NET.BBND.P2,2020,0.607931974735055,Sub-Saharan Africa,Lower middle income
Togo,TGO,Fixed broadband subscriptions (per 100 people),IT.NET.BBND.P2,2021,0.749325974933037,Sub-Saharan Africa,Lower middle income
Togo,TGO,Fixed broadband subscriptions (per 100 people),IT.NET.BBND.P2,2022,1.03723561669214,Sub-Saharan Africa,Lower middle income
Togo,TGO,Fixed broadband subscriptions (per 100 people),IT.NET.BBND.P2,2023,1.22815843837127,Sub-Saharan Africa,Lower middle income
Togo,TGO,Fixed broadband subscriptions (per 100 people),IT.NET.BBND.P2,2024,1.41538265577438,Sub-Saharan Africa,Lower middle income
Togo,TGO,Secure Internet servers (per 1 million people),IT.NET.SECR.P6,2010,0.1580830720220152,Sub-Saharan Africa,Lower middle income
Togo,TGO,Secure Internet servers (per 1 million people),IT.NET.SECR.P6,2011,0.30766475986304,Sub-Saharan Africa,Lower middle income
Togo,TGO,Secure Internet servers (per 1 million people),IT.NET.SECR.P6,2012,0.45087573594192,Sub-Saharan Africa,Lower middle income
Togo,TGO,Secure Internet servers (per 1 million people),IT.NET.SECR.P6,2013,0.8825024474734544,Sub-Saharan Africa,Lower middle income
Togo,TGO,Secure Internet servers (per 1 million people),IT.NET.SECR.P6,2014,2.594540740343552,Sub-Saharan Africa,Lower middle income
Togo,TGO,Secure Internet servers (per 1 million people),IT.NET.SECR.P6,2015,3.111078806171588,Sub-Saharan Africa,Lower middle income
Togo,TGO,Secure Internet servers (per 1 million people),IT.NET.SECR.P6,2016,3.610667801342169,Sub-Saharan Africa,Lower middle income
Togo,TGO,Secure Internet servers (per 1 million people),IT.NET.SECR.P6,2017,4.778557547349362,Sub-Saharan Africa,Lower middle income
Togo,TGO,Secure Internet servers (per 1 million people),IT.NET.SECR.P6,2018,8.178910585199711,Sub-Saharan Africa,Lower middle income
Togo,TGO,Secure Internet servers (per 1 million people),IT.NET.SECR.P6,2019,20.866347109715647,Sub-Saharan Africa,Lower middle income
Togo,TGO,Secure Internet servers (per 1 million people),IT.NET.SECR.P6,2020,28.119989923028267,Sub-Saharan Africa,Lower middle income
Togo,TGO,Secure Internet servers (per 1 million people),IT.NET.SECR.P6,2021,28.0991752199044,Sub-Saharan Africa,Lower middle income
Togo,TGO,Secure Internet servers (per 1 million people),IT.NET.SECR.P6,2022,90.84581544096284,Sub-Saharan Africa,Lower middle income
Togo,TGO,Secure Internet servers (per 1 million people),IT.NET.SECR.P6,2023,103.47951385300073,Sub-Saharan Africa,Lower middle income
Togo,TGO,Secure Internet servers (per 1 million people),IT.NET.SECR.P6,2024,101.94422021474186,Sub-Saharan Africa,Lower middle income
Togo,TGO,Individuals using the Internet (% of population),IT.NET.USER.ZS,2000,0.8,Sub-Saharan Africa,Lower middle income
Togo,TGO,Individuals using the Internet (% of population),IT.NET.USER.ZS,2001,0.9,Sub-Saharan Africa,Lower middle income
Togo,TGO,Individuals using the Internet (% of population),IT.NET.USER.ZS,2002,1.0,Sub-Saharan Africa,Lower middle income
Togo,TGO,Individuals using the Internet (% of population),IT.NET.USER.ZS,2003,1.2,Sub-Saharan Africa,Lower middle income
Togo,TGO,Individuals using the Internet (% of population),IT.NET.USER.ZS,2004,1.5,Sub-Saharan Africa,Lower middle income
Togo,TGO,Individuals using the Internet (% of population),IT.NET.USER.ZS,2005,1.799999952,Sub-Saharan Africa,Lower middle income
Togo,TGO,Individuals using the Internet (% of population),IT.NET.USER.ZS,2006,2.0,Sub-Saharan Africa,Lower middle income
Togo,TGO,Individuals using the Internet (% of population),IT.NET.USER.ZS,2007,2.200000048,Sub-Saharan Africa,Lower middle income
Togo,TGO,Individuals using the Internet (% of population),IT.NET.USER.ZS,2008,2.400000095,Sub-Saharan Africa,Lower middle income
Togo,TGO,Individuals using the Internet (% of population),IT.NET.USER.ZS,2009,2.599999905,Sub-Saharan Africa,Lower middle income
Togo,TGO,Individuals using the Internet (% of population),IT.NET.USER.ZS,2010,3.0,Sub-Saharan Africa,Lower middle income
Togo,TGO,Individuals using the Internet (% of population),IT.NET.USER.ZS,2011,3.5,Sub-Saharan Africa,Lower middle income
Togo,TGO,Individuals using the Internet (% of population),IT.NET.USER.ZS,2012,4.0,Sub-Saharan Africa,Lower middle income
Togo,TGO,Individuals using the Internet (% of population),IT.NET.USER.ZS,2013,4.5,Sub-Saharan Africa,Lower middle income
Togo,TGO,Individuals using the Internet (% of population),IT.NET.USER.ZS,2014,5.699999809,Sub-Saharan Africa,Lower middle income
Togo,TGO,Individuals using the Internet (% of population),IT.NET.USER.ZS,2015,7.119999886,Sub-Saharan Africa,Lower middle income
Togo,TGO,Individuals using the Internet (% of population),IT.NET.USER.ZS,2016,11.31000042,Sub-Saharan Africa,Lower middle income
Togo,TGO,Individuals using the Internet (% of population),IT.NET.USER.ZS,2017,12.3602249692905,Sub-Saharan Africa,Lower middle income
Togo,TGO,Individuals using the Internet (% of population),IT.NET.USER.ZS,2018,15.5,Sub-Saharan Africa,Lower middle income
Togo,TGO,Individuals using the Internet (% of population),IT.NET.USER.ZS,2019,20.72730064,Sub-Saharan Africa,Lower middle income
Togo,TGO,Individuals using the Internet (% of population),IT.NET.USER.ZS,2020,29.02370071,Sub-Saharan Africa,Lower middle income
Togo,TGO,Individuals using the Internet (% of population),IT.NET.USER.ZS,2021,30.33839989,Sub-Saharan Africa,Lower middle income
Togo,TGO,Individuals using the Internet (% of population),IT.NET.USER.ZS,2022,35.60749817,Sub-Saharan Africa,Lower middle income
Togo,TGO,Individuals using the Internet (% of population),IT.NET.USER.ZS,2023,37.57020187,Sub-Saharan Africa,Lower middle income
Togo,TGO,Individuals using the Internet (% of population),IT.NET.USER.ZS,2024,39.48320007,Sub-Saharan Africa,Lower middle income
Uganda,UGA,Mobile cellular subscriptions (per 100 people),IT.CEL.SETS.P2,2000,0.528800861661281,Sub-Saharan Africa,Low income
Uganda,UGA,Mobile cellular subscriptions (per 100 people),IT.CEL.SETS.P2,2001,1.14573552163214,Sub-Saharan Africa,Low income
Uganda,UGA,Mobile cellular subscriptions (per 100 people),IT.CEL.SETS.P2,2002,1.54040654262525,Sub-Saharan Africa,Low income
Uganda,UGA,Mobile cellular subscriptions (per 100 people),IT.CEL.SETS.P2,2003,2.94537548472374,Sub-Saharan Africa,Low income
Uganda,UGA,Mobile cellular subscriptions (per 100 people),IT.CEL.SETS.P2,2004,4.29039148738249,Sub-Saharan Africa,Low income
Uganda,UGA,Mobile cellular subscriptions (per 100 people),IT.CEL.SETS.P2,2005,4.70366701141629,Sub-Saharan Africa,Low income
Uganda,UGA,Mobile cellular subscriptions (per 100 people),IT.CEL.SETS.P2,2006,6.97651521394924,Sub-Saharan Africa,Low income
Uganda,UGA,Mobile cellular subscriptions (per 100 people),IT.CEL.SETS.P2,2007,14.147698933985,Sub-Saharan Africa,Low income
Uganda,UGA,Mobile cellular subscriptions (per 100 people),IT.CEL.SETS.P2,2008,28.0124073852685,Sub-Saharan Africa,Low income
Uganda,UGA,Mobile cellular subscriptions (per 100 people),IT.CEL.SETS.P2,2009,29.8359001233373,Sub-Saharan Africa,Low income
Uganda,UGA,Mobile cellular subscriptions (per 100 people),IT.CEL.SETS.P2,2010,39.6046507276973,Sub-Saharan Africa,Low income
Uganda,UGA,Mobile cellular subscriptions (per 100 people),IT.CEL.SETS.P2,2011,50.0591238800663,Sub-Saharan Africa,Low income
Uganda,UGA,Mobile cellular subscriptions (per 100 people),IT.CEL.SETS.P2,2012,47.6342672974029,Sub-Saharan Africa,Low income
Uganda,UGA,Mobile cellular subscriptions (per 100 people),IT.CEL.SETS.P2,2013,51.1323160552035,Sub-Saharan Africa,Low income
Uganda,UGA,Mobile cellular subscriptions (per 100 people),IT.CEL.SETS.P2,2014,55.9572451997482,Sub-Saharan Africa,Low income
Uganda,UGA,Mobile cellular subscriptions (per 100 people),IT.CEL.SETS.P2,2015,53.8755501186925,Sub-Saharan Africa,Low income
Uganda,UGA,Mobile cellular subscriptions (per 100 people),IT.CEL.SETS.P2,2016,58.8633638178484,Sub-Saharan Africa,Low income
Uganda,UGA,Mobile cellular subscriptions (per 100 people),IT.CEL.SETS.P2,2017,62.0968142578109,Sub-Saharan Africa,Low income
Uganda,UGA,Mobile cellular subscriptions (per 100 people),IT.CEL.SETS.P2,2018,58.8753608703264,Sub-Saharan Africa,Low income
Uganda,UGA,Mobile cellular subscriptions (per 100 people),IT.CEL.SETS.P2,2019,59.0598078769828,Sub-Saharan Africa,Low income
Uganda,UGA,Mobile cellular subscriptions (per 100 people),IT.CEL.SETS.P2,2020,62.2824129624858,Sub-Saharan Africa,Low income
Uganda,UGA,Mobile cellular subscriptions (per 100 people),IT.CEL.SETS.P2,2021,65.6220730009172,Sub-Saharan Africa,Low income
Uganda,UGA,Mobile cellular subscriptions (per 100 people),IT.CEL.SETS.P2,2022,70.1401117953081,Sub-Saharan Africa,Low income
Uganda,UGA,Mobile cellular subscriptions (per 100 people),IT.CEL.SETS.P2,2023,76.2966796632588,Sub-Saharan Africa,Low income
Uganda,UGA,Mobile cellular subscriptions (per 100 people),IT.CEL.SETS.P2,2024,83.165031466902,Sub-Saharan Africa,Low income
Uganda,UGA,Fixed broadband subscriptions (per 100 people),IT.NET.BBND.P2,2005,0.0030396996576475,Sub-Saharan Africa,Low income
Uganda,UGA,Fixed broadband subscriptions (per 100 people),IT.NET.BBND.P2,2006,0.0042022639228036,Sub-Saharan Africa,Low income
Uganda,UGA,Fixed broadband subscriptions (per 100 people),IT.NET.BBND.P2,2007,0.0062724615668406,Sub-Saharan Africa,Low income
Uganda,UGA,Fixed broadband subscriptions (per 100 people),IT.NET.BBND.P2,2008,0.0157107735008433,Sub-Saharan Africa,Low income
Uganda,UGA,Fixed broadband subscriptions (per 100 people),IT.NET.BBND.P2,2009,0.0190772032476649,Sub-Saharan Africa,Low income
Uganda,UGA,Fixed broadband subscriptions (per 100 people),IT.NET.BBND.P2,2010,0.043222146830449,Sub-Saharan Africa,Low income
Uganda,UGA,Fixed broadband subscriptions (per 100 people),IT.NET.BBND.P2,2011,0.106474251498514,Sub-Saharan Africa,Low income
Uganda,UGA,Fixed broadband subscriptions (per 100 people),IT.NET.BBND.P2,2012,0.1118312903834,Sub-Saharan Africa,Low income
Uganda,UGA,Fixed broadband subscriptions (per 100 people),IT.NET.BBND.P2,2013,0.117440503367543,Sub-Saharan Africa,Low income
Uganda,UGA,Fixed broadband subscriptions (per 100 people),IT.NET.BBND.P2,2014,0.151661444002794,Sub-Saharan Africa,Low income
Uganda,UGA,Fixed broadband subscriptions (per 100 people),IT.NET.BBND.P2,2015,0.215083639463292,Sub-Saharan Africa,Low income
Uganda,UGA,Fixed broadband subscriptions (per 100 people),IT.NET.BBND.P2,2016,0.237414982677972,Sub-Saharan Africa,Low income
Uganda,UGA,Fixed broadband subscriptions (per 100 people),IT.NET.BBND.P2,2019,0.0752797052682096,Sub-Saharan Africa,Low income
Uganda,UGA,Fixed broadband subscriptions (per 100 people),IT.NET.BBND.P2,2020,0.077818750062982,Sub-Saharan Africa,Low income
Uganda,UGA,Fixed broadband subscriptions (per 100 people),IT.NET.BBND.P2,2021,0.0838841644026815,Sub-Saharan Africa,Low income
Uganda,UGA,Fixed broadband subscriptions (per 100 people),IT.NET.BBND.P2,2022,0.0850849430150062,Sub-Saharan Africa,Low income
Uganda,UGA,Fixed broadband subscriptions (per 100 people),IT.NET.BBND.P2,2023,0.0912969650305002,Sub-Saharan Africa,Low income
Uganda,UGA,Fixed broadband subscriptions (per 100 people),IT.NET.BBND.P2,2024,0.207613333991268,Sub-Saharan Africa,Low income
Uganda,UGA,Secure Internet servers (per 1 million people),IT.NET.SECR.P6,2010,0.2778566581957433,Sub-Saharan Africa,Low income
Uganda,UGA,Secure Internet servers (per 1 million people),IT.NET.SECR.P6,2011,0.6595803156409608,Sub-Saharan Africa,Low income
Uganda,UGA,Secure Internet servers (per 1 million people),IT.NET.SECR.P6,2012,1.6891184484992736,Sub-Saharan Africa,Low income
Uganda,UGA,Secure Internet servers (per 1 million people),IT.NET.SECR.P6,2013,1.8677284872910416,Sub-Saharan Africa,Low income
Uganda,UGA,Secure Internet servers (per 1 million people),IT.NET.SECR.P6,2014,2.2255474771235013,Sub-Saharan Africa,Low income
Uganda,UGA,Secure Internet servers (per 1 million people),IT.NET.SECR.P6,2015,3.037452913484868,Sub-Saharan Africa,Low income
Uganda,UGA,Secure Internet servers (per 1 million people),IT.NET.SECR.P6,2016,4.020706431934388,Sub-Saharan Africa,Low income
Uganda,UGA,Secure Internet servers (per 1 million people),IT.NET.SECR.P6,2017,20.907282474410728,Sub-Saharan Africa,Low income
Uganda,UGA,Secure Internet servers (per 1 million people),IT.NET.SECR.P6,2018,20.78630401976085,Sub-Saharan Africa,Low income
Uganda,UGA,Secure Internet servers (per 1 million people),IT.NET.SECR.P6,2019,22.628097999990093,Sub-Saharan Africa,Low income
Uganda,UGA,Secure Internet servers (per 1 million people),IT.NET.SECR.P6,2020,35.38238346891857,Sub-Saharan Africa,Low income
Uganda,UGA,Secure Internet servers (per 1 million people),IT.NET.SECR.P6,2021,34.41446296121643,Sub-Saharan Africa,Low income
Uganda,UGA,Secure Internet servers (per 1 million people),IT.NET.SECR.P6,2022,43.857128566210704,Sub-Saharan Africa,Low income
Uganda,UGA,Secure Internet servers (per 1 million people),IT.NET.SECR.P6,2023,51.62711632898483,Sub-Saharan Africa,Low income
Uganda,UGA,Secure Internet servers (per 1 million people),IT.NET.SECR.P6,2024,53.7637719430767,Sub-Saharan Africa,Low income
Uganda,UGA,Individuals using the Internet (% of population),IT.NET.USER.ZS,2000,0.163714063074854,Sub-Saharan Africa,Low income
Uganda,UGA,Individuals using the Internet (% of population),IT.NET.USER.ZS,2001,0.237945087191408,Sub-Saharan Africa,Low income
Uganda,UGA,Individuals using the Internet (% of population),IT.NET.USER.ZS,2002,0.384093504951945,Sub-Saharan Africa,Low income
Uganda,UGA,Individuals using the Internet (% of population),IT.NET.USER.ZS,2003,0.464849840113968,Sub-Saharan Africa,Low income
Uganda,UGA,Individuals using the Internet (% of population),IT.NET.USER.ZS,2004,0.719970679914031,Sub-Saharan Africa,Low income
Uganda,UGA,Individuals using the Internet (% of population),IT.NET.USER.ZS,2005,1.742200017,Sub-Saharan Africa,Low income
Uganda,UGA,Individuals using the Internet (% of population),IT.NET.USER.ZS,2006,2.52940011,Sub-Saharan Africa,Low income
Uganda,UGA,Individuals using the Internet (% of population),IT.NET.USER.ZS,2007,3.67196535074744,Sub-Saharan Africa,Low income
Uganda,UGA,Individuals using the Internet (% of population),IT.NET.USER.ZS,2008,3.880000114,Sub-Saharan Africa,Low income
Uganda,UGA,Individuals using the Internet (% of population),IT.NET.USER.ZS,2009,4.099999905,Sub-Saharan Africa,Low income
Uganda,UGA,Individuals using the Internet (% of population),IT.NET.USER.ZS,2010,4.300000191,Sub-Saharan Africa,Low income
Uganda,UGA,Individuals using the Internet (% of population),IT.NET.USER.ZS,2011,4.599999905,Sub-Saharan Africa,Low income
Uganda,UGA,Individuals using the Internet (% of population),IT.NET.USER.ZS,2012,4.800000191,Sub-Saharan Africa,Low income
Uganda,UGA,Individuals using the Internet (% of population),IT.NET.USER.ZS,2013,5.099999905,Sub-Saharan Africa,Low income
Uganda,UGA,Individuals using the Internet (% of population),IT.NET.USER.ZS,2014,5.400000095,Sub-Saharan Africa,Low income
Uganda,UGA,Individuals using the Internet (% of population),IT.NET.USER.ZS,2015,5.699999809,Sub-Saharan Africa,Low income
Uganda,UGA,Individuals using the Internet (% of population),IT.NET.USER.ZS,2016,5.9,Sub-Saharan Africa,Low income
Uganda,UGA,Individuals using the Internet (% of population),IT.NET.USER.ZS,2017,7.417900085,Sub-Saharan Africa,Low income
Uganda,UGA,Individuals using the Internet (% of population),IT.NET.USER.ZS,2018,9.326299667,Sub-Saharan Africa,Low income
Uganda,UGA,Individuals using the Internet (% of population),IT.NET.USER.ZS,2019,11.72579956,Sub-Saharan Africa,Low income
Uganda,UGA,Individuals using the Internet (% of population),IT.NET.USER.ZS,2020,7.4,Sub-Saharan Africa,Low income
Uganda,UGA,Individuals using the Internet (% of population),IT.NET.USER.ZS,2021,10.0,Sub-Saharan Africa,Low income
Uganda,UGA,Individuals using the Internet (% of population),IT.NET.USER.ZS,2022,9.636899948,Sub-Saharan Africa,Low income
Uganda,UGA,Individuals using the Internet (% of population),IT.NET.USER.ZS,2023,9.286999702,Sub-Saharan Africa,Low income
Uganda,UGA,Individuals using the Internet (% of population),IT.NET.USER.ZS,2024,8.949831061,Sub-Saharan Africa,Low income
Zambia,ZMB,Mobile cellular subscriptions (per 100 people),IT.CEL.SETS.P2,2000,0.986790190215631,Sub-Saharan Africa,Lower middle income
Zambia,ZMB,Mobile cellular subscriptions (per 100 people),IT.CEL.SETS.P2,2001,1.17382884665021,Sub-Saharan Africa,Lower middle income
Zambia,ZMB,Mobile cellular subscriptions (per 100 people),IT.CEL.SETS.P2,2002,1.30627973518656,Sub-Saharan Africa,Lower middle income
Zambia,ZMB,Mobile cellular subscriptions (per 100 people),IT.CEL.SETS.P2,2003,2.19418141328044,Sub-Saharan Africa,Lower middle income
Zambia,ZMB,Mobile cellular subscriptions (per 100 people),IT.CEL.SETS.P2,2004,4.095483250513,Sub-Saharan Africa,Lower middle income
Zambia,ZMB,Mobile cellular subscriptions (per 100 people),IT.CEL.SETS.P2,2005,8.10285575705197,Sub-Saharan Africa,Lower middle income
Zambia,ZMB,Mobile cellular subscriptions (per 100 people),IT.CEL.SETS.P2,2006,13.7130197625584,Sub-Saharan Africa,Lower middle income
Zambia,ZMB,Mobile cellular subscriptions (per 100 people),IT.CEL.SETS.P2,2007,21.0028503587521,Sub-Saharan Africa,Lower middle income
Zambia,ZMB,Mobile cellular subscriptions (per 100 people),IT.CEL.SETS.P2,2008,27.1785188664379,Sub-Saharan Africa,Lower middle income
Zambia,ZMB,Mobile cellular subscriptions (per 100 people),IT.CEL.SETS.P2,2009,32.6653441943001,Sub-Saharan Africa,Lower middle income
Zambia,ZMB,Mobile cellular subscriptions (per 100 people),IT.CEL.SETS.P2,2010,39.0029310604332,Sub-Saharan Africa,Lower middle income
Zambia,ZMB,Mobile cellular subscriptions (per 100 people),IT.CEL.SETS.P2,2011,56.5498570557445,Sub-Saharan Africa,Lower middle income
Zambia,ZMB,Mobile cellular subscriptions (per 100 people),IT.CEL.SETS.P2,2012,70.5708583739075,Sub-Saharan Africa,Lower middle income
Zambia,ZMB,Mobile cellular subscriptions (per 100 people),IT.CEL.SETS.P2,2013,67.5095981900639,Sub-Saharan Africa,Lower middle income
Zambia,ZMB,Mobile cellular subscriptions (per 100 people),IT.CEL.SETS.P2,2014,63.6342658198343,Sub-Saharan Africa,Lower middle income
Zambia,ZMB,Mobile cellular subscriptions (per 100 people),IT.CEL.SETS.P2,2015,70.4778478853307,Sub-Saharan Africa,Lower middle income
Zambia,ZMB,Mobile cellular subscriptions (per 100 people),IT.CEL.SETS.P2,2016,71.0460770668914,Sub-Saharan Africa,Lower middle income
Zambia,ZMB,Mobile cellular subscriptions (per 100 people),IT.CEL.SETS.P2,2017,77.0500111230113,Sub-Saharan Africa,Lower middle income
Zambia,ZMB,Mobile cellular subscriptions (per 100 people),IT.CEL.SETS.P2,2018,86.0723321005416,Sub-Saharan Africa,Lower middle income
Zambia,ZMB,Mobile cellular subscriptions (per 100 people),IT.CEL.SETS.P2,2019,93.0147820773422,Sub-Saharan Africa,Lower middle income
Zambia,ZMB,Mobile cellular subscriptions (per 100 people),IT.CEL.SETS.P2,2020,100.235122888213,Sub-Saharan Africa,Lower middle income
Zambia,ZMB,Mobile cellular subscriptions (per 100 people),IT.CEL.SETS.P2,2021,103.28257957834,Sub-Saharan Africa,Lower middle income
Zambia,ZMB,Mobile cellular subscriptions (per 100 people),IT.CEL.SETS.P2,2022,98.4372601156219,Sub-Saharan Africa,Lower middle income
Zambia,ZMB,Mobile cellular subscriptions (per 100 people),IT.CEL.SETS.P2,2023,102.06156495632,Sub-Saharan Africa,Lower middle income
Zambia,ZMB,Mobile cellular subscriptions (per 100 people),IT.CEL.SETS.P2,2024,108.704779873813,Sub-Saharan Africa,Lower middle income
Zambia,ZMB,Fixed broadband subscriptions (per 100 people),IT.NET.BBND.P2,2000,0.0002096304006406,Sub-Saharan Africa,Lower middle income
Zambia,ZMB,Fixed broadband subscriptions (per 100 people),IT.NET.BBND.P2,2001,0.0003002367512059,Sub-Saharan Africa,Lower middle income
Zambia,ZMB,Fixed broadband subscriptions (per 100 people),IT.NET.BBND.P2,2002,0.000450791039664,Sub-Saharan Africa,Lower middle income
Zambia,ZMB,Fixed broadband subscriptions (per 100 people),IT.NET.BBND.P2,2003,0.0008285083344751,Sub-Saharan Africa,Lower middle income
Zambia,ZMB,Fixed broadband subscriptions (per 100 people),IT.NET.BBND.P2,2004,0.0022049359166244,Sub-Saharan Africa,Lower middle income
Zambia,ZMB,Fixed broadband subscriptions (per 100 people),IT.NET.BBND.P2,2005,0.0021333207723406,Sub-Saharan Africa,Lower middle income
Zambia,ZMB,Fixed broadband subscriptions (per 100 people),IT.NET.BBND.P2,2006,0.0192834806031187,Sub-Saharan Africa,Lower middle income
Zambia,ZMB,Fixed broadband subscriptions (per 100 people),IT.NET.BBND.P2,2007,0.0318342454507868,Sub-Saharan Africa,Lower middle income
Zambia,ZMB,Fixed broadband subscriptions (per 100 people),IT.NET.BBND.P2,2008,0.0437973895742092,Sub-Saharan Africa,Lower middle income
Zambia,ZMB,Fixed broadband subscriptions (per 100 people),IT.NET.BBND.P2,2009,0.0793305515504408,Sub-Saharan Africa,Lower middle income
Zambia,ZMB,Fixed broadband subscriptions (per 100 people),IT.NET.BBND.P2,2010,0.0735163860556164,Sub-Saharan Africa,Lower middle income
Zambia,ZMB,Fixed broadband subscriptions (per 100 people),IT.NET.BBND.P2,2011,0.113694638710784,Sub-Saharan Africa,Lower middle income
Zambia,ZMB,Fixed broadband subscriptions (per 100 people),IT.NET.BBND.P2,2012,0.100572436125372,Sub-Saharan Africa,Lower middle income
Zambia,ZMB,Fixed broadband subscriptions (per 100 people),IT.NET.BBND.P2,2013,0.0873238692104427,Sub-Saharan Africa,Lower middle income
Zambia,ZMB,Fixed broadband subscriptions (per 100 people),IT.NET.BBND.P2,2014,0.129100933199499,Sub-Saharan Africa,Lower middle income
Zambia,ZMB,Fixed broadband subscriptions (per 100 people),IT.NET.BBND.P2,2015,0.142629874135082,Sub-Saharan Africa,Lower middle income
Zambia,ZMB,Fixed broadband subscriptions (per 100 people),IT.NET.BBND.P2,2016,0.18791063697532,Sub-Saharan Africa,Lower middle income
Zambia,ZMB,Fixed broadband subscriptions (per 100 people),IT.NET.BBND.P2,2017,0.205901846878562,Sub-Saharan Africa,Lower middle income
Zambia,ZMB,Fixed broadband subscriptions (per 100 people),IT.NET.BBND.P2,2018,0.401856748651311,Sub-Saharan Africa,Lower middle income
Zambia,ZMB,Fixed broadband subscriptions (per 100 people),IT.NET.BBND.P2,2019,0.48013272665923,Sub-Saharan Africa,Lower middle income
Zambia,ZMB,Fixed broadband subscriptions (per 100 people),IT.NET.BBND.P2,2020,0.431897234933218,Sub-Saharan Africa,Lower middle income
Zambia,ZMB,Fixed broadband subscriptions (per 100 people),IT.NET.BBND.P2,2021,0.411108017009319,Sub-Saharan Africa,Lower middle income
Zambia,ZMB,Fixed broadband subscriptions (per 100 people),IT.NET.BBND.P2,2022,0.428949863290405,Sub-Saharan Africa,Lower middle income
Zambia,ZMB,Fixed broadband subscriptions (per 100 people),IT.NET.BBND.P2,2023,0.681389878819039,Sub-Saharan Africa,Lower middle income
Zambia,ZMB,Fixed broadband subscriptions (per 100 people),IT.NET.BBND.P2,2024,0.789797548725881,Sub-Saharan Africa,Lower middle income
Zambia,ZMB,Secure Internet servers (per 1 million people),IT.NET.SECR.P6,2010,0.3580227235590552,Sub-Saharan Africa,Lower middle income
Zambia,ZMB,Secure Internet servers (per 1 million people),IT.NET.SECR.P6,2011,0.9004144399879317,Sub-Saharan Africa,Lower middle income
Zambia,ZMB,Secure Internet servers (per 1 million people),IT.NET.SECR.P6,2012,1.8774773061606933,Sub-Saharan Africa,Lower middle income
Zambia,ZMB,Secure Internet servers (per 1 million people),IT.NET.SECR.P6,2013,2.9222682490294662,Sub-Saharan Africa,Lower middle income
Zambia,ZMB,Secure Internet servers (per 1 million people),IT.NET.SECR.P6,2014,3.9634319923826618,Sub-Saharan Africa,Lower middle income
Zambia,ZMB,Secure Internet servers (per 1 million people),IT.NET.SECR.P6,2015,5.48810973585179,Sub-Saharan Africa,Lower middle income
Zambia,ZMB,Secure Internet servers (per 1 million people),IT.NET.SECR.P6,2016,8.572565555443424,Sub-Saharan Africa,Lower middle income
Zambia,ZMB,Secure Internet servers (per 1 million people),IT.NET.SECR.P6,2017,40.93726850949355,Sub-Saharan Africa,Lower middle income
Zambia,ZMB,Secure Internet servers (per 1 million people),IT.NET.SECR.P6,2018,39.78063566562656,Sub-Saharan Africa,Lower middle income
Zambia,ZMB,Secure Internet servers (per 1 million people),IT.NET.SECR.P6,2019,35.00084450340094,Sub-Saharan Africa,Lower middle income
Zambia,ZMB,Secure Internet servers (per 1 million people),IT.NET.SECR.P6,2020,39.08833412603076,Sub-Saharan Africa,Lower middle income
Zambia,ZMB,Secure Internet servers (per 1 million people),IT.NET.SECR.P6,2021,44.328576878734616,Sub-Saharan Africa,Lower middle income
Zambia,ZMB,Secure Internet servers (per 1 million people),IT.NET.SECR.P6,2022,49.81903879225947,Sub-Saharan Africa,Lower middle income
Zambia,ZMB,Secure Internet servers (per 1 million people),IT.NET.SECR.P6,2023,54.960525169773256,Sub-Saharan Africa,Lower middle income
Zambia,ZMB,Secure Internet servers (per 1 million people),IT.NET.SECR.P6,2024,80.50685162099326,Sub-Saharan Africa,Lower middle income
Zambia,ZMB,Individuals using the Internet (% of population),IT.NET.USER.ZS,2000,0.191071642503428,Sub-Saharan Africa,Lower middle income
Zambia,ZMB,Individuals using the Internet (% of population),IT.NET.USER.ZS,2001,0.233129556342332,Sub-Saharan Africa,Lower middle income
Zambia,ZMB,Individuals using the Internet (% of population),IT.NET.USER.ZS,2002,0.477750906947484,Sub-Saharan Africa,Lower middle income
Zambia,ZMB,Individuals using the Internet (% of population),IT.NET.USER.ZS,2003,0.980483039426114,Sub-Saharan Africa,Lower middle income
Zambia,ZMB,Individuals using the Internet (% of population),IT.NET.USER.ZS,2004,1.1,Sub-Saharan Africa,Lower middle income
Zambia,ZMB,Individuals using the Internet (% of population),IT.NET.USER.ZS,2005,1.299999952,Sub-Saharan Africa,Lower middle income
Zambia,ZMB,Individuals using the Internet (% of population),IT.NET.USER.ZS,2006,1.600000024,Sub-Saharan Africa,Lower middle income
Zambia,ZMB,Individuals using the Internet (% of population),IT.NET.USER.ZS,2007,1.899999976,Sub-Saharan Africa,Lower middle income
Zambia,ZMB,Individuals using the Internet (% of population),IT.NET.USER.ZS,2008,2.200000048,Sub-Saharan Africa,Lower middle income
Zambia,ZMB,Individuals using the Internet (% of population),IT.NET.USER.ZS,2009,2.5,Sub-Saharan Africa,Lower middle income
Zambia,ZMB,Individuals using the Internet (% of population),IT.NET.USER.ZS,2010,3.0,Sub-Saharan Africa,Lower middle income
Zambia,ZMB,Individuals using the Internet (% of population),IT.NET.USER.ZS,2011,3.5,Sub-Saharan Africa,Lower middle income
Zambia,ZMB,Individuals using the Internet (% of population),IT.NET.USER.ZS,2012,4.099999905,Sub-Saharan Africa,Lower middle income
Zambia,ZMB,Individuals using the Internet (% of population),IT.NET.USER.ZS,2013,4.8,Sub-Saharan Africa,Lower middle income
Zambia,ZMB,Individuals using the Internet (% of population),IT.NET.USER.ZS,2014,6.5,Sub-Saharan Africa,Lower middle income
Zambia,ZMB,Individuals using the Internet (% of population),IT.NET.USER.ZS,2015,8.8,Sub-Saharan Africa,Lower middle income
Zambia,ZMB,Individuals using the Internet (% of population),IT.NET.USER.ZS,2016,10.30000019,Sub-Saharan Africa,Lower middle income
Zambia,ZMB,Individuals using the Internet (% of population),IT.NET.USER.ZS,2017,12.19999981,Sub-Saharan Africa,Lower middle income
Zambia,ZMB,Individuals using the Internet (% of population),IT.NET.USER.ZS,2018,14.2999970950012,Sub-Saharan Africa,Lower middle income
Zambia,ZMB,Individuals using the Internet (% of population),IT.NET.USER.ZS,2019,14.47189999,Sub-Saharan Africa,Lower middle income
Zambia,ZMB,Individuals using the Internet (% of population),IT.NET.USER.ZS,2020,14.64579964,Sub-Saharan Africa,Lower middle income
Zambia,ZMB,Individuals using the Internet (% of population),IT.NET.USER.ZS,2021,14.82190037,Sub-Saharan Africa,Lower middle income
Zambia,ZMB,Individuals using the Internet (% of population),IT.NET.USER.ZS,2022,15.0,Sub-Saharan Africa,Lower middle income
Zambia,ZMB,Individuals using the Internet (% of population),IT.NET.USER.ZS,2023,16.45070076,Sub-Saharan Africa,Lower middle income
Zambia,ZMB,Individuals using the Internet (% of population),IT.NET.USER.ZS,2024,17.10099983,Sub-Saharan Africa,Lower middle income
Zimbabwe,ZWE,Mobile cellular subscriptions (per 100 people),IT.CEL.SETS.P2,2000,2.24049586047155,Sub-Saharan Africa,Lower middle income
Zimbabwe,ZWE,Mobile cellular subscriptions (per 100 people),IT.CEL.SETS.P2,2001,2.62282489639699,Sub-Saharan Africa,Lower middle income
Zimbabwe,ZWE,Mobile cellular subscriptions (per 100 people),IT.CEL.SETS.P2,2002,2.80268634448722,Sub-Saharan Africa,Lower middle income
Zimbabwe,ZWE,Mobile cellular subscriptions (per 100 people),IT.CEL.SETS.P2,2003,2.97286950320066,Sub-Saharan Africa,Lower middle income
Zimbabwe,ZWE,Mobile cellular subscriptions (per 100 people),IT.CEL.SETS.P2,2004,3.44289649532877,Sub-Saharan Africa,Lower middle income
Zimbabwe,ZWE,Mobile cellular subscriptions (per 100 people),IT.CEL.SETS.P2,2005,5.18375075059487,Sub-Saharan Africa,Lower middle income
Zimbabwe,ZWE,Mobile cellular subscriptions (per 100 people),IT.CEL.SETS.P2,2006,6.71981716376718,Sub-Saharan Africa,Lower middle income
Zimbabwe,ZWE,Mobile cellular subscriptions (per 100 people),IT.CEL.SETS.P2,2007,9.57238712914296,Sub-Saharan Africa,Lower middle income
Zimbabwe,ZWE,Mobile cellular subscriptions (per 100 people),IT.CEL.SETS.P2,2008,12.7687473922863,Sub-Saharan Africa,Lower middle income
Zimbabwe,ZWE,Mobile cellular subscriptions (per 100 people),IT.CEL.SETS.P2,2009,30.3664594808256,Sub-Saharan Africa,Lower middle income
Zimbabwe,ZWE,Mobile cellular subscriptions (per 100 people),IT.CEL.SETS.P2,2010,57.6496262357609,Sub-Saharan Africa,Lower middle income
Zimbabwe,ZWE,Mobile cellular subscriptions (per 100 people),IT.CEL.SETS.P2,2011,67.6698277302716,Sub-Saharan Africa,Lower middle income
Zimbabwe,ZWE,Mobile cellular subscriptions (per 100 people),IT.CEL.SETS.P2,2012,91.2870035773198,Sub-Saharan Africa,Lower middle income
Zimbabwe,ZWE,Mobile cellular subscriptions (per 100 people),IT.CEL.SETS.P2,2013,97.2838146490947,Sub-Saharan Africa,Lower middle income
Zimbabwe,ZWE,Mobile cellular subscriptions (per 100 people),IT.CEL.SETS.P2,2014,83.0460608477621,Sub-Saharan Africa,Lower middle income
Zimbabwe,ZWE,Mobile cellular subscriptions (per 100 people),IT.CEL.SETS.P2,2015,88.5991977366782,Sub-Saharan Africa,Lower middle income
Zimbabwe,ZWE,Mobile cellular subscriptions (per 100 people),IT.CEL.SETS.P2,2016,88.2100456333277,Sub-Saharan Africa,Lower middle income
Zimbabwe,ZWE,Mobile cellular subscriptions (per 100 people),IT.CEL.SETS.P2,2017,95.136682697741,Sub-Saharan Africa,Lower middle income
Zimbabwe,ZWE,Mobile cellular subscriptions (per 100 people),IT.CEL.SETS.P2,2018,85.8627371320218,Sub-Saharan Africa,Lower middle income
Zimbabwe,ZWE,Mobile cellular subscriptions (per 100 people),IT.CEL.SETS.P2,2019,86.4094297249598,Sub-Saharan Africa,Lower middle income
Zimbabwe,ZWE,Mobile cellular subscriptions (per 100 people),IT.CEL.SETS.P2,2020,84.9604118996672,Sub-Saharan Africa,Lower middle income
Zimbabwe,ZWE,Mobile cellular subscriptions (per 100 people),IT.CEL.SETS.P2,2021,90.2538486226365,Sub-Saharan Africa,Lower middle income
Zimbabwe,ZWE,Mobile cellular subscriptions (per 100 people),IT.CEL.SETS.P2,2022,88.9958314912836,Sub-Saharan Africa,Lower middle income
Zimbabwe,ZWE,Mobile cellular subscriptions (per 100 people),IT.CEL.SETS.P2,2023,91.6344110473757,Sub-Saharan Africa,Lower middle income
Zimbabwe,ZWE,Mobile cellular subscriptions (per 100 people),IT.CEL.SETS.P2,2024,94.2451753366358,Sub-Saharan Africa,Lower middle income
Zimbabwe,ZWE,Fixed broadband subscriptions (per 100 people),IT.NET.BBND.P2,2001,0.0064400799839557,Sub-Saharan Africa,Lower middle income
Zimbabwe,ZWE,Fixed broadband subscriptions (per 100 people),IT.NET.BBND.P2,2002,0.023552959371021,Sub-Saharan Africa,Lower middle income
Zimbabwe,ZWE,Fixed broadband subscriptions (per 100 people),IT.NET.BBND.P2,2003,0.0522059464911121,Sub-Saharan Africa,Lower middle income
Zimbabwe,ZWE,Fixed broadband subscriptions (per 100 people),IT.NET.BBND.P2,2004,0.0725139528910804,Sub-Saharan Africa,Lower middle income
Zimbabwe,ZWE,Fixed broadband subscriptions (per 100 people),IT.NET.BBND.P2,2005,0.0815881401845262,Sub-Saharan Africa,Lower middle income
Zimbabwe,ZWE,Fixed broadband subscriptions (per 100 people),IT.NET.BBND.P2,2006,0.0807189047235991,Sub-Saharan Africa,Lower middle income
Zimbabwe,ZWE,Fixed broadband subscriptions (per 100 people),IT.NET.BBND.P2,2007,0.118790464710485,Sub-Saharan Africa,Lower middle income
Zimbabwe,ZWE,Fixed broadband subscriptions (per 100 people),IT.NET.BBND.P2,2008,0.138898009429477,Sub-Saharan Africa,Lower middle income
Zimbabwe,ZWE,Fixed broadband subscriptions (per 100 people),IT.NET.BBND.P2,2009,0.358599658063471,Sub-Saharan Africa,Lower middle income
Zimbabwe,ZWE,Fixed broadband subscriptions (per 100 people),IT.NET.BBND.P2,2010,0.24706982672469,Sub-Saharan Africa,Lower middle income
Zimbabwe,ZWE,Fixed broadband subscriptions (per 100 people),IT.NET.BBND.P2,2011,0.250084145959699,Sub-Saharan Africa,Lower middle income
Zimbabwe,ZWE,Fixed broadband subscriptions (per 100 people),IT.NET.BBND.P2,2012,0.520376234079784,Sub-Saharan Africa,Lower middle income
Zimbabwe,ZWE,Fixed broadband subscriptions (per 100 people),IT.NET.BBND.P2,2013,0.741525786567077,Sub-Saharan Africa,Lower middle income
Zimbabwe,ZWE,Fixed broadband subscriptions (per 100 people),IT.NET.BBND.P2,2014,1.0715151211425,Sub-Saharan Africa,Lower middle income
Zimbabwe,ZWE,Fixed broadband subscriptions (per 100 people),IT.NET.BBND.P2,2015,1.13887667161631,Sub-Saharan Africa,Lower middle income
Zimbabwe,ZWE,Fixed broadband subscriptions (per 100 people),IT.NET.BBND.P2,2016,1.17009972538909,Sub-Saharan Africa,Lower middle income
Zimbabwe,ZWE,Fixed broadband subscriptions (per 100 people),IT.NET.BBND.P2,2017,1.26454162104636,Sub-Saharan Africa,Lower middle income
Zimbabwe,ZWE,Fixed broadband subscriptions (per 100 people),IT.NET.BBND.P2,2018,1.35060459802592,Sub-Saharan Africa,Lower middle income
Zimbabwe,ZWE,Fixed broadband subscriptions (per 100 people),IT.NET.BBND.P2,2019,1.33860961244598,Sub-Saharan Africa,Lower middle income
Zimbabwe,ZWE,Fixed broadband subscriptions (per 100 people),IT.NET.BBND.P2,2020,1.31037848666133,Sub-Saharan Africa,Lower middle income
Zimbabwe,ZWE,Fixed broadband subscriptions (per 100 people),IT.NET.BBND.P2,2021,1.29980547197891,Sub-Saharan Africa,Lower middle income
Zimbabwe,ZWE,Fixed broadband subscriptions (per 100 people),IT.NET.BBND.P2,2022,1.62150159909829,Sub-Saharan Africa,Lower middle income
Zimbabwe,ZWE,Fixed broadband subscriptions (per 100 people),IT.NET.BBND.P2,2023,1.5745780720211,Sub-Saharan Africa,Lower middle income
Zimbabwe,ZWE,Fixed broadband subscriptions (per 100 people),IT.NET.BBND.P2,2024,1.93865437549104,Sub-Saharan Africa,Lower middle income
Zimbabwe,ZWE,Secure Internet servers (per 1 million people),IT.NET.SECR.P6,2010,0.449217866772163,Sub-Saharan Africa,Lower middle income
Zimbabwe,ZWE,Secure Internet servers (per 1 million people),IT.NET.SECR.P6,2011,0.8826499269165861,Sub-Saharan Africa,Lower middle income
Zimbabwe,ZWE,Secure Internet servers (per 1 million people),IT.NET.SECR.P6,2012,3.401388359884547,Sub-Saharan Africa,Lower middle income
Zimbabwe,ZWE,Secure Internet servers (per 1 million people),IT.NET.SECR.P6,2013,4.566924279253718,Sub-Saharan Africa,Lower middle income
Zimbabwe,ZWE,Secure Internet servers (per 1 million people),IT.NET.SECR.P6,2014,7.601694305042901,Sub-Saharan Africa,Lower middle income
Zimbabwe,ZWE,Secure Internet servers (per 1 million people),IT.NET.SECR.P6,2015,11.250771146605674,Sub-Saharan Africa,Lower middle income
Zimbabwe,ZWE,Secure Internet servers (per 1 million people),IT.NET.SECR.P6,2016,13.287403664611135,Sub-Saharan Africa,Lower middle income
Zimbabwe,ZWE,Secure Internet servers (per 1 million people),IT.NET.SECR.P6,2017,29.367124294227,Sub-Saharan Africa,Lower middle income
Zimbabwe,ZWE,Secure Internet servers (per 1 million people),IT.NET.SECR.P6,2018,44.76385304898376,Sub-Saharan Africa,Lower middle income
Zimbabwe,ZWE,Secure Internet servers (per 1 million people),IT.NET.SECR.P6,2019,64.89268021044349,Sub-Saharan Africa,Lower middle income
Zimbabwe,ZWE,Secure Internet servers (per 1 million people),IT.NET.SECR.P6,2020,71.2956775369282,Sub-Saharan Africa,Lower middle income
Zimbabwe,ZWE,Secure Internet servers (per 1 million people),IT.NET.SECR.P6,2021,75.8994784522077,Sub-Saharan Africa,Lower middle income
Zimbabwe,ZWE,Secure Internet servers (per 1 million people),IT.NET.SECR.P6,2022,78.1004185933511,Sub-Saharan Africa,Lower middle income
Zimbabwe,ZWE,Secure Internet servers (per 1 million people),IT.NET.SECR.P6,2023,89.34679051029379,Sub-Saharan Africa,Lower middle income
Zimbabwe,ZWE,Secure Internet servers (per 1 million people),IT.NET.SECR.P6,2024,89.99437490069509,Sub-Saharan Africa,Lower middle income
Zimbabwe,ZWE,Individuals using the Internet (% of population),IT.NET.USER.ZS,2000,0.401433535211582,Sub-Saharan Africa,Lower middle income
Zimbabwe,ZWE,Individuals using the Internet (% of population),IT.NET.USER.ZS,2001,0.799846045633137,Sub-Saharan Africa,Lower middle income
Zimbabwe,ZWE,Individuals using the Internet (% of population),IT.NET.USER.ZS,2002,1.1,Sub-Saharan Africa,Lower middle income
Zimbabwe,ZWE,Individuals using the Internet (% of population),IT.NET.USER.ZS,2003,1.8,Sub-Saharan Africa,Lower middle income
Zimbabwe,ZWE,Individuals using the Internet (% of population),IT.NET.USER.ZS,2004,2.1,Sub-Saharan Africa,Lower middle income
Zimbabwe,ZWE,Individuals using the Internet (% of population),IT.NET.USER.ZS,2005,2.400000095,Sub-Saharan Africa,Lower middle income
Zimbabwe,ZWE,Individuals using the Internet (% of population),IT.NET.USER.ZS,2006,2.400000095,Sub-Saharan Africa,Lower middle income
Zimbabwe,ZWE,Individuals using the Internet (% of population),IT.NET.USER.ZS,2007,3.0,Sub-Saharan Africa,Lower middle income
Zimbabwe,ZWE,Individuals using the Internet (% of population),IT.NET.USER.ZS,2008,3.5,Sub-Saharan Africa,Lower middle income
Zimbabwe,ZWE,Individuals using the Internet (% of population),IT.NET.USER.ZS,2009,4.0,Sub-Saharan Africa,Lower middle income
Zimbabwe,ZWE,Individuals using the Internet (% of population),IT.NET.USER.ZS,2010,6.400000095,Sub-Saharan Africa,Lower middle income
Zimbabwe,ZWE,Individuals using the Internet (% of population),IT.NET.USER.ZS,2011,8.399999619,Sub-Saharan Africa,Lower middle income
Zimbabwe,ZWE,Individuals using the Internet (% of population),IT.NET.USER.ZS,2012,12.0,Sub-Saharan Africa,Lower middle income
Zimbabwe,ZWE,Individuals using the Internet (% of population),IT.NET.USER.ZS,2013,15.5,Sub-Saharan Africa,Lower middle income
Zimbabwe,ZWE,Individuals using the Internet (% of population),IT.NET.USER.ZS,2014,16.3647399572904,Sub-Saharan Africa,Lower middle income
Zimbabwe,ZWE,Individuals using the Internet (% of population),IT.NET.USER.ZS,2015,22.74279976,Sub-Saharan Africa,Lower middle income
Zimbabwe,ZWE,Individuals using the Internet (% of population),IT.NET.USER.ZS,2016,23.12000084,Sub-Saharan Africa,Lower middle income
Zimbabwe,ZWE,Individuals using the Internet (% of population),IT.NET.USER.ZS,2017,24.39999962,Sub-Saharan Africa,Lower middle income
Zimbabwe,ZWE,Individuals using the Internet (% of population),IT.NET.USER.ZS,2018,25.0,Sub-Saharan Africa,Lower middle income
Zimbabwe,ZWE,Individuals using the Internet (% of population),IT.NET.USER.ZS,2019,26.5883007,Sub-Saharan Africa,Lower middle income
Zimbabwe,ZWE,Individuals using the Internet (% of population),IT.NET.USER.ZS,2020,29.29856532,Sub-Saharan Africa,Lower middle income
Zimbabwe,ZWE,Individuals using the Internet (% of population),IT.NET.USER.ZS,2021,32.5923996,Sub-Saharan Africa,Lower middle income
Zimbabwe,ZWE,Individuals using the Internet (% of population),IT.NET.USER.ZS,2022,36.25650024,Sub-Saharan Africa,Lower middle income
Zimbabwe,ZWE,Individuals using the Internet (% of population),IT.NET.USER.ZS,2023,38.67480087,Sub-Saharan Africa,Lower middle income
Zimbabwe,ZWE,Individuals using the Internet (% of population),IT.NET.USER.ZS,2024,41.64279938,Sub-Saharan Africa,Lower middle income
